ISO-10303-21;
HEADER;
/* Generated by software containing ST-Developer
 * from STEP Tools, Inc. (www.steptools.com) 
 */
/* OPTION: using custom renumber hook */

FILE_DESCRIPTION(
/* description */ ('STEP AP242',
'CAx-IF Rec.Pracs.---Representation and Presentation of Product Manufa
cturing Information (PMI)---4.0---2014-10-13',
'CAx-IF Rec.Pracs.---3D Tessellated Geometry---0.4---2014-09-14','2;1'),

/* implementation_level */ '2;1');

FILE_NAME(
/* name */ '688e4434c5ae8f34fd4f4d1c',
/* time_stamp */ '2025-08-02T17:00:38Z',
/* author */ (''),
/* organization */ (''),
/* preprocessor_version */ 'ST-DEVELOPER v20',
/* originating_system */ 'ONSHAPE BY PTC INC, 1.201',
/* authorisation */ '  ');

FILE_SCHEMA (('AP242_MANAGED_MODEL_BASED_3D_ENGINEERING_MIM_LF { 1 0 10303 442 1 1 4 }'));
ENDSEC;

DATA;
#10=SHAPE_REPRESENTATION_RELATIONSHIP('','',#7998,#11);
#11=ADVANCED_BREP_SHAPE_REPRESENTATION('',(#7996),#13976);
#12=CONICAL_SURFACE('',#8107,0.004,0.785398163397449);
#13=CONICAL_SURFACE('',#8108,0.004,0.785398163397449);
#14=CONICAL_SURFACE('',#8109,0.004,0.785398163397449);
#15=CONICAL_SURFACE('',#8110,0.004,0.785398163397448);
#16=CONICAL_SURFACE('',#8111,0.004,0.785398163397449);
#17=CONICAL_SURFACE('',#8112,0.004,0.785398163397449);
#18=CONICAL_SURFACE('',#8113,0.002,0.785398163397449);
#19=CONICAL_SURFACE('',#8114,0.002,0.785398163397449);
#20=CONICAL_SURFACE('',#8115,0.002,0.785398163397449);
#21=CONICAL_SURFACE('',#8116,0.002,0.785398163397449);
#22=CONICAL_SURFACE('',#8117,0.002,0.785398163397449);
#23=CONICAL_SURFACE('',#8118,0.002,0.785398163397449);
#24=(
BOUNDED_SURFACE()
B_SPLINE_SURFACE(2,3,((#11268,#11269,#11270,#11271,#11272,#11273,#11274,
#11275,#11276),(#11277,#11278,#11279,#11280,#11281,#11282,#11283,#11284,
#11285),(#11286,#11287,#11288,#11289,#11290,#11291,#11292,#11293,#11294)),
 .UNSPECIFIED.,.F.,.F.,.F.)
B_SPLINE_SURFACE_WITH_KNOTS((3,3),(4,3,2,4),(0.,1.),(-0.0738492293440759,
-0.07225,-0.070875,-0.0695),.UNSPECIFIED.)
GEOMETRIC_REPRESENTATION_ITEM()
RATIONAL_B_SPLINE_SURFACE(((1.,1.,1.,1.,1.,1.,1.,1.,1.),(0.707106781186546,
0.707106781186546,0.707106781186546,0.707106781186546,0.707106781186546,
0.707106781186547,0.707106781186547,0.707106781186552,0.707106781186552),
(1.,1.,1.,1.,1.,1.,1.,1.,1.)))
REPRESENTATION_ITEM('')
SURFACE()
);
#25=(
BOUNDED_SURFACE()
B_SPLINE_SURFACE(2,3,((#11327,#11328,#11329,#11330,#11331,#11332,#11333,
#11334,#11335,#11336,#11337,#11338,#11339,#11340,#11341,#11342,#11343,#11344,
#11345,#11346,#11347,#11348,#11349,#11350,#11351,#11352,#11353,#11354,#11355,
#11356,#11357,#11358,#11359,#11360,#11361,#11362,#11363,#11364,#11365,#11366,
#11367,#11368,#11369,#11370,#11371,#11372),(#11373,#11374,#11375,#11376,
#11377,#11378,#11379,#11380,#11381,#11382,#11383,#11384,#11385,#11386,#11387,
#11388,#11389,#11390,#11391,#11392,#11393,#11394,#11395,#11396,#11397,#11398,
#11399,#11400,#11401,#11402,#11403,#11404,#11405,#11406,#11407,#11408,#11409,
#11410,#11411,#11412,#11413,#11414,#11415,#11416,#11417,#11418),(#11419,
#11420,#11421,#11422,#11423,#11424,#11425,#11426,#11427,#11428,#11429,#11430,
#11431,#11432,#11433,#11434,#11435,#11436,#11437,#11438,#11439,#11440,#11441,
#11442,#11443,#11444,#11445,#11446,#11447,#11448,#11449,#11450,#11451,#11452,
#11453,#11454,#11455,#11456,#11457,#11458,#11459,#11460,#11461,#11462,#11463,
#11464)),.UNSPECIFIED.,.F.,.F.,.F.)
B_SPLINE_SURFACE_WITH_KNOTS((3,3),(4,2,2,2,2,2,2,2,2,2,2,2,2,2,2,2,2,2,
2,2,2,2,4),(0.,1.),(0.0695,0.07075,0.072,0.072625,0.07325,0.0735625,0.073875,
0.07403125,0.0741875,0.07434375,0.074421875,0.0744609375,0.07448046875,
0.074490234375,0.0744951171875,0.07449755859375,0.074498779296875,0.0744993896484375,
0.0744996948242188,0.0744998474121094,0.0744999237060547,0.0744999618530274,
0.0745),.UNSPECIFIED.)
GEOMETRIC_REPRESENTATION_ITEM()
RATIONAL_B_SPLINE_SURFACE(((1.,1.,1.,1.,1.,1.,1.,1.,1.,1.,1.,1.,1.,1.,1.,
1.,1.,1.,1.,1.,1.,1.,1.,1.,1.,1.,1.,1.,1.,1.,1.,1.,1.,1.,1.,1.,1.,1.,1.,
1.,1.,1.,1.,1.,1.,1.),(0.707106781186548,0.707106781186548,0.707106781186544,
0.707106781186544,0.707106781186547,0.707106781186547,0.707106781186548,
0.707106781186548,0.707106781186547,0.707106781186547,0.707106781186548,
0.707106781186548,0.707106781186549,0.707106781186549,0.707106781186552,
0.707106781186552,0.707106781186549,0.707106781186549,0.707106781186546,
0.707106781186546,0.707106781186546,0.707106781186546,0.707106781186548,
0.707106781186548,0.707106781186553,0.707106781186553,0.70710678118654,
0.70710678118654,0.707106781186556,0.707106781186556,0.707106781186538,
0.707106781186538,0.707106781186552,0.707106781186552,0.707106781186548,
0.707106781186548,0.707106781186532,0.707106781186532,0.707106781186569,
0.707106781186569,0.707106781186544,0.707106781186544,0.707106781186551,
0.707106781186551,0.707106781186438,0.707106781186438),(1.,1.,1.,1.,1.,
1.,1.,1.,1.,1.,1.,1.,1.,1.,1.,1.,1.,1.,1.,1.,1.,1.,1.,1.,1.,1.,1.,1.,1.,
1.,1.,1.,1.,1.,1.,1.,1.,1.,1.,1.,1.,1.,1.,1.,1.,1.)))
REPRESENTATION_ITEM('')
SURFACE()
);
#26=(
BOUNDED_SURFACE()
B_SPLINE_SURFACE(2,3,((#11520,#11521,#11522,#11523,#11524,#11525,#11526,
#11527,#11528,#11529,#11530,#11531,#11532,#11533,#11534,#11535,#11536,#11537,
#11538,#11539,#11540,#11541,#11542,#11543,#11544,#11545,#11546,#11547,#11548,
#11549,#11550,#11551,#11552,#11553,#11554,#11555,#11556,#11557,#11558,#11559,
#11560,#11561,#11562,#11563,#11564,#11565),(#11566,#11567,#11568,#11569,
#11570,#11571,#11572,#11573,#11574,#11575,#11576,#11577,#11578,#11579,#11580,
#11581,#11582,#11583,#11584,#11585,#11586,#11587,#11588,#11589,#11590,#11591,
#11592,#11593,#11594,#11595,#11596,#11597,#11598,#11599,#11600,#11601,#11602,
#11603,#11604,#11605,#11606,#11607,#11608,#11609,#11610,#11611),(#11612,
#11613,#11614,#11615,#11616,#11617,#11618,#11619,#11620,#11621,#11622,#11623,
#11624,#11625,#11626,#11627,#11628,#11629,#11630,#11631,#11632,#11633,#11634,
#11635,#11636,#11637,#11638,#11639,#11640,#11641,#11642,#11643,#11644,#11645,
#11646,#11647,#11648,#11649,#11650,#11651,#11652,#11653,#11654,#11655,#11656,
#11657)),.UNSPECIFIED.,.F.,.F.,.F.)
B_SPLINE_SURFACE_WITH_KNOTS((3,3),(4,2,2,2,2,2,2,2,2,2,2,2,2,2,2,2,2,2,
2,2,2,2,4),(0.,1.),(0.0695,0.07075,0.072,0.072625,0.07325,0.0735625,0.073875,
0.07403125,0.0741875,0.07434375,0.074421875,0.0744609375,0.07448046875,
0.074490234375,0.0744951171875,0.07449755859375,0.074498779296875,0.0744993896484375,
0.0744996948242188,0.0744998474121094,0.0744999237060547,0.0744999618530274,
0.0745),.UNSPECIFIED.)
GEOMETRIC_REPRESENTATION_ITEM()
RATIONAL_B_SPLINE_SURFACE(((1.,1.,1.,1.,1.,1.,1.,1.,1.,1.,1.,1.,1.,1.,1.,
1.,1.,1.,1.,1.,1.,1.,1.,1.,1.,1.,1.,1.,1.,1.,1.,1.,1.,1.,1.,1.,1.,1.,1.,
1.,1.,1.,1.,1.,1.,1.),(0.707106781186548,0.707106781186548,0.707106781186552,
0.707106781186552,0.707106781186549,0.707106781186549,0.707106781186547,
0.707106781186547,0.707106781186548,0.707106781186548,0.707106781186548,
0.707106781186548,0.707106781186551,0.707106781186551,0.707106781186544,
0.707106781186544,0.707106781186545,0.707106781186545,0.707106781186544,
0.707106781186544,0.707106781186548,0.707106781186548,0.70710678118655,
0.70710678118655,0.707106781186554,0.707106781186554,0.707106781186548,
0.707106781186548,0.707106781186547,0.707106781186547,0.707106781186533,
0.707106781186533,0.707106781186552,0.707106781186552,0.707106781186561,
0.707106781186561,0.707106781186552,0.707106781186552,0.707106781186565,
0.707106781186565,0.707106781186597,0.707106781186597,0.707106781186519,
0.707106781186519,0.707106781153422,0.707106781228498),(1.,1.,1.,1.,1.,
1.,1.,1.,1.,1.,1.,1.,1.,1.,1.,1.,1.,1.,1.,1.,1.,1.,1.,1.,1.,1.,1.,1.,1.,
1.,1.,1.,1.,1.,1.,1.,1.,1.,1.,1.,1.,1.,1.,1.,1.,1.)))
REPRESENTATION_ITEM('')
SURFACE()
);
#27=(
BOUNDED_SURFACE()
B_SPLINE_SURFACE(2,3,((#11728,#11729,#11730,#11731,#11732,#11733,#11734,
#11735,#11736),(#11737,#11738,#11739,#11740,#11741,#11742,#11743,#11744,
#11745),(#11746,#11747,#11748,#11749,#11750,#11751,#11752,#11753,#11754)),
 .UNSPECIFIED.,.F.,.F.,.F.)
B_SPLINE_SURFACE_WITH_KNOTS((3,3),(4,3,2,4),(0.,1.),(-0.0738491875970489,
-0.07225,-0.070875,-0.0695),.UNSPECIFIED.)
GEOMETRIC_REPRESENTATION_ITEM()
RATIONAL_B_SPLINE_SURFACE(((1.,1.,1.,1.,1.,1.,1.,1.,1.),(0.707106781186544,
0.707106781186544,0.707106781186544,0.707106781186544,0.707106781186544,
0.707106781186547,0.707106781186547,0.707106781186552,0.707106781186552),
(1.,1.,1.,1.,1.,1.,1.,1.,1.)))
REPRESENTATION_ITEM('')
SURFACE()
);
#28=CYLINDRICAL_SURFACE('',#8021,0.00250000000000004);
#29=CYLINDRICAL_SURFACE('',#8022,0.00250000000000004);
#30=CYLINDRICAL_SURFACE('',#8029,0.00250000000000002);
#31=CYLINDRICAL_SURFACE('',#8030,0.00250000000000002);
#32=CYLINDRICAL_SURFACE('',#8031,0.00500000000000006);
#33=CYLINDRICAL_SURFACE('',#8032,0.00500000000000006);
#34=CYLINDRICAL_SURFACE('',#8033,0.00500000000000005);
#35=CYLINDRICAL_SURFACE('',#8034,0.00500000000000005);
#36=CYLINDRICAL_SURFACE('',#8040,0.0017);
#37=CYLINDRICAL_SURFACE('',#8044,0.003);
#38=CYLINDRICAL_SURFACE('',#8046,0.0017);
#39=CYLINDRICAL_SURFACE('',#8050,0.003);
#40=CYLINDRICAL_SURFACE('',#8051,0.0017);
#41=CYLINDRICAL_SURFACE('',#8055,0.003);
#42=CYLINDRICAL_SURFACE('',#8056,0.0017);
#43=CYLINDRICAL_SURFACE('',#8060,0.003);
#44=CYLINDRICAL_SURFACE('',#8077,0.003);
#45=CYLINDRICAL_SURFACE('',#8082,0.003);
#46=CYLINDRICAL_SURFACE('',#8087,0.003);
#47=CYLINDRICAL_SURFACE('',#8092,0.003);
#48=CYLINDRICAL_SURFACE('',#8097,0.003);
#49=CYLINDRICAL_SURFACE('',#8102,0.003);
#50=CYLINDRICAL_SURFACE('',#8290,0.0025);
#51=CYLINDRICAL_SURFACE('',#8293,0.0025);
#52=CYLINDRICAL_SURFACE('',#8297,0.0025);
#53=CYLINDRICAL_SURFACE('',#8302,0.0025);
#54=CYLINDRICAL_SURFACE('',#8305,0.0025);
#55=CYLINDRICAL_SURFACE('',#8311,0.0025);
#56=CYLINDRICAL_SURFACE('',#8314,0.0025);
#57=CYLINDRICAL_SURFACE('',#8318,0.0025);
#58=CYLINDRICAL_SURFACE('',#8325,0.0025);
#59=CYLINDRICAL_SURFACE('',#8328,0.0025);
#60=CYLINDRICAL_SURFACE('',#8333,0.0025);
#61=CYLINDRICAL_SURFACE('',#8336,0.0025);
#62=CYLINDRICAL_SURFACE('',#8341,0.0025);
#63=CYLINDRICAL_SURFACE('',#8344,0.0025);
#64=CYLINDRICAL_SURFACE('',#8349,0.0025);
#65=CYLINDRICAL_SURFACE('',#8352,0.0025);
#66=CYLINDRICAL_SURFACE('',#8359,0.0025);
#67=CYLINDRICAL_SURFACE('',#8360,0.0025);
#68=CYLINDRICAL_SURFACE('',#8363,0.0025);
#69=CYLINDRICAL_SURFACE('',#8366,0.0025);
#70=CYLINDRICAL_SURFACE('',#8369,0.0025);
#71=CYLINDRICAL_SURFACE('',#8374,0.0025);
#72=CYLINDRICAL_SURFACE('',#8379,0.0025);
#73=CYLINDRICAL_SURFACE('',#8383,0.0025);
#74=CYLINDRICAL_SURFACE('',#8387,0.0025);
#75=CYLINDRICAL_SURFACE('',#8391,0.0025);
#76=CYLINDRICAL_SURFACE('',#8394,0.00250000000000023);
#77=CYLINDRICAL_SURFACE('',#8397,0.0025);
#78=CYLINDRICAL_SURFACE('',#8401,0.0025);
#79=CYLINDRICAL_SURFACE('',#8404,0.00250000000000023);
#80=CYLINDRICAL_SURFACE('',#8407,0.0025);
#81=CYLINDRICAL_SURFACE('',#8411,0.0025);
#82=CYLINDRICAL_SURFACE('',#8414,0.00250000000000011);
#83=CYLINDRICAL_SURFACE('',#8417,0.0025);
#84=CYLINDRICAL_SURFACE('',#8421,0.0025);
#85=CYLINDRICAL_SURFACE('',#8424,0.00250000000000009);
#86=CYLINDRICAL_SURFACE('',#8427,0.0025);
#87=CYLINDRICAL_SURFACE('',#8431,0.00250000000000004);
#88=CYLINDRICAL_SURFACE('',#8434,0.00250000000000008);
#89=CYLINDRICAL_SURFACE('',#8437,0.0025);
#90=CYLINDRICAL_SURFACE('',#8441,0.0025);
#91=CYLINDRICAL_SURFACE('',#8444,0.00249999999999995);
#92=CYLINDRICAL_SURFACE('',#8447,0.0025);
#93=CYLINDRICAL_SURFACE('',#8451,0.00249999999999953);
#94=CYLINDRICAL_SURFACE('',#8454,0.0025);
#95=CYLINDRICAL_SURFACE('',#8458,0.0025);
#96=CYLINDRICAL_SURFACE('',#8463,0.0025);
#97=CYLINDRICAL_SURFACE('',#8467,0.0025);
#98=CYLINDRICAL_SURFACE('',#8470,0.0025);
#99=CYLINDRICAL_SURFACE('',#8473,0.0025);
#100=CYLINDRICAL_SURFACE('',#8476,0.0025);
#101=CYLINDRICAL_SURFACE('',#8480,0.0025);
#102=CYLINDRICAL_SURFACE('',#8483,0.0025);
#103=CYLINDRICAL_SURFACE('',#8486,0.0025);
#104=CYLINDRICAL_SURFACE('',#8489,0.0025);
#105=CYLINDRICAL_SURFACE('',#8493,0.0025);
#106=CYLINDRICAL_SURFACE('',#8496,0.0025);
#107=CYLINDRICAL_SURFACE('',#8499,0.0025);
#108=CYLINDRICAL_SURFACE('',#8502,0.0025);
#109=CYLINDRICAL_SURFACE('',#8506,0.0025);
#110=CYLINDRICAL_SURFACE('',#8509,0.0025);
#111=CYLINDRICAL_SURFACE('',#8512,0.0025);
#112=CYLINDRICAL_SURFACE('',#8515,0.0025);
#113=CYLINDRICAL_SURFACE('',#8519,0.0025);
#114=CYLINDRICAL_SURFACE('',#8522,0.0025);
#115=CYLINDRICAL_SURFACE('',#8525,0.0025);
#116=CYLINDRICAL_SURFACE('',#8528,0.0025);
#117=CYLINDRICAL_SURFACE('',#8532,0.0025);
#118=CYLINDRICAL_SURFACE('',#8535,0.0025);
#119=CYLINDRICAL_SURFACE('',#8538,0.0025);
#120=CYLINDRICAL_SURFACE('',#8541,0.0025);
#121=CYLINDRICAL_SURFACE('',#8545,0.0025);
#122=CYLINDRICAL_SURFACE('',#8548,0.0025);
#123=CYLINDRICAL_SURFACE('',#8551,0.0025);
#124=CYLINDRICAL_SURFACE('',#8554,0.0025);
#125=CYLINDRICAL_SURFACE('',#8558,0.0025);
#126=CYLINDRICAL_SURFACE('',#8561,0.0025);
#127=CYLINDRICAL_SURFACE('',#8564,0.0025);
#128=CYLINDRICAL_SURFACE('',#8567,0.0025);
#129=CYLINDRICAL_SURFACE('',#8571,0.0025);
#130=CYLINDRICAL_SURFACE('',#8574,0.0025);
#131=CYLINDRICAL_SURFACE('',#8580,0.0025);
#132=CYLINDRICAL_SURFACE('',#8583,0.0025);
#133=CYLINDRICAL_SURFACE('',#8586,0.0025);
#134=CYLINDRICAL_SURFACE('',#8589,0.0025);
#135=CYLINDRICAL_SURFACE('',#8593,0.0025);
#136=CYLINDRICAL_SURFACE('',#8596,0.0025);
#137=CYLINDRICAL_SURFACE('',#8602,0.0025);
#138=CYLINDRICAL_SURFACE('',#8605,0.0025);
#139=CYLINDRICAL_SURFACE('',#8608,0.0025);
#140=CYLINDRICAL_SURFACE('',#8611,0.0025);
#141=CYLINDRICAL_SURFACE('',#8615,0.0025);
#142=CYLINDRICAL_SURFACE('',#8618,0.0025);
#143=CYLINDRICAL_SURFACE('',#8621,0.0025);
#144=CYLINDRICAL_SURFACE('',#8624,0.0025);
#145=CYLINDRICAL_SURFACE('',#8628,0.0025);
#146=CYLINDRICAL_SURFACE('',#8631,0.0025);
#147=CYLINDRICAL_SURFACE('',#8634,0.0025);
#148=CYLINDRICAL_SURFACE('',#8637,0.0025);
#149=CYLINDRICAL_SURFACE('',#8641,0.0025);
#150=CYLINDRICAL_SURFACE('',#8644,0.0025);
#151=CYLINDRICAL_SURFACE('',#8647,0.0025);
#152=CYLINDRICAL_SURFACE('',#8650,0.0025);
#153=CYLINDRICAL_SURFACE('',#8654,0.00249999999999997);
#154=CYLINDRICAL_SURFACE('',#8655,0.0025);
#155=CYLINDRICAL_SURFACE('',#8656,0.0025);
#156=CYLINDRICAL_SURFACE('',#8657,0.0025);
#157=CYLINDRICAL_SURFACE('',#8660,0.0025);
#158=CYLINDRICAL_SURFACE('',#8663,0.0025);
#159=CYLINDRICAL_SURFACE('',#8666,0.0025);
#160=CYLINDRICAL_SURFACE('',#8670,0.0025);
#161=CYLINDRICAL_SURFACE('',#8671,0.0025);
#162=CYLINDRICAL_SURFACE('',#8672,0.0025);
#163=CYLINDRICAL_SURFACE('',#8673,0.0025);
#164=CYLINDRICAL_SURFACE('',#8674,0.0025);
#165=CYLINDRICAL_SURFACE('',#8677,0.0025);
#166=CYLINDRICAL_SURFACE('',#8683,0.0025);
#167=CYLINDRICAL_SURFACE('',#8686,0.0025);
#168=CYLINDRICAL_SURFACE('',#8689,0.0025);
#169=CYLINDRICAL_SURFACE('',#8692,0.0025);
#170=CYLINDRICAL_SURFACE('',#8696,0.0025);
#171=CYLINDRICAL_SURFACE('',#8699,0.0025);
#172=CYLINDRICAL_SURFACE('',#8702,0.0025);
#173=CYLINDRICAL_SURFACE('',#8705,0.0025);
#174=CYLINDRICAL_SURFACE('',#8709,0.0025);
#175=CYLINDRICAL_SURFACE('',#8712,0.0025);
#176=CYLINDRICAL_SURFACE('',#8715,0.0025);
#177=CYLINDRICAL_SURFACE('',#8718,0.0025);
#178=CYLINDRICAL_SURFACE('',#8723,0.0025);
#179=CYLINDRICAL_SURFACE('',#8726,0.0025);
#180=CYLINDRICAL_SURFACE('',#8729,0.0025);
#181=CYLINDRICAL_SURFACE('',#8732,0.0025);
#182=CYLINDRICAL_SURFACE('',#8736,0.0025);
#183=CYLINDRICAL_SURFACE('',#8739,0.0025);
#184=CYLINDRICAL_SURFACE('',#8742,0.0025);
#185=CYLINDRICAL_SURFACE('',#8745,0.0025);
#186=CYLINDRICAL_SURFACE('',#8748,0.0025);
#187=CYLINDRICAL_SURFACE('',#8751,0.0025);
#188=CYLINDRICAL_SURFACE('',#8754,0.0025);
#189=CYLINDRICAL_SURFACE('',#8757,0.0025);
#190=CYLINDRICAL_SURFACE('',#8761,0.0025);
#191=CYLINDRICAL_SURFACE('',#8766,0.0025);
#192=ELLIPSE('',#8005,0.00251008846399871,0.0025);
#193=ELLIPSE('',#8006,0.0025100884639987,0.0025);
#194=ELLIPSE('',#8007,0.00251008846399871,0.0025);
#195=ELLIPSE('',#8008,0.00251008846399868,0.0025);
#196=ELLIPSE('',#8009,0.00251008846399871,0.0025);
#197=ELLIPSE('',#8010,0.00251008846399871,0.0025);
#198=ELLIPSE('',#8011,0.00251008846399872,0.0025);
#199=ELLIPSE('',#8012,0.00251008846399871,0.0025);
#200=ELLIPSE('',#8013,0.00251008846399871,0.0025);
#201=ELLIPSE('',#8014,0.0025100884639987,0.0025);
#202=ELLIPSE('',#8015,0.0025100884639987,0.0025);
#203=ELLIPSE('',#8016,0.00251008846399871,0.0025);
#204=ELLIPSE('',#8017,0.0025100884639987,0.0025);
#205=ELLIPSE('',#8018,0.0025100884639987,0.0025);
#206=ELLIPSE('',#8019,0.0025100884639987,0.0025);
#207=ELLIPSE('',#8020,0.00251008846399869,0.0025);
#208=LINE('',#11089,#955);
#209=LINE('',#11092,#956);
#210=LINE('',#11094,#957);
#211=LINE('',#11098,#958);
#212=LINE('',#11100,#959);
#213=LINE('',#11102,#960);
#214=LINE('',#11106,#961);
#215=LINE('',#11108,#962);
#216=LINE('',#11110,#963);
#217=LINE('',#11114,#964);
#218=LINE('',#11116,#965);
#219=LINE('',#11118,#966);
#220=LINE('',#11122,#967);
#221=LINE('',#11124,#968);
#222=LINE('',#11126,#969);
#223=LINE('',#11128,#970);
#224=LINE('',#11130,#971);
#225=LINE('',#11132,#972);
#226=LINE('',#11134,#973);
#227=LINE('',#11136,#974);
#228=LINE('',#11138,#975);
#229=LINE('',#11140,#976);
#230=LINE('',#11142,#977);
#231=LINE('',#11144,#978);
#232=LINE('',#11146,#979);
#233=LINE('',#11148,#980);
#234=LINE('',#11150,#981);
#235=LINE('',#11154,#982);
#236=LINE('',#11156,#983);
#237=LINE('',#11158,#984);
#238=LINE('',#11162,#985);
#239=LINE('',#11164,#986);
#240=LINE('',#11166,#987);
#241=LINE('',#11170,#988);
#242=LINE('',#11172,#989);
#243=LINE('',#11174,#990);
#244=LINE('',#11178,#991);
#245=LINE('',#11180,#992);
#246=LINE('',#11182,#993);
#247=LINE('',#11186,#994);
#248=LINE('',#11188,#995);
#249=LINE('',#11190,#996);
#250=LINE('',#11194,#997);
#251=LINE('',#11196,#998);
#252=LINE('',#11198,#999);
#253=LINE('',#11202,#1000);
#254=LINE('',#11204,#1001);
#255=LINE('',#11206,#1002);
#256=LINE('',#11210,#1003);
#257=LINE('',#11212,#1004);
#258=LINE('',#11214,#1005);
#259=LINE('',#11218,#1006);
#260=LINE('',#11220,#1007);
#261=LINE('',#11222,#1008);
#262=LINE('',#11226,#1009);
#263=LINE('',#11228,#1010);
#264=LINE('',#11230,#1011);
#265=LINE('',#11234,#1012);
#266=LINE('',#11236,#1013);
#267=LINE('',#11238,#1014);
#268=LINE('',#11926,#1015);
#269=LINE('',#11927,#1016);
#270=LINE('',#11928,#1017);
#271=LINE('',#11929,#1018);
#272=LINE('',#11930,#1019);
#273=LINE('',#11933,#1020);
#274=LINE('',#11935,#1021);
#275=LINE('',#11937,#1022);
#276=LINE('',#11939,#1023);
#277=LINE('',#11941,#1024);
#278=LINE('',#11943,#1025);
#279=LINE('',#11945,#1026);
#280=LINE('',#11979,#1027);
#281=LINE('',#11982,#1028);
#282=LINE('',#11984,#1029);
#283=LINE('',#11986,#1030);
#284=LINE('',#11988,#1031);
#285=LINE('',#11991,#1032);
#286=LINE('',#11993,#1033);
#287=LINE('',#11995,#1034);
#288=LINE('',#11997,#1035);
#289=LINE('',#12000,#1036);
#290=LINE('',#12002,#1037);
#291=LINE('',#12004,#1038);
#292=LINE('',#12006,#1039);
#293=LINE('',#12009,#1040);
#294=LINE('',#12011,#1041);
#295=LINE('',#12013,#1042);
#296=LINE('',#12029,#1043);
#297=LINE('',#12032,#1044);
#298=LINE('',#12034,#1045);
#299=LINE('',#12036,#1046);
#300=LINE('',#12098,#1047);
#301=LINE('',#12099,#1048);
#302=LINE('',#12101,#1049);
#303=LINE('',#12102,#1050);
#304=LINE('',#12104,#1051);
#305=LINE('',#12105,#1052);
#306=LINE('',#12107,#1053);
#307=LINE('',#12109,#1054);
#308=LINE('',#12111,#1055);
#309=LINE('',#12112,#1056);
#310=LINE('',#12114,#1057);
#311=LINE('',#12116,#1058);
#312=LINE('',#12118,#1059);
#313=LINE('',#12119,#1060);
#314=LINE('',#12121,#1061);
#315=LINE('',#12123,#1062);
#316=LINE('',#12125,#1063);
#317=LINE('',#12127,#1064);
#318=LINE('',#12129,#1065);
#319=LINE('',#12131,#1066);
#320=LINE('',#12133,#1067);
#321=LINE('',#12135,#1068);
#322=LINE('',#12137,#1069);
#323=LINE('',#12139,#1070);
#324=LINE('',#12142,#1071);
#325=LINE('',#12147,#1072);
#326=LINE('',#12151,#1073);
#327=LINE('',#12155,#1074);
#328=LINE('',#12158,#1075);
#329=LINE('',#12163,#1076);
#330=LINE('',#12167,#1077);
#331=LINE('',#12171,#1078);
#332=LINE('',#12174,#1079);
#333=LINE('',#12179,#1080);
#334=LINE('',#12183,#1081);
#335=LINE('',#12186,#1082);
#336=LINE('',#12191,#1083);
#337=LINE('',#12195,#1084);
#338=LINE('',#12198,#1085);
#339=LINE('',#12203,#1086);
#340=LINE('',#12207,#1087);
#341=LINE('',#12210,#1088);
#342=LINE('',#12215,#1089);
#343=LINE('',#12219,#1090);
#344=LINE('',#12222,#1091);
#345=LINE('',#12227,#1092);
#346=LINE('',#12231,#1093);
#347=LINE('',#12234,#1094);
#348=LINE('',#12239,#1095);
#349=LINE('',#12243,#1096);
#350=LINE('',#12246,#1097);
#351=LINE('',#12251,#1098);
#352=LINE('',#12255,#1099);
#353=LINE('',#12256,#1100);
#354=LINE('',#12261,#1101);
#355=LINE('',#12265,#1102);
#356=LINE('',#12267,#1103);
#357=LINE('',#12268,#1104);
#358=LINE('',#12273,#1105);
#359=LINE('',#12277,#1106);
#360=LINE('',#12279,#1107);
#361=LINE('',#12280,#1108);
#362=LINE('',#12285,#1109);
#363=LINE('',#12289,#1110);
#364=LINE('',#12293,#1111);
#365=LINE('',#12296,#1112);
#366=LINE('',#12301,#1113);
#367=LINE('',#12305,#1114);
#368=LINE('',#12309,#1115);
#369=LINE('',#12312,#1116);
#370=LINE('',#12317,#1117);
#371=LINE('',#12321,#1118);
#372=LINE('',#12325,#1119);
#373=LINE('',#12328,#1120);
#374=LINE('',#12333,#1121);
#375=LINE('',#12337,#1122);
#376=LINE('',#12341,#1123);
#377=LINE('',#12344,#1124);
#378=LINE('',#12349,#1125);
#379=LINE('',#12351,#1126);
#380=LINE('',#12353,#1127);
#381=LINE('',#12356,#1128);
#382=LINE('',#12361,#1129);
#383=LINE('',#12365,#1130);
#384=LINE('',#12369,#1131);
#385=LINE('',#12372,#1132);
#386=LINE('',#12377,#1133);
#387=LINE('',#12381,#1134);
#388=LINE('',#12385,#1135);
#389=LINE('',#12388,#1136);
#390=LINE('',#12393,#1137);
#391=LINE('',#12397,#1138);
#392=LINE('',#12401,#1139);
#393=LINE('',#12404,#1140);
#394=LINE('',#12409,#1141);
#395=LINE('',#12413,#1142);
#396=LINE('',#12417,#1143);
#397=LINE('',#12420,#1144);
#398=LINE('',#12425,#1145);
#399=LINE('',#12429,#1146);
#400=LINE('',#12433,#1147);
#401=LINE('',#12436,#1148);
#402=LINE('',#12441,#1149);
#403=LINE('',#12443,#1150);
#404=LINE('',#12445,#1151);
#405=LINE('',#12448,#1152);
#406=LINE('',#12453,#1153);
#407=LINE('',#12457,#1154);
#408=LINE('',#12461,#1155);
#409=LINE('',#12464,#1156);
#410=LINE('',#12469,#1157);
#411=LINE('',#12471,#1158);
#412=LINE('',#12473,#1159);
#413=LINE('',#12476,#1160);
#414=LINE('',#12481,#1161);
#415=LINE('',#12485,#1162);
#416=LINE('',#12489,#1163);
#417=LINE('',#12492,#1164);
#418=LINE('',#12497,#1165);
#419=LINE('',#12501,#1166);
#420=LINE('',#12505,#1167);
#421=LINE('',#12508,#1168);
#422=LINE('',#12513,#1169);
#423=LINE('',#12517,#1170);
#424=LINE('',#12521,#1171);
#425=LINE('',#12524,#1172);
#426=LINE('',#12529,#1173);
#427=LINE('',#12533,#1174);
#428=LINE('',#12537,#1175);
#429=LINE('',#12540,#1176);
#430=LINE('',#12545,#1177);
#431=LINE('',#12549,#1178);
#432=LINE('',#12553,#1179);
#433=LINE('',#12556,#1180);
#434=LINE('',#12561,#1181);
#435=LINE('',#12565,#1182);
#436=LINE('',#12569,#1183);
#437=LINE('',#12572,#1184);
#438=LINE('',#12577,#1185);
#439=LINE('',#12581,#1186);
#440=LINE('',#12585,#1187);
#441=LINE('',#12588,#1188);
#442=LINE('',#12593,#1189);
#443=LINE('',#12597,#1190);
#444=LINE('',#12601,#1191);
#445=LINE('',#12604,#1192);
#446=LINE('',#12609,#1193);
#447=LINE('',#12613,#1194);
#448=LINE('',#12615,#1195);
#449=LINE('',#12616,#1196);
#450=LINE('',#12621,#1197);
#451=LINE('',#12625,#1198);
#452=LINE('',#12626,#1199);
#453=LINE('',#12631,#1200);
#454=LINE('',#12635,#1201);
#455=LINE('',#12639,#1202);
#456=LINE('',#12642,#1203);
#457=LINE('',#12644,#1204);
#458=LINE('',#12646,#1205);
#459=LINE('',#12647,#1206);
#460=LINE('',#12649,#1207);
#461=LINE('',#12653,#1208);
#462=LINE('',#12654,#1209);
#463=LINE('',#12658,#1210);
#464=LINE('',#12662,#1211);
#465=LINE('',#12666,#1212);
#466=LINE('',#12667,#1213);
#467=LINE('',#12671,#1214);
#468=LINE('',#12675,#1215);
#469=LINE('',#12679,#1216);
#470=LINE('',#12680,#1217);
#471=LINE('',#12684,#1218);
#472=LINE('',#12688,#1219);
#473=LINE('',#12692,#1220);
#474=LINE('',#12693,#1221);
#475=LINE('',#12697,#1222);
#476=LINE('',#12701,#1223);
#477=LINE('',#12705,#1224);
#478=LINE('',#12706,#1225);
#479=LINE('',#12710,#1226);
#480=LINE('',#12714,#1227);
#481=LINE('',#12718,#1228);
#482=LINE('',#12719,#1229);
#483=LINE('',#12723,#1230);
#484=LINE('',#12727,#1231);
#485=LINE('',#12731,#1232);
#486=LINE('',#12732,#1233);
#487=LINE('',#12736,#1234);
#488=LINE('',#12740,#1235);
#489=LINE('',#12744,#1236);
#490=LINE('',#12745,#1237);
#491=LINE('',#12749,#1238);
#492=LINE('',#12753,#1239);
#493=LINE('',#12755,#1240);
#494=LINE('',#12757,#1241);
#495=LINE('',#12759,#1242);
#496=LINE('',#12761,#1243);
#497=LINE('',#12763,#1244);
#498=LINE('',#12765,#1245);
#499=LINE('',#12767,#1246);
#500=LINE('',#12769,#1247);
#501=LINE('',#12771,#1248);
#502=LINE('',#12773,#1249);
#503=LINE('',#12775,#1250);
#504=LINE('',#12777,#1251);
#505=LINE('',#12779,#1252);
#506=LINE('',#12781,#1253);
#507=LINE('',#12783,#1254);
#508=LINE('',#12785,#1255);
#509=LINE('',#12787,#1256);
#510=LINE('',#12788,#1257);
#511=LINE('',#12790,#1258);
#512=LINE('',#12792,#1259);
#513=LINE('',#12797,#1260);
#514=LINE('',#12798,#1261);
#515=LINE('',#12800,#1262);
#516=LINE('',#12804,#1263);
#517=LINE('',#12806,#1264);
#518=LINE('',#12808,#1265);
#519=LINE('',#12810,#1266);
#520=LINE('',#12812,#1267);
#521=LINE('',#12813,#1268);
#522=LINE('',#12815,#1269);
#523=LINE('',#12817,#1270);
#524=LINE('',#12822,#1271);
#525=LINE('',#12824,#1272);
#526=LINE('',#12826,#1273);
#527=LINE('',#12828,#1274);
#528=LINE('',#12830,#1275);
#529=LINE('',#12832,#1276);
#530=LINE('',#12833,#1277);
#531=LINE('',#12835,#1278);
#532=LINE('',#12840,#1279);
#533=LINE('',#12841,#1280);
#534=LINE('',#12843,#1281);
#535=LINE('',#12845,#1282);
#536=LINE('',#12848,#1283);
#537=LINE('',#12850,#1284);
#538=LINE('',#12852,#1285);
#539=LINE('',#12856,#1286);
#540=LINE('',#12858,#1287);
#541=LINE('',#12860,#1288);
#542=LINE('',#12862,#1289);
#543=LINE('',#12864,#1290);
#544=LINE('',#12865,#1291);
#545=LINE('',#12867,#1292);
#546=LINE('',#12869,#1293);
#547=LINE('',#12874,#1294);
#548=LINE('',#12876,#1295);
#549=LINE('',#12878,#1296);
#550=LINE('',#12880,#1297);
#551=LINE('',#12882,#1298);
#552=LINE('',#12883,#1299);
#553=LINE('',#12885,#1300);
#554=LINE('',#12887,#1301);
#555=LINE('',#12892,#1302);
#556=LINE('',#12894,#1303);
#557=LINE('',#12896,#1304);
#558=LINE('',#12898,#1305);
#559=LINE('',#12900,#1306);
#560=LINE('',#12901,#1307);
#561=LINE('',#12903,#1308);
#562=LINE('',#12905,#1309);
#563=LINE('',#12910,#1310);
#564=LINE('',#12912,#1311);
#565=LINE('',#12914,#1312);
#566=LINE('',#12916,#1313);
#567=LINE('',#12918,#1314);
#568=LINE('',#12919,#1315);
#569=LINE('',#12921,#1316);
#570=LINE('',#12923,#1317);
#571=LINE('',#12928,#1318);
#572=LINE('',#12930,#1319);
#573=LINE('',#12934,#1320);
#574=LINE('',#12938,#1321);
#575=LINE('',#12940,#1322);
#576=LINE('',#12942,#1323);
#577=LINE('',#12944,#1324);
#578=LINE('',#12948,#1325);
#579=LINE('',#12950,#1326);
#580=LINE('',#12952,#1327);
#581=LINE('',#12956,#1328);
#582=LINE('',#12958,#1329);
#583=LINE('',#12960,#1330);
#584=LINE('',#12964,#1331);
#585=LINE('',#12967,#1332);
#586=LINE('',#12969,#1333);
#587=LINE('',#12971,#1334);
#588=LINE('',#12973,#1335);
#589=LINE('',#12977,#1336);
#590=LINE('',#12979,#1337);
#591=LINE('',#12981,#1338);
#592=LINE('',#12983,#1339);
#593=LINE('',#12985,#1340);
#594=LINE('',#12987,#1341);
#595=LINE('',#12992,#1342);
#596=LINE('',#12994,#1343);
#597=LINE('',#12996,#1344);
#598=LINE('',#12998,#1345);
#599=LINE('',#13002,#1346);
#600=LINE('',#13004,#1347);
#601=LINE('',#13006,#1348);
#602=LINE('',#13008,#1349);
#603=LINE('',#13013,#1350);
#604=LINE('',#13015,#1351);
#605=LINE('',#13017,#1352);
#606=LINE('',#13019,#1353);
#607=LINE('',#13023,#1354);
#608=LINE('',#13025,#1355);
#609=LINE('',#13027,#1356);
#610=LINE('',#13031,#1357);
#611=LINE('',#13033,#1358);
#612=LINE('',#13038,#1359);
#613=LINE('',#13040,#1360);
#614=LINE('',#13042,#1361);
#615=LINE('',#13044,#1362);
#616=LINE('',#13048,#1363);
#617=LINE('',#13050,#1364);
#618=LINE('',#13052,#1365);
#619=LINE('',#13056,#1366);
#620=LINE('',#13058,#1367);
#621=LINE('',#13063,#1368);
#622=LINE('',#13065,#1369);
#623=LINE('',#13067,#1370);
#624=LINE('',#13069,#1371);
#625=LINE('',#13073,#1372);
#626=LINE('',#13075,#1373);
#627=LINE('',#13077,#1374);
#628=LINE('',#13081,#1375);
#629=LINE('',#13083,#1376);
#630=LINE('',#13088,#1377);
#631=LINE('',#13090,#1378);
#632=LINE('',#13092,#1379);
#633=LINE('',#13094,#1380);
#634=LINE('',#13098,#1381);
#635=LINE('',#13100,#1382);
#636=LINE('',#13102,#1383);
#637=LINE('',#13106,#1384);
#638=LINE('',#13108,#1385);
#639=LINE('',#13113,#1386);
#640=LINE('',#13115,#1387);
#641=LINE('',#13117,#1388);
#642=LINE('',#13119,#1389);
#643=LINE('',#13123,#1390);
#644=LINE('',#13125,#1391);
#645=LINE('',#13127,#1392);
#646=LINE('',#13131,#1393);
#647=LINE('',#13133,#1394);
#648=LINE('',#13138,#1395);
#649=LINE('',#13140,#1396);
#650=LINE('',#13142,#1397);
#651=LINE('',#13144,#1398);
#652=LINE('',#13148,#1399);
#653=LINE('',#13150,#1400);
#654=LINE('',#13152,#1401);
#655=LINE('',#13156,#1402);
#656=LINE('',#13158,#1403);
#657=LINE('',#13163,#1404);
#658=LINE('',#13165,#1405);
#659=LINE('',#13167,#1406);
#660=LINE('',#13169,#1407);
#661=LINE('',#13173,#1408);
#662=LINE('',#13175,#1409);
#663=LINE('',#13177,#1410);
#664=LINE('',#13181,#1411);
#665=LINE('',#13184,#1412);
#666=LINE('',#13188,#1413);
#667=LINE('',#13190,#1414);
#668=LINE('',#13192,#1415);
#669=LINE('',#13194,#1416);
#670=LINE('',#13196,#1417);
#671=LINE('',#13198,#1418);
#672=LINE('',#13200,#1419);
#673=LINE('',#13202,#1420);
#674=LINE('',#13206,#1421);
#675=LINE('',#13209,#1422);
#676=LINE('',#13213,#1423);
#677=LINE('',#13215,#1424);
#678=LINE('',#13217,#1425);
#679=LINE('',#13219,#1426);
#680=LINE('',#13223,#1427);
#681=LINE('',#13225,#1428);
#682=LINE('',#13227,#1429);
#683=LINE('',#13231,#1430);
#684=LINE('',#13233,#1431);
#685=LINE('',#13235,#1432);
#686=LINE('',#13239,#1433);
#687=LINE('',#13242,#1434);
#688=LINE('',#13246,#1435);
#689=LINE('',#13248,#1436);
#690=LINE('',#13250,#1437);
#691=LINE('',#13252,#1438);
#692=LINE('',#13256,#1439);
#693=LINE('',#13258,#1440);
#694=LINE('',#13260,#1441);
#695=LINE('',#13264,#1442);
#696=LINE('',#13266,#1443);
#697=LINE('',#13268,#1444);
#698=LINE('',#13272,#1445);
#699=LINE('',#13275,#1446);
#700=LINE('',#13279,#1447);
#701=LINE('',#13281,#1448);
#702=LINE('',#13283,#1449);
#703=LINE('',#13285,#1450);
#704=LINE('',#13289,#1451);
#705=LINE('',#13291,#1452);
#706=LINE('',#13293,#1453);
#707=LINE('',#13297,#1454);
#708=LINE('',#13299,#1455);
#709=LINE('',#13301,#1456);
#710=LINE('',#13305,#1457);
#711=LINE('',#13308,#1458);
#712=LINE('',#13312,#1459);
#713=LINE('',#13314,#1460);
#714=LINE('',#13316,#1461);
#715=LINE('',#13318,#1462);
#716=LINE('',#13322,#1463);
#717=LINE('',#13324,#1464);
#718=LINE('',#13326,#1465);
#719=LINE('',#13330,#1466);
#720=LINE('',#13332,#1467);
#721=LINE('',#13334,#1468);
#722=LINE('',#13338,#1469);
#723=LINE('',#13341,#1470);
#724=LINE('',#13345,#1471);
#725=LINE('',#13347,#1472);
#726=LINE('',#13349,#1473);
#727=LINE('',#13351,#1474);
#728=LINE('',#13355,#1475);
#729=LINE('',#13357,#1476);
#730=LINE('',#13359,#1477);
#731=LINE('',#13363,#1478);
#732=LINE('',#13365,#1479);
#733=LINE('',#13367,#1480);
#734=LINE('',#13371,#1481);
#735=LINE('',#13374,#1482);
#736=LINE('',#13378,#1483);
#737=LINE('',#13380,#1484);
#738=LINE('',#13382,#1485);
#739=LINE('',#13384,#1486);
#740=LINE('',#13388,#1487);
#741=LINE('',#13390,#1488);
#742=LINE('',#13392,#1489);
#743=LINE('',#13396,#1490);
#744=LINE('',#13398,#1491);
#745=LINE('',#13400,#1492);
#746=LINE('',#13404,#1493);
#747=LINE('',#13407,#1494);
#748=LINE('',#13411,#1495);
#749=LINE('',#13413,#1496);
#750=LINE('',#13415,#1497);
#751=LINE('',#13417,#1498);
#752=LINE('',#13421,#1499);
#753=LINE('',#13423,#1500);
#754=LINE('',#13425,#1501);
#755=LINE('',#13429,#1502);
#756=LINE('',#13431,#1503);
#757=LINE('',#13433,#1504);
#758=LINE('',#13437,#1505);
#759=LINE('',#13440,#1506);
#760=LINE('',#13444,#1507);
#761=LINE('',#13446,#1508);
#762=LINE('',#13448,#1509);
#763=LINE('',#13450,#1510);
#764=LINE('',#13454,#1511);
#765=LINE('',#13456,#1512);
#766=LINE('',#13458,#1513);
#767=LINE('',#13462,#1514);
#768=LINE('',#13464,#1515);
#769=LINE('',#13466,#1516);
#770=LINE('',#13470,#1517);
#771=LINE('',#13473,#1518);
#772=LINE('',#13477,#1519);
#773=LINE('',#13479,#1520);
#774=LINE('',#13481,#1521);
#775=LINE('',#13483,#1522);
#776=LINE('',#13487,#1523);
#777=LINE('',#13489,#1524);
#778=LINE('',#13491,#1525);
#779=LINE('',#13493,#1526);
#780=LINE('',#13495,#1527);
#781=LINE('',#13498,#1528);
#782=LINE('',#13502,#1529);
#783=LINE('',#13504,#1530);
#784=LINE('',#13506,#1531);
#785=LINE('',#13508,#1532);
#786=LINE('',#13512,#1533);
#787=LINE('',#13514,#1534);
#788=LINE('',#13516,#1535);
#789=LINE('',#13520,#1536);
#790=LINE('',#13522,#1537);
#791=LINE('',#13524,#1538);
#792=LINE('',#13528,#1539);
#793=LINE('',#13531,#1540);
#794=LINE('',#13535,#1541);
#795=LINE('',#13537,#1542);
#796=LINE('',#13539,#1543);
#797=LINE('',#13541,#1544);
#798=LINE('',#13545,#1545);
#799=LINE('',#13547,#1546);
#800=LINE('',#13549,#1547);
#801=LINE('',#13551,#1548);
#802=LINE('',#13553,#1549);
#803=LINE('',#13556,#1550);
#804=LINE('',#13560,#1551);
#805=LINE('',#13562,#1552);
#806=LINE('',#13564,#1553);
#807=LINE('',#13566,#1554);
#808=LINE('',#13570,#1555);
#809=LINE('',#13572,#1556);
#810=LINE('',#13574,#1557);
#811=LINE('',#13578,#1558);
#812=LINE('',#13580,#1559);
#813=LINE('',#13582,#1560);
#814=LINE('',#13586,#1561);
#815=LINE('',#13589,#1562);
#816=LINE('',#13593,#1563);
#817=LINE('',#13595,#1564);
#818=LINE('',#13597,#1565);
#819=LINE('',#13599,#1566);
#820=LINE('',#13603,#1567);
#821=LINE('',#13605,#1568);
#822=LINE('',#13607,#1569);
#823=LINE('',#13611,#1570);
#824=LINE('',#13613,#1571);
#825=LINE('',#13615,#1572);
#826=LINE('',#13619,#1573);
#827=LINE('',#13622,#1574);
#828=LINE('',#13626,#1575);
#829=LINE('',#13628,#1576);
#830=LINE('',#13630,#1577);
#831=LINE('',#13632,#1578);
#832=LINE('',#13636,#1579);
#833=LINE('',#13638,#1580);
#834=LINE('',#13640,#1581);
#835=LINE('',#13644,#1582);
#836=LINE('',#13646,#1583);
#837=LINE('',#13648,#1584);
#838=LINE('',#13652,#1585);
#839=LINE('',#13655,#1586);
#840=LINE('',#13659,#1587);
#841=LINE('',#13661,#1588);
#842=LINE('',#13663,#1589);
#843=LINE('',#13665,#1590);
#844=LINE('',#13669,#1591);
#845=LINE('',#13671,#1592);
#846=LINE('',#13673,#1593);
#847=LINE('',#13677,#1594);
#848=LINE('',#13679,#1595);
#849=LINE('',#13681,#1596);
#850=LINE('',#13685,#1597);
#851=LINE('',#13691,#1598);
#852=LINE('',#13695,#1599);
#853=LINE('',#13697,#1600);
#854=LINE('',#13699,#1601);
#855=LINE('',#13701,#1602);
#856=LINE('',#13705,#1603);
#857=LINE('',#13707,#1604);
#858=LINE('',#13709,#1605);
#859=LINE('',#13713,#1606);
#860=LINE('',#13715,#1607);
#861=LINE('',#13717,#1608);
#862=LINE('',#13721,#1609);
#863=LINE('',#13728,#1610);
#864=LINE('',#13732,#1611);
#865=LINE('',#13734,#1612);
#866=LINE('',#13736,#1613);
#867=LINE('',#13738,#1614);
#868=LINE('',#13742,#1615);
#869=LINE('',#13744,#1616);
#870=LINE('',#13746,#1617);
#871=LINE('',#13748,#1618);
#872=LINE('',#13750,#1619);
#873=LINE('',#13753,#1620);
#874=LINE('',#13757,#1621);
#875=LINE('',#13759,#1622);
#876=LINE('',#13761,#1623);
#877=LINE('',#13763,#1624);
#878=LINE('',#13767,#1625);
#879=LINE('',#13769,#1626);
#880=LINE('',#13771,#1627);
#881=LINE('',#13775,#1628);
#882=LINE('',#13777,#1629);
#883=LINE('',#13779,#1630);
#884=LINE('',#13783,#1631);
#885=LINE('',#13786,#1632);
#886=LINE('',#13790,#1633);
#887=LINE('',#13792,#1634);
#888=LINE('',#13794,#1635);
#889=LINE('',#13796,#1636);
#890=LINE('',#13800,#1637);
#891=LINE('',#13802,#1638);
#892=LINE('',#13804,#1639);
#893=LINE('',#13808,#1640);
#894=LINE('',#13810,#1641);
#895=LINE('',#13812,#1642);
#896=LINE('',#13816,#1643);
#897=LINE('',#13819,#1644);
#898=LINE('',#13823,#1645);
#899=LINE('',#13825,#1646);
#900=LINE('',#13827,#1647);
#901=LINE('',#13829,#1648);
#902=LINE('',#13833,#1649);
#903=LINE('',#13835,#1650);
#904=LINE('',#13837,#1651);
#905=LINE('',#13841,#1652);
#906=LINE('',#13843,#1653);
#907=LINE('',#13845,#1654);
#908=LINE('',#13849,#1655);
#909=LINE('',#13852,#1656);
#910=LINE('',#13854,#1657);
#911=LINE('',#13856,#1658);
#912=LINE('',#13858,#1659);
#913=LINE('',#13862,#1660);
#914=LINE('',#13864,#1661);
#915=LINE('',#13866,#1662);
#916=LINE('',#13870,#1663);
#917=LINE('',#13872,#1664);
#918=LINE('',#13874,#1665);
#919=LINE('',#13878,#1666);
#920=LINE('',#13880,#1667);
#921=LINE('',#13885,#1668);
#922=LINE('',#13887,#1669);
#923=LINE('',#13889,#1670);
#924=LINE('',#13891,#1671);
#925=LINE('',#13895,#1672);
#926=LINE('',#13897,#1673);
#927=LINE('',#13899,#1674);
#928=LINE('',#13903,#1675);
#929=LINE('',#13905,#1676);
#930=LINE('',#13907,#1677);
#931=LINE('',#13911,#1678);
#932=LINE('',#13913,#1679);
#933=LINE('',#13918,#1680);
#934=LINE('',#13922,#1681);
#935=LINE('',#13924,#1682);
#936=LINE('',#13926,#1683);
#937=LINE('',#13928,#1684);
#938=LINE('',#13932,#1685);
#939=LINE('',#13934,#1686);
#940=LINE('',#13936,#1687);
#941=LINE('',#13940,#1688);
#942=LINE('',#13942,#1689);
#943=LINE('',#13944,#1690);
#944=LINE('',#13948,#1691);
#945=LINE('',#13951,#1692);
#946=LINE('',#13955,#1693);
#947=LINE('',#13957,#1694);
#948=LINE('',#13959,#1695);
#949=LINE('',#13961,#1696);
#950=LINE('',#13963,#1697);
#951=LINE('',#13965,#1698);
#952=LINE('',#13967,#1699);
#953=LINE('',#13969,#1700);
#954=LINE('',#13973,#1701);
#955=VECTOR('',#8782,1.);
#956=VECTOR('',#8783,1.);
#957=VECTOR('',#8784,1.);
#958=VECTOR('',#8787,1.);
#959=VECTOR('',#8788,1.);
#960=VECTOR('',#8789,1.);
#961=VECTOR('',#8792,1.);
#962=VECTOR('',#8793,1.);
#963=VECTOR('',#8794,1.);
#964=VECTOR('',#8797,1.);
#965=VECTOR('',#8798,1.);
#966=VECTOR('',#8799,1.);
#967=VECTOR('',#8802,1.);
#968=VECTOR('',#8803,1.);
#969=VECTOR('',#8804,1.);
#970=VECTOR('',#8805,1.);
#971=VECTOR('',#8806,1.);
#972=VECTOR('',#8807,1.);
#973=VECTOR('',#8808,1.);
#974=VECTOR('',#8809,1.);
#975=VECTOR('',#8810,1.);
#976=VECTOR('',#8811,1.);
#977=VECTOR('',#8812,1.);
#978=VECTOR('',#8813,1.);
#979=VECTOR('',#8814,1.);
#980=VECTOR('',#8815,1.);
#981=VECTOR('',#8816,1.);
#982=VECTOR('',#8819,1.);
#983=VECTOR('',#8820,1.);
#984=VECTOR('',#8821,1.);
#985=VECTOR('',#8824,1.);
#986=VECTOR('',#8825,1.);
#987=VECTOR('',#8826,1.);
#988=VECTOR('',#8829,1.);
#989=VECTOR('',#8830,1.);
#990=VECTOR('',#8831,1.);
#991=VECTOR('',#8834,1.);
#992=VECTOR('',#8835,1.);
#993=VECTOR('',#8836,1.);
#994=VECTOR('',#8839,1.);
#995=VECTOR('',#8840,1.);
#996=VECTOR('',#8841,1.);
#997=VECTOR('',#8844,1.);
#998=VECTOR('',#8845,1.);
#999=VECTOR('',#8846,1.);
#1000=VECTOR('',#8849,1.);
#1001=VECTOR('',#8850,1.);
#1002=VECTOR('',#8851,1.);
#1003=VECTOR('',#8854,1.);
#1004=VECTOR('',#8855,1.);
#1005=VECTOR('',#8856,1.);
#1006=VECTOR('',#8859,1.);
#1007=VECTOR('',#8860,1.);
#1008=VECTOR('',#8861,1.);
#1009=VECTOR('',#8864,1.);
#1010=VECTOR('',#8865,1.);
#1011=VECTOR('',#8866,1.);
#1012=VECTOR('',#8869,1.);
#1013=VECTOR('',#8870,1.);
#1014=VECTOR('',#8871,1.);
#1015=VECTOR('',#8912,1.);
#1016=VECTOR('',#8913,1.);
#1017=VECTOR('',#8914,1.);
#1018=VECTOR('',#8915,1.);
#1019=VECTOR('',#8916,1.);
#1020=VECTOR('',#8917,1.);
#1021=VECTOR('',#8918,1.);
#1022=VECTOR('',#8919,1.);
#1023=VECTOR('',#8920,1.);
#1024=VECTOR('',#8921,1.);
#1025=VECTOR('',#8922,1.);
#1026=VECTOR('',#8923,1.);
#1027=VECTOR('',#8974,1.);
#1028=VECTOR('',#8975,1.);
#1029=VECTOR('',#8976,1.);
#1030=VECTOR('',#8977,1.);
#1031=VECTOR('',#8980,1.);
#1032=VECTOR('',#8981,1.);
#1033=VECTOR('',#8982,1.);
#1034=VECTOR('',#8983,1.);
#1035=VECTOR('',#8986,1.);
#1036=VECTOR('',#8987,1.);
#1037=VECTOR('',#8988,1.);
#1038=VECTOR('',#8989,1.);
#1039=VECTOR('',#8992,1.);
#1040=VECTOR('',#8993,1.);
#1041=VECTOR('',#8994,1.);
#1042=VECTOR('',#8995,1.);
#1043=VECTOR('',#9014,1.);
#1044=VECTOR('',#9015,1.);
#1045=VECTOR('',#9016,1.);
#1046=VECTOR('',#9017,1.);
#1047=VECTOR('',#9104,1.);
#1048=VECTOR('',#9105,1.);
#1049=VECTOR('',#9108,1.);
#1050=VECTOR('',#9109,1.);
#1051=VECTOR('',#9112,1.);
#1052=VECTOR('',#9113,1.);
#1053=VECTOR('',#9116,1.);
#1054=VECTOR('',#9119,1.);
#1055=VECTOR('',#9122,1.);
#1056=VECTOR('',#9123,1.);
#1057=VECTOR('',#9126,1.);
#1058=VECTOR('',#9129,1.);
#1059=VECTOR('',#9132,1.);
#1060=VECTOR('',#9133,1.);
#1061=VECTOR('',#9136,1.);
#1062=VECTOR('',#9139,1.);
#1063=VECTOR('',#9142,1.);
#1064=VECTOR('',#9145,1.);
#1065=VECTOR('',#9148,1.);
#1066=VECTOR('',#9151,1.);
#1067=VECTOR('',#9154,1.);
#1068=VECTOR('',#9157,1.);
#1069=VECTOR('',#9160,1.);
#1070=VECTOR('',#9163,1.);
#1071=VECTOR('',#9168,1.);
#1072=VECTOR('',#9171,1.);
#1073=VECTOR('',#9174,1.);
#1074=VECTOR('',#9177,1.);
#1075=VECTOR('',#9180,1.);
#1076=VECTOR('',#9183,1.);
#1077=VECTOR('',#9186,1.);
#1078=VECTOR('',#9189,1.);
#1079=VECTOR('',#9192,1.);
#1080=VECTOR('',#9195,1.);
#1081=VECTOR('',#9198,1.);
#1082=VECTOR('',#9201,1.);
#1083=VECTOR('',#9204,1.);
#1084=VECTOR('',#9207,1.);
#1085=VECTOR('',#9210,1.);
#1086=VECTOR('',#9213,1.);
#1087=VECTOR('',#9216,1.);
#1088=VECTOR('',#9219,1.);
#1089=VECTOR('',#9222,1.);
#1090=VECTOR('',#9225,1.);
#1091=VECTOR('',#9228,1.);
#1092=VECTOR('',#9231,1.);
#1093=VECTOR('',#9234,1.);
#1094=VECTOR('',#9237,1.);
#1095=VECTOR('',#9240,1.);
#1096=VECTOR('',#9243,1.);
#1097=VECTOR('',#9246,1.);
#1098=VECTOR('',#9249,1.);
#1099=VECTOR('',#9252,1.);
#1100=VECTOR('',#9253,1.);
#1101=VECTOR('',#9256,1.);
#1102=VECTOR('',#9259,1.);
#1103=VECTOR('',#9260,1.);
#1104=VECTOR('',#9261,1.);
#1105=VECTOR('',#9264,1.);
#1106=VECTOR('',#9267,1.);
#1107=VECTOR('',#9268,1.);
#1108=VECTOR('',#9269,1.);
#1109=VECTOR('',#9272,1.);
#1110=VECTOR('',#9275,1.);
#1111=VECTOR('',#9278,1.);
#1112=VECTOR('',#9281,1.);
#1113=VECTOR('',#9284,1.);
#1114=VECTOR('',#9287,1.);
#1115=VECTOR('',#9290,1.);
#1116=VECTOR('',#9293,1.);
#1117=VECTOR('',#9296,1.);
#1118=VECTOR('',#9299,1.);
#1119=VECTOR('',#9302,1.);
#1120=VECTOR('',#9305,1.);
#1121=VECTOR('',#9308,1.);
#1122=VECTOR('',#9311,1.);
#1123=VECTOR('',#9314,1.);
#1124=VECTOR('',#9317,1.);
#1125=VECTOR('',#9320,1.);
#1126=VECTOR('',#9321,1.);
#1127=VECTOR('',#9322,1.);
#1128=VECTOR('',#9325,1.);
#1129=VECTOR('',#9328,1.);
#1130=VECTOR('',#9331,1.);
#1131=VECTOR('',#9334,1.);
#1132=VECTOR('',#9337,1.);
#1133=VECTOR('',#9340,1.);
#1134=VECTOR('',#9343,1.);
#1135=VECTOR('',#9346,1.);
#1136=VECTOR('',#9349,1.);
#1137=VECTOR('',#9352,1.);
#1138=VECTOR('',#9355,1.);
#1139=VECTOR('',#9358,1.);
#1140=VECTOR('',#9361,1.);
#1141=VECTOR('',#9364,1.);
#1142=VECTOR('',#9367,1.);
#1143=VECTOR('',#9370,1.);
#1144=VECTOR('',#9373,1.);
#1145=VECTOR('',#9376,1.);
#1146=VECTOR('',#9379,1.);
#1147=VECTOR('',#9382,1.);
#1148=VECTOR('',#9385,1.);
#1149=VECTOR('',#9388,1.);
#1150=VECTOR('',#9389,1.);
#1151=VECTOR('',#9390,1.);
#1152=VECTOR('',#9393,1.);
#1153=VECTOR('',#9396,1.);
#1154=VECTOR('',#9399,1.);
#1155=VECTOR('',#9402,1.);
#1156=VECTOR('',#9405,1.);
#1157=VECTOR('',#9408,1.);
#1158=VECTOR('',#9409,1.);
#1159=VECTOR('',#9410,1.);
#1160=VECTOR('',#9413,1.);
#1161=VECTOR('',#9416,1.);
#1162=VECTOR('',#9419,1.);
#1163=VECTOR('',#9422,1.);
#1164=VECTOR('',#9425,1.);
#1165=VECTOR('',#9428,1.);
#1166=VECTOR('',#9431,1.);
#1167=VECTOR('',#9434,1.);
#1168=VECTOR('',#9437,1.);
#1169=VECTOR('',#9440,1.);
#1170=VECTOR('',#9443,1.);
#1171=VECTOR('',#9446,1.);
#1172=VECTOR('',#9449,1.);
#1173=VECTOR('',#9452,1.);
#1174=VECTOR('',#9455,1.);
#1175=VECTOR('',#9458,1.);
#1176=VECTOR('',#9461,1.);
#1177=VECTOR('',#9464,1.);
#1178=VECTOR('',#9467,1.);
#1179=VECTOR('',#9470,1.);
#1180=VECTOR('',#9473,1.);
#1181=VECTOR('',#9476,1.);
#1182=VECTOR('',#9479,1.);
#1183=VECTOR('',#9482,1.);
#1184=VECTOR('',#9485,1.);
#1185=VECTOR('',#9488,1.);
#1186=VECTOR('',#9491,1.);
#1187=VECTOR('',#9494,1.);
#1188=VECTOR('',#9497,1.);
#1189=VECTOR('',#9500,1.);
#1190=VECTOR('',#9503,1.);
#1191=VECTOR('',#9506,1.);
#1192=VECTOR('',#9509,1.);
#1193=VECTOR('',#9512,1.);
#1194=VECTOR('',#9515,1.);
#1195=VECTOR('',#9516,1.);
#1196=VECTOR('',#9517,1.);
#1197=VECTOR('',#9520,1.);
#1198=VECTOR('',#9523,1.);
#1199=VECTOR('',#9524,1.);
#1200=VECTOR('',#9527,1.);
#1201=VECTOR('',#9530,1.);
#1202=VECTOR('',#9533,1.);
#1203=VECTOR('',#9536,1.);
#1204=VECTOR('',#9537,1.);
#1205=VECTOR('',#9538,1.);
#1206=VECTOR('',#9539,1.);
#1207=VECTOR('',#9540,1.);
#1208=VECTOR('',#9543,1.);
#1209=VECTOR('',#9544,1.);
#1210=VECTOR('',#9547,1.);
#1211=VECTOR('',#9550,1.);
#1212=VECTOR('',#9553,1.);
#1213=VECTOR('',#9554,1.);
#1214=VECTOR('',#9557,1.);
#1215=VECTOR('',#9560,1.);
#1216=VECTOR('',#9563,1.);
#1217=VECTOR('',#9564,1.);
#1218=VECTOR('',#9567,1.);
#1219=VECTOR('',#9570,1.);
#1220=VECTOR('',#9573,1.);
#1221=VECTOR('',#9574,1.);
#1222=VECTOR('',#9577,1.);
#1223=VECTOR('',#9580,1.);
#1224=VECTOR('',#9583,1.);
#1225=VECTOR('',#9584,1.);
#1226=VECTOR('',#9587,1.);
#1227=VECTOR('',#9590,1.);
#1228=VECTOR('',#9593,1.);
#1229=VECTOR('',#9594,1.);
#1230=VECTOR('',#9597,1.);
#1231=VECTOR('',#9600,1.);
#1232=VECTOR('',#9603,1.);
#1233=VECTOR('',#9604,1.);
#1234=VECTOR('',#9607,1.);
#1235=VECTOR('',#9610,1.);
#1236=VECTOR('',#9613,1.);
#1237=VECTOR('',#9614,1.);
#1238=VECTOR('',#9617,1.);
#1239=VECTOR('',#9620,1.);
#1240=VECTOR('',#9621,1.);
#1241=VECTOR('',#9624,1.);
#1242=VECTOR('',#9625,1.);
#1243=VECTOR('',#9626,1.);
#1244=VECTOR('',#9629,1.);
#1245=VECTOR('',#9630,1.);
#1246=VECTOR('',#9633,1.);
#1247=VECTOR('',#9634,1.);
#1248=VECTOR('',#9637,1.);
#1249=VECTOR('',#9640,1.);
#1250=VECTOR('',#9643,1.);
#1251=VECTOR('',#9646,1.);
#1252=VECTOR('',#9649,1.);
#1253=VECTOR('',#9652,1.);
#1254=VECTOR('',#9655,1.);
#1255=VECTOR('',#9656,1.);
#1256=VECTOR('',#9659,1.);
#1257=VECTOR('',#9660,1.);
#1258=VECTOR('',#9661,1.);
#1259=VECTOR('',#9664,1.);
#1260=VECTOR('',#9673,1.);
#1261=VECTOR('',#9674,1.);
#1262=VECTOR('',#9677,1.);
#1263=VECTOR('',#9684,1.);
#1264=VECTOR('',#9687,1.);
#1265=VECTOR('',#9690,1.);
#1266=VECTOR('',#9691,1.);
#1267=VECTOR('',#9694,1.);
#1268=VECTOR('',#9695,1.);
#1269=VECTOR('',#9696,1.);
#1270=VECTOR('',#9699,1.);
#1271=VECTOR('',#9708,1.);
#1272=VECTOR('',#9711,1.);
#1273=VECTOR('',#9714,1.);
#1274=VECTOR('',#9717,1.);
#1275=VECTOR('',#9718,1.);
#1276=VECTOR('',#9721,1.);
#1277=VECTOR('',#9722,1.);
#1278=VECTOR('',#9723,1.);
#1279=VECTOR('',#9732,1.);
#1280=VECTOR('',#9733,1.);
#1281=VECTOR('',#9734,1.);
#1282=VECTOR('',#9737,1.);
#1283=VECTOR('',#9742,1.);
#1284=VECTOR('',#9745,1.);
#1285=VECTOR('',#9746,1.);
#1286=VECTOR('',#9753,1.);
#1287=VECTOR('',#9756,1.);
#1288=VECTOR('',#9759,1.);
#1289=VECTOR('',#9760,1.);
#1290=VECTOR('',#9763,1.);
#1291=VECTOR('',#9764,1.);
#1292=VECTOR('',#9765,1.);
#1293=VECTOR('',#9768,1.);
#1294=VECTOR('',#9777,1.);
#1295=VECTOR('',#9780,1.);
#1296=VECTOR('',#9783,1.);
#1297=VECTOR('',#9784,1.);
#1298=VECTOR('',#9787,1.);
#1299=VECTOR('',#9788,1.);
#1300=VECTOR('',#9789,1.);
#1301=VECTOR('',#9792,1.);
#1302=VECTOR('',#9801,1.);
#1303=VECTOR('',#9804,1.);
#1304=VECTOR('',#9807,1.);
#1305=VECTOR('',#9808,1.);
#1306=VECTOR('',#9811,1.);
#1307=VECTOR('',#9812,1.);
#1308=VECTOR('',#9813,1.);
#1309=VECTOR('',#9816,1.);
#1310=VECTOR('',#9825,1.);
#1311=VECTOR('',#9828,1.);
#1312=VECTOR('',#9831,1.);
#1313=VECTOR('',#9832,1.);
#1314=VECTOR('',#9835,1.);
#1315=VECTOR('',#9836,1.);
#1316=VECTOR('',#9837,1.);
#1317=VECTOR('',#9840,1.);
#1318=VECTOR('',#9849,1.);
#1319=VECTOR('',#9852,1.);
#1320=VECTOR('',#9859,1.);
#1321=VECTOR('',#9862,1.);
#1322=VECTOR('',#9865,1.);
#1323=VECTOR('',#9866,1.);
#1324=VECTOR('',#9869,1.);
#1325=VECTOR('',#9874,1.);
#1326=VECTOR('',#9875,1.);
#1327=VECTOR('',#9878,1.);
#1328=VECTOR('',#9883,1.);
#1329=VECTOR('',#9884,1.);
#1330=VECTOR('',#9887,1.);
#1331=VECTOR('',#9892,1.);
#1332=VECTOR('',#9897,1.);
#1333=VECTOR('',#9898,1.);
#1334=VECTOR('',#9899,1.);
#1335=VECTOR('',#9902,1.);
#1336=VECTOR('',#9907,1.);
#1337=VECTOR('',#9908,1.);
#1338=VECTOR('',#9911,1.);
#1339=VECTOR('',#9912,1.);
#1340=VECTOR('',#9915,1.);
#1341=VECTOR('',#9916,1.);
#1342=VECTOR('',#9925,1.);
#1343=VECTOR('',#9926,1.);
#1344=VECTOR('',#9927,1.);
#1345=VECTOR('',#9930,1.);
#1346=VECTOR('',#9935,1.);
#1347=VECTOR('',#9936,1.);
#1348=VECTOR('',#9939,1.);
#1349=VECTOR('',#9940,1.);
#1350=VECTOR('',#9949,1.);
#1351=VECTOR('',#9950,1.);
#1352=VECTOR('',#9951,1.);
#1353=VECTOR('',#9954,1.);
#1354=VECTOR('',#9959,1.);
#1355=VECTOR('',#9960,1.);
#1356=VECTOR('',#9963,1.);
#1357=VECTOR('',#9968,1.);
#1358=VECTOR('',#9969,1.);
#1359=VECTOR('',#9978,1.);
#1360=VECTOR('',#9979,1.);
#1361=VECTOR('',#9980,1.);
#1362=VECTOR('',#9983,1.);
#1363=VECTOR('',#9988,1.);
#1364=VECTOR('',#9989,1.);
#1365=VECTOR('',#9992,1.);
#1366=VECTOR('',#9997,1.);
#1367=VECTOR('',#9998,1.);
#1368=VECTOR('',#10007,1.);
#1369=VECTOR('',#10008,1.);
#1370=VECTOR('',#10009,1.);
#1371=VECTOR('',#10012,1.);
#1372=VECTOR('',#10017,1.);
#1373=VECTOR('',#10018,1.);
#1374=VECTOR('',#10021,1.);
#1375=VECTOR('',#10026,1.);
#1376=VECTOR('',#10027,1.);
#1377=VECTOR('',#10036,1.);
#1378=VECTOR('',#10037,1.);
#1379=VECTOR('',#10038,1.);
#1380=VECTOR('',#10041,1.);
#1381=VECTOR('',#10046,1.);
#1382=VECTOR('',#10047,1.);
#1383=VECTOR('',#10050,1.);
#1384=VECTOR('',#10055,1.);
#1385=VECTOR('',#10056,1.);
#1386=VECTOR('',#10065,1.);
#1387=VECTOR('',#10066,1.);
#1388=VECTOR('',#10067,1.);
#1389=VECTOR('',#10070,1.);
#1390=VECTOR('',#10075,1.);
#1391=VECTOR('',#10076,1.);
#1392=VECTOR('',#10079,1.);
#1393=VECTOR('',#10084,1.);
#1394=VECTOR('',#10085,1.);
#1395=VECTOR('',#10094,1.);
#1396=VECTOR('',#10095,1.);
#1397=VECTOR('',#10096,1.);
#1398=VECTOR('',#10099,1.);
#1399=VECTOR('',#10104,1.);
#1400=VECTOR('',#10105,1.);
#1401=VECTOR('',#10108,1.);
#1402=VECTOR('',#10113,1.);
#1403=VECTOR('',#10114,1.);
#1404=VECTOR('',#10123,1.);
#1405=VECTOR('',#10124,1.);
#1406=VECTOR('',#10125,1.);
#1407=VECTOR('',#10128,1.);
#1408=VECTOR('',#10133,1.);
#1409=VECTOR('',#10134,1.);
#1410=VECTOR('',#10137,1.);
#1411=VECTOR('',#10142,1.);
#1412=VECTOR('',#10147,1.);
#1413=VECTOR('',#10150,1.);
#1414=VECTOR('',#10153,1.);
#1415=VECTOR('',#10154,1.);
#1416=VECTOR('',#10157,1.);
#1417=VECTOR('',#10158,1.);
#1418=VECTOR('',#10161,1.);
#1419=VECTOR('',#10162,1.);
#1420=VECTOR('',#10165,1.);
#1421=VECTOR('',#10170,1.);
#1422=VECTOR('',#10175,1.);
#1423=VECTOR('',#10178,1.);
#1424=VECTOR('',#10181,1.);
#1425=VECTOR('',#10182,1.);
#1426=VECTOR('',#10185,1.);
#1427=VECTOR('',#10190,1.);
#1428=VECTOR('',#10191,1.);
#1429=VECTOR('',#10194,1.);
#1430=VECTOR('',#10199,1.);
#1431=VECTOR('',#10200,1.);
#1432=VECTOR('',#10203,1.);
#1433=VECTOR('',#10208,1.);
#1434=VECTOR('',#10213,1.);
#1435=VECTOR('',#10216,1.);
#1436=VECTOR('',#10219,1.);
#1437=VECTOR('',#10220,1.);
#1438=VECTOR('',#10223,1.);
#1439=VECTOR('',#10228,1.);
#1440=VECTOR('',#10229,1.);
#1441=VECTOR('',#10232,1.);
#1442=VECTOR('',#10237,1.);
#1443=VECTOR('',#10238,1.);
#1444=VECTOR('',#10241,1.);
#1445=VECTOR('',#10246,1.);
#1446=VECTOR('',#10251,1.);
#1447=VECTOR('',#10254,1.);
#1448=VECTOR('',#10257,1.);
#1449=VECTOR('',#10258,1.);
#1450=VECTOR('',#10261,1.);
#1451=VECTOR('',#10266,1.);
#1452=VECTOR('',#10267,1.);
#1453=VECTOR('',#10270,1.);
#1454=VECTOR('',#10275,1.);
#1455=VECTOR('',#10276,1.);
#1456=VECTOR('',#10279,1.);
#1457=VECTOR('',#10284,1.);
#1458=VECTOR('',#10289,1.);
#1459=VECTOR('',#10292,1.);
#1460=VECTOR('',#10295,1.);
#1461=VECTOR('',#10296,1.);
#1462=VECTOR('',#10299,1.);
#1463=VECTOR('',#10304,1.);
#1464=VECTOR('',#10305,1.);
#1465=VECTOR('',#10308,1.);
#1466=VECTOR('',#10313,1.);
#1467=VECTOR('',#10314,1.);
#1468=VECTOR('',#10317,1.);
#1469=VECTOR('',#10322,1.);
#1470=VECTOR('',#10327,1.);
#1471=VECTOR('',#10330,1.);
#1472=VECTOR('',#10333,1.);
#1473=VECTOR('',#10334,1.);
#1474=VECTOR('',#10337,1.);
#1475=VECTOR('',#10342,1.);
#1476=VECTOR('',#10343,1.);
#1477=VECTOR('',#10346,1.);
#1478=VECTOR('',#10351,1.);
#1479=VECTOR('',#10352,1.);
#1480=VECTOR('',#10355,1.);
#1481=VECTOR('',#10360,1.);
#1482=VECTOR('',#10365,1.);
#1483=VECTOR('',#10368,1.);
#1484=VECTOR('',#10371,1.);
#1485=VECTOR('',#10372,1.);
#1486=VECTOR('',#10375,1.);
#1487=VECTOR('',#10380,1.);
#1488=VECTOR('',#10381,1.);
#1489=VECTOR('',#10384,1.);
#1490=VECTOR('',#10389,1.);
#1491=VECTOR('',#10390,1.);
#1492=VECTOR('',#10393,1.);
#1493=VECTOR('',#10398,1.);
#1494=VECTOR('',#10403,1.);
#1495=VECTOR('',#10406,1.);
#1496=VECTOR('',#10409,1.);
#1497=VECTOR('',#10410,1.);
#1498=VECTOR('',#10413,1.);
#1499=VECTOR('',#10418,1.);
#1500=VECTOR('',#10419,1.);
#1501=VECTOR('',#10422,1.);
#1502=VECTOR('',#10427,1.);
#1503=VECTOR('',#10428,1.);
#1504=VECTOR('',#10431,1.);
#1505=VECTOR('',#10436,1.);
#1506=VECTOR('',#10441,1.);
#1507=VECTOR('',#10444,1.);
#1508=VECTOR('',#10447,1.);
#1509=VECTOR('',#10448,1.);
#1510=VECTOR('',#10451,1.);
#1511=VECTOR('',#10456,1.);
#1512=VECTOR('',#10457,1.);
#1513=VECTOR('',#10460,1.);
#1514=VECTOR('',#10465,1.);
#1515=VECTOR('',#10466,1.);
#1516=VECTOR('',#10469,1.);
#1517=VECTOR('',#10474,1.);
#1518=VECTOR('',#10479,1.);
#1519=VECTOR('',#10482,1.);
#1520=VECTOR('',#10485,1.);
#1521=VECTOR('',#10486,1.);
#1522=VECTOR('',#10489,1.);
#1523=VECTOR('',#10494,1.);
#1524=VECTOR('',#10495,1.);
#1525=VECTOR('',#10498,1.);
#1526=VECTOR('',#10499,1.);
#1527=VECTOR('',#10502,1.);
#1528=VECTOR('',#10507,1.);
#1529=VECTOR('',#10510,1.);
#1530=VECTOR('',#10513,1.);
#1531=VECTOR('',#10514,1.);
#1532=VECTOR('',#10517,1.);
#1533=VECTOR('',#10522,1.);
#1534=VECTOR('',#10523,1.);
#1535=VECTOR('',#10526,1.);
#1536=VECTOR('',#10531,1.);
#1537=VECTOR('',#10532,1.);
#1538=VECTOR('',#10535,1.);
#1539=VECTOR('',#10540,1.);
#1540=VECTOR('',#10545,1.);
#1541=VECTOR('',#10548,1.);
#1542=VECTOR('',#10551,1.);
#1543=VECTOR('',#10552,1.);
#1544=VECTOR('',#10555,1.);
#1545=VECTOR('',#10560,1.);
#1546=VECTOR('',#10561,1.);
#1547=VECTOR('',#10564,1.);
#1548=VECTOR('',#10565,1.);
#1549=VECTOR('',#10568,1.);
#1550=VECTOR('',#10573,1.);
#1551=VECTOR('',#10576,1.);
#1552=VECTOR('',#10579,1.);
#1553=VECTOR('',#10580,1.);
#1554=VECTOR('',#10583,1.);
#1555=VECTOR('',#10588,1.);
#1556=VECTOR('',#10589,1.);
#1557=VECTOR('',#10592,1.);
#1558=VECTOR('',#10597,1.);
#1559=VECTOR('',#10598,1.);
#1560=VECTOR('',#10601,1.);
#1561=VECTOR('',#10606,1.);
#1562=VECTOR('',#10611,1.);
#1563=VECTOR('',#10614,1.);
#1564=VECTOR('',#10617,1.);
#1565=VECTOR('',#10618,1.);
#1566=VECTOR('',#10621,1.);
#1567=VECTOR('',#10626,1.);
#1568=VECTOR('',#10627,1.);
#1569=VECTOR('',#10630,1.);
#1570=VECTOR('',#10635,1.);
#1571=VECTOR('',#10636,1.);
#1572=VECTOR('',#10639,1.);
#1573=VECTOR('',#10644,1.);
#1574=VECTOR('',#10649,1.);
#1575=VECTOR('',#10652,1.);
#1576=VECTOR('',#10655,1.);
#1577=VECTOR('',#10656,1.);
#1578=VECTOR('',#10659,1.);
#1579=VECTOR('',#10664,1.);
#1580=VECTOR('',#10665,1.);
#1581=VECTOR('',#10668,1.);
#1582=VECTOR('',#10673,1.);
#1583=VECTOR('',#10674,1.);
#1584=VECTOR('',#10677,1.);
#1585=VECTOR('',#10682,1.);
#1586=VECTOR('',#10687,1.);
#1587=VECTOR('',#10690,1.);
#1588=VECTOR('',#10693,1.);
#1589=VECTOR('',#10694,1.);
#1590=VECTOR('',#10697,1.);
#1591=VECTOR('',#10702,1.);
#1592=VECTOR('',#10703,1.);
#1593=VECTOR('',#10706,1.);
#1594=VECTOR('',#10711,1.);
#1595=VECTOR('',#10712,1.);
#1596=VECTOR('',#10715,1.);
#1597=VECTOR('',#10720,1.);
#1598=VECTOR('',#10731,1.);
#1599=VECTOR('',#10734,1.);
#1600=VECTOR('',#10737,1.);
#1601=VECTOR('',#10738,1.);
#1602=VECTOR('',#10741,1.);
#1603=VECTOR('',#10746,1.);
#1604=VECTOR('',#10747,1.);
#1605=VECTOR('',#10750,1.);
#1606=VECTOR('',#10755,1.);
#1607=VECTOR('',#10756,1.);
#1608=VECTOR('',#10759,1.);
#1609=VECTOR('',#10764,1.);
#1610=VECTOR('',#10777,1.);
#1611=VECTOR('',#10780,1.);
#1612=VECTOR('',#10783,1.);
#1613=VECTOR('',#10784,1.);
#1614=VECTOR('',#10787,1.);
#1615=VECTOR('',#10792,1.);
#1616=VECTOR('',#10793,1.);
#1617=VECTOR('',#10796,1.);
#1618=VECTOR('',#10797,1.);
#1619=VECTOR('',#10800,1.);
#1620=VECTOR('',#10805,1.);
#1621=VECTOR('',#10808,1.);
#1622=VECTOR('',#10811,1.);
#1623=VECTOR('',#10812,1.);
#1624=VECTOR('',#10815,1.);
#1625=VECTOR('',#10820,1.);
#1626=VECTOR('',#10821,1.);
#1627=VECTOR('',#10824,1.);
#1628=VECTOR('',#10829,1.);
#1629=VECTOR('',#10830,1.);
#1630=VECTOR('',#10833,1.);
#1631=VECTOR('',#10838,1.);
#1632=VECTOR('',#10843,1.);
#1633=VECTOR('',#10846,1.);
#1634=VECTOR('',#10849,1.);
#1635=VECTOR('',#10850,1.);
#1636=VECTOR('',#10853,1.);
#1637=VECTOR('',#10858,1.);
#1638=VECTOR('',#10859,1.);
#1639=VECTOR('',#10862,1.);
#1640=VECTOR('',#10867,1.);
#1641=VECTOR('',#10868,1.);
#1642=VECTOR('',#10871,1.);
#1643=VECTOR('',#10876,1.);
#1644=VECTOR('',#10881,1.);
#1645=VECTOR('',#10884,1.);
#1646=VECTOR('',#10887,1.);
#1647=VECTOR('',#10888,1.);
#1648=VECTOR('',#10891,1.);
#1649=VECTOR('',#10896,1.);
#1650=VECTOR('',#10897,1.);
#1651=VECTOR('',#10900,1.);
#1652=VECTOR('',#10905,1.);
#1653=VECTOR('',#10906,1.);
#1654=VECTOR('',#10909,1.);
#1655=VECTOR('',#10914,1.);
#1656=VECTOR('',#10919,1.);
#1657=VECTOR('',#10920,1.);
#1658=VECTOR('',#10921,1.);
#1659=VECTOR('',#10924,1.);
#1660=VECTOR('',#10929,1.);
#1661=VECTOR('',#10930,1.);
#1662=VECTOR('',#10933,1.);
#1663=VECTOR('',#10938,1.);
#1664=VECTOR('',#10939,1.);
#1665=VECTOR('',#10942,1.);
#1666=VECTOR('',#10947,1.);
#1667=VECTOR('',#10948,1.);
#1668=VECTOR('',#10957,1.);
#1669=VECTOR('',#10958,1.);
#1670=VECTOR('',#10959,1.);
#1671=VECTOR('',#10962,1.);
#1672=VECTOR('',#10967,1.);
#1673=VECTOR('',#10968,1.);
#1674=VECTOR('',#10971,1.);
#1675=VECTOR('',#10976,1.);
#1676=VECTOR('',#10977,1.);
#1677=VECTOR('',#10980,1.);
#1678=VECTOR('',#10985,1.);
#1679=VECTOR('',#10986,1.);
#1680=VECTOR('',#10995,1.);
#1681=VECTOR('',#10998,1.);
#1682=VECTOR('',#11001,1.);
#1683=VECTOR('',#11002,1.);
#1684=VECTOR('',#11005,1.);
#1685=VECTOR('',#11010,1.);
#1686=VECTOR('',#11011,1.);
#1687=VECTOR('',#11014,1.);
#1688=VECTOR('',#11019,1.);
#1689=VECTOR('',#11020,1.);
#1690=VECTOR('',#11023,1.);
#1691=VECTOR('',#11028,1.);
#1692=VECTOR('',#11033,1.);
#1693=VECTOR('',#11036,1.);
#1694=VECTOR('',#11039,1.);
#1695=VECTOR('',#11040,1.);
#1696=VECTOR('',#11043,1.);
#1697=VECTOR('',#11044,1.);
#1698=VECTOR('',#11047,1.);
#1699=VECTOR('',#11048,1.);
#1700=VECTOR('',#11051,1.);
#1701=VECTOR('',#11056,1.);
#1702=B_SPLINE_CURVE_WITH_KNOTS('',3,(#11071,#11072,#11073,#11074),
 .UNSPECIFIED.,.F.,.F.,(4,4),(0.,1.),.UNSPECIFIED.);
#1703=B_SPLINE_CURVE_WITH_KNOTS('',3,(#11085,#11086,#11087,#11088),
 .UNSPECIFIED.,.F.,.F.,(4,4),(0.,1.),.UNSPECIFIED.);
#1704=B_SPLINE_CURVE_WITH_KNOTS('',3,(#11242,#11243,#11244,#11245,#11246),
 .UNSPECIFIED.,.F.,.F.,(4,1,4),(0.,0.5,1.),.UNSPECIFIED.);
#1705=B_SPLINE_CURVE_WITH_KNOTS('',3,(#11249,#11250,#11251,#11252),
 .UNSPECIFIED.,.F.,.F.,(4,4),(0.,0.00175067514053713),.UNSPECIFIED.);
#1706=B_SPLINE_CURVE_WITH_KNOTS('',3,(#11253,#11254,#11255,#11256),
 .UNSPECIFIED.,.F.,.F.,(4,4),(0.,0.00175049366007017),.UNSPECIFIED.);
#1707=B_SPLINE_CURVE_WITH_KNOTS('',3,(#11258,#11259,#11260,#11261,#11262),
 .UNSPECIFIED.,.F.,.F.,(4,1,4),(0.,0.5,1.),.UNSPECIFIED.);
#1708=B_SPLINE_CURVE_WITH_KNOTS('',3,(#11264,#11265,#11266,#11267),
 .UNSPECIFIED.,.F.,.F.,(4,4),(0.,1.),.UNSPECIFIED.);
#1709=B_SPLINE_CURVE_WITH_KNOTS('',3,(#11295,#11296,#11297,#11298),
 .UNSPECIFIED.,.F.,.F.,(4,4),(0.,0.00258388606875615),.UNSPECIFIED.);
#1710=B_SPLINE_CURVE_WITH_KNOTS('',3,(#11307,#11308,#11309,#11310,#11311),
 .UNSPECIFIED.,.F.,.F.,(4,1,4),(-1.08700681229668E-5,0.00107268461978316,
0.00215623930768929),.UNSPECIFIED.);
#1711=B_SPLINE_CURVE_WITH_KNOTS('',3,(#11313,#11314,#11315,#11316),
 .UNSPECIFIED.,.F.,.F.,(4,4),(0.,0.0028839069413192),.UNSPECIFIED.);
#1712=B_SPLINE_CURVE_WITH_KNOTS('',3,(#11318,#11319,#11320,#11321),
 .UNSPECIFIED.,.F.,.F.,(4,4),(-6.9420364915199E-5,0.00144754190165998),
 .UNSPECIFIED.);
#1713=B_SPLINE_CURVE_WITH_KNOTS('',3,(#11323,#11324,#11325,#11326),
 .UNSPECIFIED.,.F.,.F.,(4,4),(0.,1.),.UNSPECIFIED.);
#1714=B_SPLINE_CURVE_WITH_KNOTS('',3,(#11465,#11466,#11467,#11468),
 .UNSPECIFIED.,.F.,.F.,(4,4),(0.,0.0025779640114494),.UNSPECIFIED.);
#1715=B_SPLINE_CURVE_WITH_KNOTS('',3,(#11470,#11471,#11472,#11473,#11474),
 .UNSPECIFIED.,.F.,.F.,(4,1,4),(0.,0.5,1.),.UNSPECIFIED.);
#1716=B_SPLINE_CURVE_WITH_KNOTS('',3,(#11476,#11477,#11478,#11479,#11480,
#11481,#11482,#11483,#11484,#11485,#11486,#11487),.UNSPECIFIED.,.F.,.F.,
(4,1,1,1,1,1,1,1,1,4),(0.,0.125,0.25,0.375,0.4375,0.5,0.5625,0.625,0.75,
1.),.UNSPECIFIED.);
#1717=B_SPLINE_CURVE_WITH_KNOTS('',3,(#11489,#11490,#11491,#11492),
 .UNSPECIFIED.,.F.,.F.,(4,4),(0.,1.),.UNSPECIFIED.);
#1718=B_SPLINE_CURVE_WITH_KNOTS('',3,(#11494,#11495,#11496,#11497,#11498),
 .UNSPECIFIED.,.F.,.F.,(4,1,4),(0.,0.5,1.),.UNSPECIFIED.);
#1719=B_SPLINE_CURVE_WITH_KNOTS('',3,(#11501,#11502,#11503,#11504),
 .UNSPECIFIED.,.F.,.F.,(4,4),(0.,0.0017506750957827),.UNSPECIFIED.);
#1720=B_SPLINE_CURVE_WITH_KNOTS('',3,(#11505,#11506,#11507,#11508),
 .UNSPECIFIED.,.F.,.F.,(4,4),(0.,0.0017504937338469),.UNSPECIFIED.);
#1721=B_SPLINE_CURVE_WITH_KNOTS('',3,(#11510,#11511,#11512,#11513,#11514),
 .UNSPECIFIED.,.F.,.F.,(4,1,4),(0.,0.5,1.),.UNSPECIFIED.);
#1722=B_SPLINE_CURVE_WITH_KNOTS('',3,(#11516,#11517,#11518,#11519),
 .UNSPECIFIED.,.F.,.F.,(4,4),(0.,1.),.UNSPECIFIED.);
#1723=B_SPLINE_CURVE_WITH_KNOTS('',3,(#11658,#11659,#11660,#11661),
 .UNSPECIFIED.,.F.,.F.,(4,4),(0.,0.00257841425437039),.UNSPECIFIED.);
#1724=B_SPLINE_CURVE_WITH_KNOTS('',3,(#11710,#11711,#11712,#11713,#11714,
#11715,#11716,#11717,#11718,#11719,#11720,#11721),.UNSPECIFIED.,.F.,.F.,
(4,1,1,1,1,1,1,1,1,4),(0.,0.25,0.375,0.4375,0.5,0.5625,0.625,0.75,0.875,
1.),.UNSPECIFIED.);
#1725=B_SPLINE_CURVE_WITH_KNOTS('',3,(#11723,#11724,#11725,#11726,#11727),
 .UNSPECIFIED.,.F.,.F.,(4,1,4),(0.,0.5,1.),.UNSPECIFIED.);
#1726=B_SPLINE_CURVE_WITH_KNOTS('',3,(#11755,#11756,#11757,#11758),
 .UNSPECIFIED.,.F.,.F.,(4,4),(0.,0.00258283396867613),.UNSPECIFIED.);
#1727=B_SPLINE_CURVE_WITH_KNOTS('',3,(#11760,#11761,#11762,#11763),
 .UNSPECIFIED.,.F.,.F.,(4,4),(0.,1.),.UNSPECIFIED.);
#1728=B_SPLINE_CURVE_WITH_KNOTS('',3,(#11765,#11766,#11767,#11768),
 .UNSPECIFIED.,.F.,.F.,(4,4),(-6.9420253713603E-5,0.00144754282714434),
 .UNSPECIFIED.);
#1729=B_SPLINE_CURVE_WITH_KNOTS('',3,(#11770,#11771,#11772,#11773),
 .UNSPECIFIED.,.F.,.F.,(4,4),(0.,0.00288390717847324),.UNSPECIFIED.);
#1730=B_SPLINE_CURVE_WITH_KNOTS('',3,(#11775,#11776,#11777,#11778,#11779),
 .UNSPECIFIED.,.F.,.F.,(4,1,4),(-1.08700681229966E-5,0.00107214071744095,
0.0021551515030049),.UNSPECIFIED.);
#1731=B_SPLINE_CURVE_WITH_KNOTS('',3,(#11788,#11789,#11790,#11791),
 .UNSPECIFIED.,.F.,.F.,(4,4),(0.,0.0642881480918793),.UNSPECIFIED.);
#1732=B_SPLINE_CURVE_WITH_KNOTS('',3,(#11795,#11796,#11797,#11798),
 .UNSPECIFIED.,.F.,.F.,(4,4),(0.,0.0643905666107948),.UNSPECIFIED.);
#1733=B_SPLINE_CURVE_WITH_KNOTS('',3,(#11804,#11805,#11806,#11807),
 .UNSPECIFIED.,.F.,.F.,(4,4),(0.93561046736967,1.),.UNSPECIFIED.);
#1734=B_SPLINE_CURVE_WITH_KNOTS('',3,(#11809,#11810,#11811,#11812),
 .UNSPECIFIED.,.F.,.F.,(4,4),(0.,1.),.UNSPECIFIED.);
#1735=B_SPLINE_CURVE_WITH_KNOTS('',3,(#11813,#11814,#11815,#11816,#11817),
 .UNSPECIFIED.,.F.,.F.,(4,1,4),(0.,0.00174972841512808,0.00349945683025617),
 .UNSPECIFIED.);
#1736=B_SPLINE_CURVE_WITH_KNOTS('',3,(#11818,#11819,#11820,#11821,#11822),
 .UNSPECIFIED.,.F.,.F.,(4,1,4),(0.,0.00174972844406573,0.00349945688813146),
 .UNSPECIFIED.);
#1737=B_SPLINE_CURVE_WITH_KNOTS('',3,(#11824,#11825,#11826,#11827),
 .UNSPECIFIED.,.F.,.F.,(4,4),(0.935712863644192,1.),.UNSPECIFIED.);
#1738=B_SPLINE_CURVE_WITH_KNOTS('',3,(#11829,#11830,#11831,#11832),
 .UNSPECIFIED.,.F.,.F.,(4,4),(0.00278398697989398,0.00585368299586909),
 .UNSPECIFIED.);
#1739=B_SPLINE_CURVE_WITH_KNOTS('',3,(#11834,#11835,#11836,#11837),
 .UNSPECIFIED.,.F.,.F.,(4,4),(0.,1.),.UNSPECIFIED.);
#1740=B_SPLINE_CURVE_WITH_KNOTS('',3,(#11839,#11840,#11841,#11842),
 .UNSPECIFIED.,.F.,.F.,(4,4),(0.00278396079369559,0.00585366295413475),
 .UNSPECIFIED.);
#1741=B_SPLINE_CURVE_WITH_KNOTS('',3,(#11843,#11844,#11845,#11846,#11847),
 .UNSPECIFIED.,.F.,.F.,(4,1,4),(0.,0.00174972842065927,0.00349945684131854),
 .UNSPECIFIED.);
#1742=B_SPLINE_CURVE_WITH_KNOTS('',3,(#11848,#11849,#11850,#11851,#11852),
 .UNSPECIFIED.,.F.,.F.,(4,1,4),(0.,0.00174972842573899,0.00349945685147799),
 .UNSPECIFIED.);
#1743=B_SPLINE_CURVE_WITH_KNOTS('',3,(#11854,#11855,#11856,#11857),
 .UNSPECIFIED.,.F.,.F.,(4,4),(0.166666666690779,1.),.UNSPECIFIED.);
#1744=B_SPLINE_CURVE_WITH_KNOTS('',3,(#11859,#11860,#11861,#11862),
 .UNSPECIFIED.,.F.,.F.,(4,4),(0.,0.833333333333335),.UNSPECIFIED.);
#1745=B_SPLINE_CURVE_WITH_KNOTS('',3,(#11864,#11865,#11866,#11867,#11868),
 .UNSPECIFIED.,.F.,.F.,(4,1,4),(0.,0.0039053982634825,0.00781079652696501),
 .UNSPECIFIED.);
#1746=B_SPLINE_CURVE_WITH_KNOTS('',3,(#11870,#11871,#11872,#11873),
 .UNSPECIFIED.,.F.,.F.,(4,4),(0.,0.833333333333333),.UNSPECIFIED.);
#1747=B_SPLINE_CURVE_WITH_KNOTS('',3,(#11875,#11876,#11877,#11878,#11879),
 .UNSPECIFIED.,.F.,.F.,(4,1,4),(0.,0.00390539826348251,0.00781079652696502),
 .UNSPECIFIED.);
#1748=B_SPLINE_CURVE_WITH_KNOTS('',3,(#11881,#11882,#11883,#11884),
 .UNSPECIFIED.,.F.,.F.,(4,4),(0.166666666642554,1.),.UNSPECIFIED.);
#1749=B_SPLINE_CURVE_WITH_KNOTS('',3,(#11886,#11887,#11888,#11889),
 .UNSPECIFIED.,.F.,.F.,(4,4),(0.,0.833333333333316),.UNSPECIFIED.);
#1750=B_SPLINE_CURVE_WITH_KNOTS('',3,(#11891,#11892,#11893,#11894,#11895),
 .UNSPECIFIED.,.F.,.F.,(4,1,4),(0.,0.0039053982634825,0.007810796526965),
 .UNSPECIFIED.);
#1751=B_SPLINE_CURVE_WITH_KNOTS('',3,(#11897,#11898,#11899,#11900),
 .UNSPECIFIED.,.F.,.F.,(4,4),(0.166666666666668,1.),.UNSPECIFIED.);
#1752=B_SPLINE_CURVE_WITH_KNOTS('',3,(#11902,#11903,#11904,#11905),
 .UNSPECIFIED.,.F.,.F.,(4,4),(0.166666666666666,1.),.UNSPECIFIED.);
#1753=B_SPLINE_CURVE_WITH_KNOTS('',3,(#11907,#11908,#11909,#11910),
 .UNSPECIFIED.,.F.,.F.,(4,4),(0.,0.833333333286004),.UNSPECIFIED.);
#1754=B_SPLINE_CURVE_WITH_KNOTS('',3,(#11912,#11913,#11914,#11915,#11916),
 .UNSPECIFIED.,.F.,.F.,(4,1,4),(0.,0.00390539826348248,0.00781079652696497),
 .UNSPECIFIED.);
#1755=(
BOUNDED_CURVE()
B_SPLINE_CURVE(3,(#11064,#11065,#11066,#11067),.UNSPECIFIED.,.F.,.F.)
B_SPLINE_CURVE_WITH_KNOTS((4,4),(-0.0695,0.0695),
 .PIECEWISE_BEZIER_KNOTS.)
CURVE()
GEOMETRIC_REPRESENTATION_ITEM()
RATIONAL_B_SPLINE_CURVE((1.,1.,1.,1.))
REPRESENTATION_ITEM('')
);
#1756=(
BOUNDED_CURVE()
B_SPLINE_CURVE(3,(#11078,#11079,#11080,#11081),.UNSPECIFIED.,.F.,.F.)
B_SPLINE_CURVE_WITH_KNOTS((4,4),(-0.0695,0.0695),
 .PIECEWISE_BEZIER_KNOTS.)
CURVE()
GEOMETRIC_REPRESENTATION_ITEM()
RATIONAL_B_SPLINE_CURVE((1.,1.,1.,1.))
REPRESENTATION_ITEM('')
);
#1757=(
BOUNDED_CURVE()
B_SPLINE_CURVE(3,(#11300,#11301,#11302,#11303,#11304,#11305),
 .UNSPECIFIED.,.F.,.F.)
B_SPLINE_CURVE_WITH_KNOTS((4,2,4),(-0.07225,-0.070875,-0.0695),
 .UNSPECIFIED.)
CURVE()
GEOMETRIC_REPRESENTATION_ITEM()
RATIONAL_B_SPLINE_CURVE((1.,1.,1.,1.,1.,1.))
REPRESENTATION_ITEM('')
);
#1758=(
BOUNDED_CURVE()
B_SPLINE_CURVE(3,(#11663,#11664,#11665,#11666,#11667,#11668,#11669,#11670,
#11671,#11672,#11673,#11674,#11675,#11676,#11677,#11678,#11679,#11680,#11681,
#11682,#11683,#11684,#11685,#11686,#11687,#11688,#11689,#11690,#11691,#11692,
#11693,#11694,#11695,#11696,#11697,#11698,#11699,#11700,#11701,#11702,#11703,
#11704,#11705,#11706,#11707,#11708),.UNSPECIFIED.,.F.,.F.)
B_SPLINE_CURVE_WITH_KNOTS((4,2,2,2,2,2,2,2,2,2,2,2,2,2,2,2,2,2,2,2,2,2,
4),(0.0695,0.07075,0.072,0.072625,0.07325,0.0735625,0.073875,0.07403125,
0.0741875,0.07434375,0.074421875,0.0744609375,0.07448046875,0.074490234375,
0.0744951171875,0.07449755859375,0.074498779296875,0.0744993896484375,0.0744996948242188,
0.0744998474121094,0.0744999237060547,0.0744999618530274,0.0745),
 .UNSPECIFIED.)
CURVE()
GEOMETRIC_REPRESENTATION_ITEM()
RATIONAL_B_SPLINE_CURVE((1.,1.,1.,1.,1.,1.,1.,1.,1.,1.,1.,1.,1.,1.,1.,1.,
1.,1.,1.,1.,1.,1.,1.,1.,1.,1.,1.,1.,1.,1.,1.,1.,1.,1.,1.,1.,1.,1.,1.,1.,
1.,1.,1.,1.,1.,1.))
REPRESENTATION_ITEM('')
);
#1759=(
BOUNDED_CURVE()
B_SPLINE_CURVE(3,(#11781,#11782,#11783,#11784,#11785,#11786),
 .UNSPECIFIED.,.F.,.F.)
B_SPLINE_CURVE_WITH_KNOTS((4,2,4),(-0.07225,-0.070875,-0.0695),
 .UNSPECIFIED.)
CURVE()
GEOMETRIC_REPRESENTATION_ITEM()
RATIONAL_B_SPLINE_CURVE((1.,1.,1.,1.,1.,1.))
REPRESENTATION_ITEM('')
);
#1760=ORIENTED_EDGE('',*,*,#4026,.T.);
#1761=ORIENTED_EDGE('',*,*,#4027,.T.);
#1762=ORIENTED_EDGE('',*,*,#4028,.T.);
#1763=ORIENTED_EDGE('',*,*,#4029,.T.);
#1764=ORIENTED_EDGE('',*,*,#4030,.T.);
#1765=ORIENTED_EDGE('',*,*,#4031,.T.);
#1766=ORIENTED_EDGE('',*,*,#4032,.T.);
#1767=ORIENTED_EDGE('',*,*,#4033,.T.);
#1768=ORIENTED_EDGE('',*,*,#4034,.F.);
#1769=ORIENTED_EDGE('',*,*,#4035,.T.);
#1770=ORIENTED_EDGE('',*,*,#4036,.F.);
#1771=ORIENTED_EDGE('',*,*,#4037,.T.);
#1772=ORIENTED_EDGE('',*,*,#4038,.T.);
#1773=ORIENTED_EDGE('',*,*,#4039,.T.);
#1774=ORIENTED_EDGE('',*,*,#4040,.T.);
#1775=ORIENTED_EDGE('',*,*,#4041,.T.);
#1776=ORIENTED_EDGE('',*,*,#4042,.F.);
#1777=ORIENTED_EDGE('',*,*,#4043,.T.);
#1778=ORIENTED_EDGE('',*,*,#4044,.F.);
#1779=ORIENTED_EDGE('',*,*,#4045,.T.);
#1780=ORIENTED_EDGE('',*,*,#4046,.T.);
#1781=ORIENTED_EDGE('',*,*,#4047,.T.);
#1782=ORIENTED_EDGE('',*,*,#4048,.T.);
#1783=ORIENTED_EDGE('',*,*,#4049,.T.);
#1784=ORIENTED_EDGE('',*,*,#4050,.F.);
#1785=ORIENTED_EDGE('',*,*,#4051,.F.);
#1786=ORIENTED_EDGE('',*,*,#4052,.T.);
#1787=ORIENTED_EDGE('',*,*,#4053,.T.);
#1788=ORIENTED_EDGE('',*,*,#4054,.F.);
#1789=ORIENTED_EDGE('',*,*,#4055,.T.);
#1790=ORIENTED_EDGE('',*,*,#4056,.F.);
#1791=ORIENTED_EDGE('',*,*,#4057,.T.);
#1792=ORIENTED_EDGE('',*,*,#4058,.T.);
#1793=ORIENTED_EDGE('',*,*,#4059,.T.);
#1794=ORIENTED_EDGE('',*,*,#4060,.T.);
#1795=ORIENTED_EDGE('',*,*,#4061,.T.);
#1796=ORIENTED_EDGE('',*,*,#4062,.T.);
#1797=ORIENTED_EDGE('',*,*,#4063,.T.);
#1798=ORIENTED_EDGE('',*,*,#4064,.F.);
#1799=ORIENTED_EDGE('',*,*,#4065,.T.);
#1800=ORIENTED_EDGE('',*,*,#4066,.F.);
#1801=ORIENTED_EDGE('',*,*,#4067,.T.);
#1802=ORIENTED_EDGE('',*,*,#4068,.T.);
#1803=ORIENTED_EDGE('',*,*,#4069,.T.);
#1804=ORIENTED_EDGE('',*,*,#4070,.T.);
#1805=ORIENTED_EDGE('',*,*,#4071,.T.);
#1806=ORIENTED_EDGE('',*,*,#4072,.F.);
#1807=ORIENTED_EDGE('',*,*,#4073,.T.);
#1808=ORIENTED_EDGE('',*,*,#4074,.T.);
#1809=ORIENTED_EDGE('',*,*,#4075,.T.);
#1810=ORIENTED_EDGE('',*,*,#4076,.T.);
#1811=ORIENTED_EDGE('',*,*,#4077,.T.);
#1812=ORIENTED_EDGE('',*,*,#4078,.F.);
#1813=ORIENTED_EDGE('',*,*,#4079,.T.);
#1814=ORIENTED_EDGE('',*,*,#4080,.F.);
#1815=ORIENTED_EDGE('',*,*,#4081,.T.);
#1816=ORIENTED_EDGE('',*,*,#4082,.T.);
#1817=ORIENTED_EDGE('',*,*,#4083,.T.);
#1818=ORIENTED_EDGE('',*,*,#4084,.T.);
#1819=ORIENTED_EDGE('',*,*,#4085,.T.);
#1820=ORIENTED_EDGE('',*,*,#4086,.F.);
#1821=ORIENTED_EDGE('',*,*,#4087,.T.);
#1822=ORIENTED_EDGE('',*,*,#4088,.F.);
#1823=ORIENTED_EDGE('',*,*,#4089,.T.);
#1824=ORIENTED_EDGE('',*,*,#4090,.T.);
#1825=ORIENTED_EDGE('',*,*,#4091,.T.);
#1826=ORIENTED_EDGE('',*,*,#4092,.T.);
#1827=ORIENTED_EDGE('',*,*,#4093,.T.);
#1828=ORIENTED_EDGE('',*,*,#4094,.F.);
#1829=ORIENTED_EDGE('',*,*,#4095,.T.);
#1830=ORIENTED_EDGE('',*,*,#4096,.F.);
#1831=ORIENTED_EDGE('',*,*,#4097,.T.);
#1832=ORIENTED_EDGE('',*,*,#4098,.T.);
#1833=ORIENTED_EDGE('',*,*,#4099,.T.);
#1834=ORIENTED_EDGE('',*,*,#4100,.T.);
#1835=ORIENTED_EDGE('',*,*,#4101,.T.);
#1836=ORIENTED_EDGE('',*,*,#4102,.F.);
#1837=ORIENTED_EDGE('',*,*,#4103,.T.);
#1838=ORIENTED_EDGE('',*,*,#4104,.F.);
#1839=ORIENTED_EDGE('',*,*,#4105,.T.);
#1840=ORIENTED_EDGE('',*,*,#4106,.T.);
#1841=ORIENTED_EDGE('',*,*,#4107,.T.);
#1842=ORIENTED_EDGE('',*,*,#4108,.T.);
#1843=ORIENTED_EDGE('',*,*,#4109,.T.);
#1844=ORIENTED_EDGE('',*,*,#4110,.F.);
#1845=ORIENTED_EDGE('',*,*,#4111,.F.);
#1846=ORIENTED_EDGE('',*,*,#4031,.F.);
#1847=ORIENTED_EDGE('',*,*,#4112,.F.);
#1848=ORIENTED_EDGE('',*,*,#4113,.T.);
#1849=ORIENTED_EDGE('',*,*,#4114,.F.);
#1850=ORIENTED_EDGE('',*,*,#4113,.F.);
#1851=ORIENTED_EDGE('',*,*,#4115,.F.);
#1852=ORIENTED_EDGE('',*,*,#4116,.F.);
#1853=ORIENTED_EDGE('',*,*,#4117,.F.);
#1854=ORIENTED_EDGE('',*,*,#4118,.F.);
#1855=ORIENTED_EDGE('',*,*,#4119,.F.);
#1856=ORIENTED_EDGE('',*,*,#4120,.F.);
#1857=ORIENTED_EDGE('',*,*,#4121,.F.);
#1858=ORIENTED_EDGE('',*,*,#4110,.T.);
#1859=ORIENTED_EDGE('',*,*,#4122,.F.);
#1860=ORIENTED_EDGE('',*,*,#4123,.F.);
#1861=ORIENTED_EDGE('',*,*,#4124,.F.);
#1862=ORIENTED_EDGE('',*,*,#4125,.F.);
#1863=ORIENTED_EDGE('',*,*,#4126,.F.);
#1864=ORIENTED_EDGE('',*,*,#4027,.F.);
#1865=ORIENTED_EDGE('',*,*,#4127,.F.);
#1866=ORIENTED_EDGE('',*,*,#4128,.T.);
#1867=ORIENTED_EDGE('',*,*,#4129,.F.);
#1868=ORIENTED_EDGE('',*,*,#4128,.F.);
#1869=ORIENTED_EDGE('',*,*,#4130,.F.);
#1870=ORIENTED_EDGE('',*,*,#4131,.F.);
#1871=ORIENTED_EDGE('',*,*,#4132,.F.);
#1872=ORIENTED_EDGE('',*,*,#4133,.F.);
#1873=ORIENTED_EDGE('',*,*,#4134,.F.);
#1874=ORIENTED_EDGE('',*,*,#4125,.T.);
#1875=ORIENTED_EDGE('',*,*,#4135,.F.);
#1876=ORIENTED_EDGE('',*,*,#4136,.F.);
#1877=ORIENTED_EDGE('',*,*,#4137,.F.);
#1878=ORIENTED_EDGE('',*,*,#4138,.F.);
#1879=ORIENTED_EDGE('',*,*,#4139,.F.);
#1880=ORIENTED_EDGE('',*,*,#4140,.T.);
#1881=ORIENTED_EDGE('',*,*,#4131,.T.);
#1882=ORIENTED_EDGE('',*,*,#4141,.T.);
#1883=ORIENTED_EDGE('',*,*,#4142,.T.);
#1884=ORIENTED_EDGE('',*,*,#4116,.T.);
#1885=ORIENTED_EDGE('',*,*,#4143,.T.);
#1886=ORIENTED_EDGE('',*,*,#4144,.T.);
#1887=ORIENTED_EDGE('',*,*,#4139,.T.);
#1888=ORIENTED_EDGE('',*,*,#4145,.T.);
#1889=ORIENTED_EDGE('',*,*,#4146,.F.);
#1890=ORIENTED_EDGE('',*,*,#4132,.T.);
#1891=ORIENTED_EDGE('',*,*,#4140,.F.);
#1892=ORIENTED_EDGE('',*,*,#4147,.F.);
#1893=ORIENTED_EDGE('',*,*,#4033,.F.);
#1894=ORIENTED_EDGE('',*,*,#4148,.F.);
#1895=ORIENTED_EDGE('',*,*,#4149,.F.);
#1896=ORIENTED_EDGE('',*,*,#4123,.T.);
#1897=ORIENTED_EDGE('',*,*,#4145,.F.);
#1898=ORIENTED_EDGE('',*,*,#4138,.T.);
#1899=ORIENTED_EDGE('',*,*,#4150,.F.);
#1900=ORIENTED_EDGE('',*,*,#4151,.F.);
#1901=ORIENTED_EDGE('',*,*,#4152,.F.);
#1902=ORIENTED_EDGE('',*,*,#4117,.T.);
#1903=ORIENTED_EDGE('',*,*,#4142,.F.);
#1904=ORIENTED_EDGE('',*,*,#4153,.F.);
#1905=ORIENTED_EDGE('',*,*,#4029,.F.);
#1906=ORIENTED_EDGE('',*,*,#4154,.F.);
#1907=ORIENTED_EDGE('',*,*,#4155,.F.);
#1908=ORIENTED_EDGE('',*,*,#4133,.T.);
#1909=ORIENTED_EDGE('',*,*,#4156,.F.);
#1910=ORIENTED_EDGE('',*,*,#4157,.F.);
#1911=ORIENTED_EDGE('',*,*,#4119,.T.);
#1912=ORIENTED_EDGE('',*,*,#4118,.T.);
#1913=ORIENTED_EDGE('',*,*,#4152,.T.);
#1914=ORIENTED_EDGE('',*,*,#4158,.F.);
#1915=ORIENTED_EDGE('',*,*,#4159,.F.);
#1916=ORIENTED_EDGE('',*,*,#4160,.F.);
#1917=ORIENTED_EDGE('',*,*,#4120,.T.);
#1918=ORIENTED_EDGE('',*,*,#4150,.T.);
#1919=ORIENTED_EDGE('',*,*,#4137,.T.);
#1920=ORIENTED_EDGE('',*,*,#4136,.T.);
#1921=ORIENTED_EDGE('',*,*,#4135,.T.);
#1922=ORIENTED_EDGE('',*,*,#4161,.F.);
#1923=ORIENTED_EDGE('',*,*,#4162,.F.);
#1924=ORIENTED_EDGE('',*,*,#4163,.F.);
#1925=ORIENTED_EDGE('',*,*,#4164,.F.);
#1926=ORIENTED_EDGE('',*,*,#4122,.T.);
#1927=ORIENTED_EDGE('',*,*,#4165,.F.);
#1928=ORIENTED_EDGE('',*,*,#4166,.F.);
#1929=ORIENTED_EDGE('',*,*,#4167,.F.);
#1930=ORIENTED_EDGE('',*,*,#4168,.F.);
#1931=ORIENTED_EDGE('',*,*,#4169,.F.);
#1932=ORIENTED_EDGE('',*,*,#4170,.F.);
#1933=ORIENTED_EDGE('',*,*,#4171,.T.);
#1934=ORIENTED_EDGE('',*,*,#4157,.T.);
#1935=ORIENTED_EDGE('',*,*,#4172,.T.);
#1936=ORIENTED_EDGE('',*,*,#4166,.T.);
#1937=ORIENTED_EDGE('',*,*,#4173,.F.);
#1938=ORIENTED_EDGE('',*,*,#4159,.T.);
#1939=ORIENTED_EDGE('',*,*,#4174,.F.);
#1940=ORIENTED_EDGE('',*,*,#4162,.T.);
#1941=ORIENTED_EDGE('',*,*,#4175,.T.);
#1942=ORIENTED_EDGE('',*,*,#4176,.F.);
#1943=ORIENTED_EDGE('',*,*,#4177,.T.);
#1944=ORIENTED_EDGE('',*,*,#4178,.F.);
#1945=ORIENTED_EDGE('',*,*,#4179,.T.);
#1946=ORIENTED_EDGE('',*,*,#4180,.F.);
#1947=ORIENTED_EDGE('',*,*,#4181,.T.);
#1948=ORIENTED_EDGE('',*,*,#4182,.F.);
#1949=ORIENTED_EDGE('',*,*,#4167,.T.);
#1950=ORIENTED_EDGE('',*,*,#4183,.F.);
#1951=ORIENTED_EDGE('',*,*,#4183,.T.);
#1952=ORIENTED_EDGE('',*,*,#4184,.F.);
#1953=ORIENTED_EDGE('',*,*,#4032,.F.);
#1954=ORIENTED_EDGE('',*,*,#4111,.T.);
#1955=ORIENTED_EDGE('',*,*,#4121,.T.);
#1956=ORIENTED_EDGE('',*,*,#4185,.F.);
#1957=ORIENTED_EDGE('',*,*,#4148,.T.);
#1958=ORIENTED_EDGE('',*,*,#4184,.T.);
#1959=ORIENTED_EDGE('',*,*,#4168,.T.);
#1960=ORIENTED_EDGE('',*,*,#4186,.F.);
#1961=ORIENTED_EDGE('',*,*,#4186,.T.);
#1962=ORIENTED_EDGE('',*,*,#4187,.F.);
#1963=ORIENTED_EDGE('',*,*,#4141,.F.);
#1964=ORIENTED_EDGE('',*,*,#4130,.T.);
#1965=ORIENTED_EDGE('',*,*,#4127,.T.);
#1966=ORIENTED_EDGE('',*,*,#4026,.F.);
#1967=ORIENTED_EDGE('',*,*,#4147,.T.);
#1968=ORIENTED_EDGE('',*,*,#4187,.T.);
#1969=ORIENTED_EDGE('',*,*,#4169,.T.);
#1970=ORIENTED_EDGE('',*,*,#4188,.F.);
#1971=ORIENTED_EDGE('',*,*,#4188,.T.);
#1972=ORIENTED_EDGE('',*,*,#4189,.F.);
#1973=ORIENTED_EDGE('',*,*,#4028,.F.);
#1974=ORIENTED_EDGE('',*,*,#4126,.T.);
#1975=ORIENTED_EDGE('',*,*,#4134,.T.);
#1976=ORIENTED_EDGE('',*,*,#4144,.F.);
#1977=ORIENTED_EDGE('',*,*,#4154,.T.);
#1978=ORIENTED_EDGE('',*,*,#4189,.T.);
#1979=ORIENTED_EDGE('',*,*,#4170,.T.);
#1980=ORIENTED_EDGE('',*,*,#4190,.F.);
#1981=ORIENTED_EDGE('',*,*,#4190,.T.);
#1982=ORIENTED_EDGE('',*,*,#4191,.F.);
#1983=ORIENTED_EDGE('',*,*,#4143,.F.);
#1984=ORIENTED_EDGE('',*,*,#4115,.T.);
#1985=ORIENTED_EDGE('',*,*,#4112,.T.);
#1986=ORIENTED_EDGE('',*,*,#4030,.F.);
#1987=ORIENTED_EDGE('',*,*,#4153,.T.);
#1988=ORIENTED_EDGE('',*,*,#4191,.T.);
#1989=ORIENTED_EDGE('',*,*,#4158,.T.);
#1990=ORIENTED_EDGE('',*,*,#4151,.T.);
#1991=ORIENTED_EDGE('',*,*,#4163,.T.);
#1992=ORIENTED_EDGE('',*,*,#4174,.T.);
#1993=ORIENTED_EDGE('',*,*,#4161,.T.);
#1994=ORIENTED_EDGE('',*,*,#4129,.T.);
#1995=ORIENTED_EDGE('',*,*,#4155,.T.);
#1996=ORIENTED_EDGE('',*,*,#4171,.F.);
#1997=ORIENTED_EDGE('',*,*,#4156,.T.);
#1998=ORIENTED_EDGE('',*,*,#4146,.T.);
#1999=ORIENTED_EDGE('',*,*,#4164,.T.);
#2000=ORIENTED_EDGE('',*,*,#4172,.F.);
#2001=ORIENTED_EDGE('',*,*,#4192,.T.);
#2002=ORIENTED_EDGE('',*,*,#4193,.T.);
#2003=ORIENTED_EDGE('',*,*,#4194,.T.);
#2004=ORIENTED_EDGE('',*,*,#4195,.T.);
#2005=ORIENTED_EDGE('',*,*,#4196,.T.);
#2006=ORIENTED_EDGE('',*,*,#4197,.T.);
#2007=ORIENTED_EDGE('',*,*,#4198,.T.);
#2008=ORIENTED_EDGE('',*,*,#4199,.T.);
#2009=ORIENTED_EDGE('',*,*,#4200,.T.);
#2010=ORIENTED_EDGE('',*,*,#4201,.T.);
#2011=ORIENTED_EDGE('',*,*,#4202,.T.);
#2012=ORIENTED_EDGE('',*,*,#4203,.T.);
#2013=ORIENTED_EDGE('',*,*,#4204,.T.);
#2014=ORIENTED_EDGE('',*,*,#4205,.T.);
#2015=ORIENTED_EDGE('',*,*,#4206,.T.);
#2016=ORIENTED_EDGE('',*,*,#4207,.T.);
#2017=ORIENTED_EDGE('',*,*,#4165,.T.);
#2018=ORIENTED_EDGE('',*,*,#4114,.T.);
#2019=ORIENTED_EDGE('',*,*,#4160,.T.);
#2020=ORIENTED_EDGE('',*,*,#4173,.T.);
#2021=ORIENTED_EDGE('',*,*,#4185,.T.);
#2022=ORIENTED_EDGE('',*,*,#4124,.T.);
#2023=ORIENTED_EDGE('',*,*,#4149,.T.);
#2024=ORIENTED_EDGE('',*,*,#4208,.T.);
#2025=ORIENTED_EDGE('',*,*,#4209,.T.);
#2026=ORIENTED_EDGE('',*,*,#4210,.T.);
#2027=ORIENTED_EDGE('',*,*,#4211,.T.);
#2028=ORIENTED_EDGE('',*,*,#4212,.T.);
#2029=ORIENTED_EDGE('',*,*,#4213,.T.);
#2030=ORIENTED_EDGE('',*,*,#4214,.T.);
#2031=ORIENTED_EDGE('',*,*,#4215,.T.);
#2032=ORIENTED_EDGE('',*,*,#4216,.T.);
#2033=ORIENTED_EDGE('',*,*,#4217,.T.);
#2034=ORIENTED_EDGE('',*,*,#4218,.T.);
#2035=ORIENTED_EDGE('',*,*,#4219,.T.);
#2036=ORIENTED_EDGE('',*,*,#4220,.T.);
#2037=ORIENTED_EDGE('',*,*,#4221,.T.);
#2038=ORIENTED_EDGE('',*,*,#4222,.T.);
#2039=ORIENTED_EDGE('',*,*,#4223,.T.);
#2040=ORIENTED_EDGE('',*,*,#4224,.T.);
#2041=ORIENTED_EDGE('',*,*,#4225,.T.);
#2042=ORIENTED_EDGE('',*,*,#4226,.T.);
#2043=ORIENTED_EDGE('',*,*,#4227,.T.);
#2044=ORIENTED_EDGE('',*,*,#4228,.T.);
#2045=ORIENTED_EDGE('',*,*,#4229,.T.);
#2046=ORIENTED_EDGE('',*,*,#4230,.T.);
#2047=ORIENTED_EDGE('',*,*,#4231,.T.);
#2048=ORIENTED_EDGE('',*,*,#4232,.T.);
#2049=ORIENTED_EDGE('',*,*,#4233,.T.);
#2050=ORIENTED_EDGE('',*,*,#4234,.T.);
#2051=ORIENTED_EDGE('',*,*,#4235,.T.);
#2052=ORIENTED_EDGE('',*,*,#4233,.F.);
#2053=ORIENTED_EDGE('',*,*,#4208,.F.);
#2054=ORIENTED_EDGE('',*,*,#4230,.F.);
#2055=ORIENTED_EDGE('',*,*,#4209,.F.);
#2056=ORIENTED_EDGE('',*,*,#4227,.F.);
#2057=ORIENTED_EDGE('',*,*,#4210,.F.);
#2058=ORIENTED_EDGE('',*,*,#4224,.F.);
#2059=ORIENTED_EDGE('',*,*,#4211,.F.);
#2060=ORIENTED_EDGE('',*,*,#4221,.F.);
#2061=ORIENTED_EDGE('',*,*,#4212,.F.);
#2062=ORIENTED_EDGE('',*,*,#4218,.F.);
#2063=ORIENTED_EDGE('',*,*,#4213,.F.);
#2064=ORIENTED_EDGE('',*,*,#4234,.F.);
#2065=ORIENTED_EDGE('',*,*,#4235,.F.);
#2066=ORIENTED_EDGE('',*,*,#4231,.F.);
#2067=ORIENTED_EDGE('',*,*,#4232,.F.);
#2068=ORIENTED_EDGE('',*,*,#4228,.F.);
#2069=ORIENTED_EDGE('',*,*,#4229,.F.);
#2070=ORIENTED_EDGE('',*,*,#4225,.F.);
#2071=ORIENTED_EDGE('',*,*,#4226,.F.);
#2072=ORIENTED_EDGE('',*,*,#4222,.F.);
#2073=ORIENTED_EDGE('',*,*,#4223,.F.);
#2074=ORIENTED_EDGE('',*,*,#4219,.F.);
#2075=ORIENTED_EDGE('',*,*,#4220,.F.);
#2076=ORIENTED_EDGE('',*,*,#4236,.F.);
#2077=ORIENTED_EDGE('',*,*,#4194,.F.);
#2078=ORIENTED_EDGE('',*,*,#4237,.F.);
#2079=ORIENTED_EDGE('',*,*,#4196,.F.);
#2080=ORIENTED_EDGE('',*,*,#4238,.F.);
#2081=ORIENTED_EDGE('',*,*,#4236,.T.);
#2082=ORIENTED_EDGE('',*,*,#4239,.F.);
#2083=ORIENTED_EDGE('',*,*,#4178,.T.);
#2084=ORIENTED_EDGE('',*,*,#4240,.F.);
#2085=ORIENTED_EDGE('',*,*,#4237,.T.);
#2086=ORIENTED_EDGE('',*,*,#4241,.F.);
#2087=ORIENTED_EDGE('',*,*,#4239,.T.);
#2088=ORIENTED_EDGE('',*,*,#4199,.F.);
#2089=ORIENTED_EDGE('',*,*,#4242,.F.);
#2090=ORIENTED_EDGE('',*,*,#4179,.F.);
#2091=ORIENTED_EDGE('',*,*,#4238,.T.);
#2092=ORIENTED_EDGE('',*,*,#4177,.F.);
#2093=ORIENTED_EDGE('',*,*,#4243,.F.);
#2094=ORIENTED_EDGE('',*,*,#4195,.F.);
#2095=ORIENTED_EDGE('',*,*,#4244,.F.);
#2096=ORIENTED_EDGE('',*,*,#4192,.F.);
#2097=ORIENTED_EDGE('',*,*,#4245,.F.);
#2098=ORIENTED_EDGE('',*,*,#4206,.F.);
#2099=ORIENTED_EDGE('',*,*,#4241,.T.);
#2100=ORIENTED_EDGE('',*,*,#4193,.F.);
#2101=ORIENTED_EDGE('',*,*,#4246,.F.);
#2102=ORIENTED_EDGE('',*,*,#4214,.F.);
#2103=ORIENTED_EDGE('',*,*,#4240,.T.);
#2104=ORIENTED_EDGE('',*,*,#4217,.F.);
#2105=ORIENTED_EDGE('',*,*,#4247,.F.);
#2106=ORIENTED_EDGE('',*,*,#4197,.F.);
#2107=ORIENTED_EDGE('',*,*,#4248,.F.);
#2108=ORIENTED_EDGE('',*,*,#4198,.F.);
#2109=ORIENTED_EDGE('',*,*,#4249,.F.);
#2110=ORIENTED_EDGE('',*,*,#4200,.F.);
#2111=ORIENTED_EDGE('',*,*,#4242,.T.);
#2112=ORIENTED_EDGE('',*,*,#4248,.T.);
#2113=ORIENTED_EDGE('',*,*,#4250,.F.);
#2114=ORIENTED_EDGE('',*,*,#4180,.T.);
#2115=ORIENTED_EDGE('',*,*,#4176,.T.);
#2116=ORIENTED_EDGE('',*,*,#4251,.F.);
#2117=ORIENTED_EDGE('',*,*,#4245,.T.);
#2118=ORIENTED_EDGE('',*,*,#4243,.T.);
#2119=ORIENTED_EDGE('',*,*,#4246,.T.);
#2120=ORIENTED_EDGE('',*,*,#4244,.T.);
#2121=ORIENTED_EDGE('',*,*,#4252,.F.);
#2122=ORIENTED_EDGE('',*,*,#4249,.T.);
#2123=ORIENTED_EDGE('',*,*,#4247,.T.);
#2124=ORIENTED_EDGE('',*,*,#4253,.F.);
#2125=ORIENTED_EDGE('',*,*,#4250,.T.);
#2126=ORIENTED_EDGE('',*,*,#4203,.F.);
#2127=ORIENTED_EDGE('',*,*,#4254,.F.);
#2128=ORIENTED_EDGE('',*,*,#4181,.F.);
#2129=ORIENTED_EDGE('',*,*,#4251,.T.);
#2130=ORIENTED_EDGE('',*,*,#4175,.F.);
#2131=ORIENTED_EDGE('',*,*,#4255,.F.);
#2132=ORIENTED_EDGE('',*,*,#4207,.F.);
#2133=ORIENTED_EDGE('',*,*,#4252,.T.);
#2134=ORIENTED_EDGE('',*,*,#4205,.F.);
#2135=ORIENTED_EDGE('',*,*,#4256,.F.);
#2136=ORIENTED_EDGE('',*,*,#4215,.F.);
#2137=ORIENTED_EDGE('',*,*,#4253,.T.);
#2138=ORIENTED_EDGE('',*,*,#4216,.F.);
#2139=ORIENTED_EDGE('',*,*,#4257,.F.);
#2140=ORIENTED_EDGE('',*,*,#4201,.F.);
#2141=ORIENTED_EDGE('',*,*,#4182,.T.);
#2142=ORIENTED_EDGE('',*,*,#4254,.T.);
#2143=ORIENTED_EDGE('',*,*,#4258,.F.);
#2144=ORIENTED_EDGE('',*,*,#4255,.T.);
#2145=ORIENTED_EDGE('',*,*,#4257,.T.);
#2146=ORIENTED_EDGE('',*,*,#4256,.T.);
#2147=ORIENTED_EDGE('',*,*,#4259,.F.);
#2148=ORIENTED_EDGE('',*,*,#4258,.T.);
#2149=ORIENTED_EDGE('',*,*,#4202,.F.);
#2150=ORIENTED_EDGE('',*,*,#4259,.T.);
#2151=ORIENTED_EDGE('',*,*,#4204,.F.);
#2152=ORIENTED_EDGE('',*,*,#4260,.T.);
#2153=ORIENTED_EDGE('',*,*,#4261,.T.);
#2154=ORIENTED_EDGE('',*,*,#4262,.T.);
#2155=ORIENTED_EDGE('',*,*,#4263,.T.);
#2156=ORIENTED_EDGE('',*,*,#4264,.F.);
#2157=ORIENTED_EDGE('',*,*,#4265,.T.);
#2158=ORIENTED_EDGE('',*,*,#4266,.F.);
#2159=ORIENTED_EDGE('',*,*,#4267,.T.);
#2160=ORIENTED_EDGE('',*,*,#4268,.T.);
#2161=ORIENTED_EDGE('',*,*,#4269,.T.);
#2162=ORIENTED_EDGE('',*,*,#4270,.T.);
#2163=ORIENTED_EDGE('',*,*,#4271,.T.);
#2164=ORIENTED_EDGE('',*,*,#4272,.F.);
#2165=ORIENTED_EDGE('',*,*,#4273,.T.);
#2166=ORIENTED_EDGE('',*,*,#4274,.F.);
#2167=ORIENTED_EDGE('',*,*,#4275,.T.);
#2168=ORIENTED_EDGE('',*,*,#4276,.T.);
#2169=ORIENTED_EDGE('',*,*,#4277,.T.);
#2170=ORIENTED_EDGE('',*,*,#4278,.T.);
#2171=ORIENTED_EDGE('',*,*,#4279,.T.);
#2172=ORIENTED_EDGE('',*,*,#4280,.F.);
#2173=ORIENTED_EDGE('',*,*,#4281,.T.);
#2174=ORIENTED_EDGE('',*,*,#4282,.T.);
#2175=ORIENTED_EDGE('',*,*,#4283,.T.);
#2176=ORIENTED_EDGE('',*,*,#4284,.T.);
#2177=ORIENTED_EDGE('',*,*,#4285,.T.);
#2178=ORIENTED_EDGE('',*,*,#4286,.F.);
#2179=ORIENTED_EDGE('',*,*,#4287,.T.);
#2180=ORIENTED_EDGE('',*,*,#4288,.T.);
#2181=ORIENTED_EDGE('',*,*,#4289,.T.);
#2182=ORIENTED_EDGE('',*,*,#4290,.T.);
#2183=ORIENTED_EDGE('',*,*,#4291,.T.);
#2184=ORIENTED_EDGE('',*,*,#4292,.F.);
#2185=ORIENTED_EDGE('',*,*,#4293,.T.);
#2186=ORIENTED_EDGE('',*,*,#4294,.T.);
#2187=ORIENTED_EDGE('',*,*,#4295,.T.);
#2188=ORIENTED_EDGE('',*,*,#4296,.T.);
#2189=ORIENTED_EDGE('',*,*,#4297,.T.);
#2190=ORIENTED_EDGE('',*,*,#4298,.F.);
#2191=ORIENTED_EDGE('',*,*,#4299,.T.);
#2192=ORIENTED_EDGE('',*,*,#4300,.T.);
#2193=ORIENTED_EDGE('',*,*,#4301,.T.);
#2194=ORIENTED_EDGE('',*,*,#4302,.T.);
#2195=ORIENTED_EDGE('',*,*,#4303,.T.);
#2196=ORIENTED_EDGE('',*,*,#4304,.F.);
#2197=ORIENTED_EDGE('',*,*,#4305,.T.);
#2198=ORIENTED_EDGE('',*,*,#4306,.T.);
#2199=ORIENTED_EDGE('',*,*,#4307,.T.);
#2200=ORIENTED_EDGE('',*,*,#4308,.T.);
#2201=ORIENTED_EDGE('',*,*,#4309,.T.);
#2202=ORIENTED_EDGE('',*,*,#4310,.F.);
#2203=ORIENTED_EDGE('',*,*,#4311,.T.);
#2204=ORIENTED_EDGE('',*,*,#4312,.T.);
#2205=ORIENTED_EDGE('',*,*,#4313,.T.);
#2206=ORIENTED_EDGE('',*,*,#4314,.T.);
#2207=ORIENTED_EDGE('',*,*,#4315,.T.);
#2208=ORIENTED_EDGE('',*,*,#4316,.F.);
#2209=ORIENTED_EDGE('',*,*,#4317,.F.);
#2210=ORIENTED_EDGE('',*,*,#4318,.T.);
#2211=ORIENTED_EDGE('',*,*,#4319,.T.);
#2212=ORIENTED_EDGE('',*,*,#4320,.T.);
#2213=ORIENTED_EDGE('',*,*,#4321,.T.);
#2214=ORIENTED_EDGE('',*,*,#4322,.F.);
#2215=ORIENTED_EDGE('',*,*,#4323,.F.);
#2216=ORIENTED_EDGE('',*,*,#4324,.T.);
#2217=ORIENTED_EDGE('',*,*,#4325,.T.);
#2218=ORIENTED_EDGE('',*,*,#4326,.T.);
#2219=ORIENTED_EDGE('',*,*,#4327,.T.);
#2220=ORIENTED_EDGE('',*,*,#4328,.F.);
#2221=ORIENTED_EDGE('',*,*,#4329,.F.);
#2222=ORIENTED_EDGE('',*,*,#4330,.T.);
#2223=ORIENTED_EDGE('',*,*,#4331,.T.);
#2224=ORIENTED_EDGE('',*,*,#4332,.T.);
#2225=ORIENTED_EDGE('',*,*,#4333,.T.);
#2226=ORIENTED_EDGE('',*,*,#4334,.T.);
#2227=ORIENTED_EDGE('',*,*,#4335,.F.);
#2228=ORIENTED_EDGE('',*,*,#4336,.T.);
#2229=ORIENTED_EDGE('',*,*,#4337,.F.);
#2230=ORIENTED_EDGE('',*,*,#4338,.T.);
#2231=ORIENTED_EDGE('',*,*,#4339,.T.);
#2232=ORIENTED_EDGE('',*,*,#4340,.T.);
#2233=ORIENTED_EDGE('',*,*,#4341,.T.);
#2234=ORIENTED_EDGE('',*,*,#4342,.T.);
#2235=ORIENTED_EDGE('',*,*,#4343,.F.);
#2236=ORIENTED_EDGE('',*,*,#4344,.T.);
#2237=ORIENTED_EDGE('',*,*,#4345,.F.);
#2238=ORIENTED_EDGE('',*,*,#4346,.T.);
#2239=ORIENTED_EDGE('',*,*,#4347,.T.);
#2240=ORIENTED_EDGE('',*,*,#4348,.T.);
#2241=ORIENTED_EDGE('',*,*,#4349,.T.);
#2242=ORIENTED_EDGE('',*,*,#4350,.T.);
#2243=ORIENTED_EDGE('',*,*,#4351,.T.);
#2244=ORIENTED_EDGE('',*,*,#4352,.T.);
#2245=ORIENTED_EDGE('',*,*,#4353,.F.);
#2246=ORIENTED_EDGE('',*,*,#4354,.T.);
#2247=ORIENTED_EDGE('',*,*,#4355,.T.);
#2248=ORIENTED_EDGE('',*,*,#4356,.T.);
#2249=ORIENTED_EDGE('',*,*,#4357,.T.);
#2250=ORIENTED_EDGE('',*,*,#4358,.T.);
#2251=ORIENTED_EDGE('',*,*,#4359,.F.);
#2252=ORIENTED_EDGE('',*,*,#4360,.T.);
#2253=ORIENTED_EDGE('',*,*,#4361,.F.);
#2254=ORIENTED_EDGE('',*,*,#4362,.T.);
#2255=ORIENTED_EDGE('',*,*,#4363,.T.);
#2256=ORIENTED_EDGE('',*,*,#4364,.T.);
#2257=ORIENTED_EDGE('',*,*,#4365,.F.);
#2258=ORIENTED_EDGE('',*,*,#4366,.T.);
#2259=ORIENTED_EDGE('',*,*,#4367,.F.);
#2260=ORIENTED_EDGE('',*,*,#4368,.T.);
#2261=ORIENTED_EDGE('',*,*,#4369,.T.);
#2262=ORIENTED_EDGE('',*,*,#4370,.T.);
#2263=ORIENTED_EDGE('',*,*,#4371,.T.);
#2264=ORIENTED_EDGE('',*,*,#4372,.T.);
#2265=ORIENTED_EDGE('',*,*,#4373,.F.);
#2266=ORIENTED_EDGE('',*,*,#4374,.T.);
#2267=ORIENTED_EDGE('',*,*,#4375,.F.);
#2268=ORIENTED_EDGE('',*,*,#4376,.T.);
#2269=ORIENTED_EDGE('',*,*,#4377,.T.);
#2270=ORIENTED_EDGE('',*,*,#4378,.T.);
#2271=ORIENTED_EDGE('',*,*,#4379,.T.);
#2272=ORIENTED_EDGE('',*,*,#4380,.T.);
#2273=ORIENTED_EDGE('',*,*,#4381,.F.);
#2274=ORIENTED_EDGE('',*,*,#4382,.T.);
#2275=ORIENTED_EDGE('',*,*,#4383,.F.);
#2276=ORIENTED_EDGE('',*,*,#4384,.T.);
#2277=ORIENTED_EDGE('',*,*,#4385,.T.);
#2278=ORIENTED_EDGE('',*,*,#4386,.T.);
#2279=ORIENTED_EDGE('',*,*,#4387,.T.);
#2280=ORIENTED_EDGE('',*,*,#4388,.T.);
#2281=ORIENTED_EDGE('',*,*,#4389,.F.);
#2282=ORIENTED_EDGE('',*,*,#4390,.T.);
#2283=ORIENTED_EDGE('',*,*,#4391,.F.);
#2284=ORIENTED_EDGE('',*,*,#4392,.T.);
#2285=ORIENTED_EDGE('',*,*,#4393,.T.);
#2286=ORIENTED_EDGE('',*,*,#4394,.T.);
#2287=ORIENTED_EDGE('',*,*,#4395,.T.);
#2288=ORIENTED_EDGE('',*,*,#4396,.T.);
#2289=ORIENTED_EDGE('',*,*,#4397,.F.);
#2290=ORIENTED_EDGE('',*,*,#4398,.T.);
#2291=ORIENTED_EDGE('',*,*,#4399,.F.);
#2292=ORIENTED_EDGE('',*,*,#4400,.T.);
#2293=ORIENTED_EDGE('',*,*,#4401,.T.);
#2294=ORIENTED_EDGE('',*,*,#4402,.T.);
#2295=ORIENTED_EDGE('',*,*,#4403,.T.);
#2296=ORIENTED_EDGE('',*,*,#4404,.T.);
#2297=ORIENTED_EDGE('',*,*,#4405,.F.);
#2298=ORIENTED_EDGE('',*,*,#4406,.T.);
#2299=ORIENTED_EDGE('',*,*,#4407,.F.);
#2300=ORIENTED_EDGE('',*,*,#4408,.T.);
#2301=ORIENTED_EDGE('',*,*,#4409,.T.);
#2302=ORIENTED_EDGE('',*,*,#4410,.T.);
#2303=ORIENTED_EDGE('',*,*,#4411,.F.);
#2304=ORIENTED_EDGE('',*,*,#4412,.T.);
#2305=ORIENTED_EDGE('',*,*,#4413,.F.);
#2306=ORIENTED_EDGE('',*,*,#4414,.T.);
#2307=ORIENTED_EDGE('',*,*,#4415,.T.);
#2308=ORIENTED_EDGE('',*,*,#4416,.T.);
#2309=ORIENTED_EDGE('',*,*,#4417,.T.);
#2310=ORIENTED_EDGE('',*,*,#4418,.T.);
#2311=ORIENTED_EDGE('',*,*,#4419,.F.);
#2312=ORIENTED_EDGE('',*,*,#4420,.T.);
#2313=ORIENTED_EDGE('',*,*,#4421,.F.);
#2314=ORIENTED_EDGE('',*,*,#4422,.T.);
#2315=ORIENTED_EDGE('',*,*,#4423,.T.);
#2316=ORIENTED_EDGE('',*,*,#4424,.T.);
#2317=ORIENTED_EDGE('',*,*,#4425,.F.);
#2318=ORIENTED_EDGE('',*,*,#4426,.T.);
#2319=ORIENTED_EDGE('',*,*,#4427,.F.);
#2320=ORIENTED_EDGE('',*,*,#4428,.T.);
#2321=ORIENTED_EDGE('',*,*,#4429,.T.);
#2322=ORIENTED_EDGE('',*,*,#4430,.T.);
#2323=ORIENTED_EDGE('',*,*,#4431,.T.);
#2324=ORIENTED_EDGE('',*,*,#4432,.T.);
#2325=ORIENTED_EDGE('',*,*,#4433,.F.);
#2326=ORIENTED_EDGE('',*,*,#4434,.T.);
#2327=ORIENTED_EDGE('',*,*,#4435,.F.);
#2328=ORIENTED_EDGE('',*,*,#4436,.T.);
#2329=ORIENTED_EDGE('',*,*,#4437,.T.);
#2330=ORIENTED_EDGE('',*,*,#4438,.T.);
#2331=ORIENTED_EDGE('',*,*,#4439,.T.);
#2332=ORIENTED_EDGE('',*,*,#4440,.T.);
#2333=ORIENTED_EDGE('',*,*,#4441,.F.);
#2334=ORIENTED_EDGE('',*,*,#4442,.T.);
#2335=ORIENTED_EDGE('',*,*,#4443,.F.);
#2336=ORIENTED_EDGE('',*,*,#4444,.T.);
#2337=ORIENTED_EDGE('',*,*,#4445,.T.);
#2338=ORIENTED_EDGE('',*,*,#4446,.T.);
#2339=ORIENTED_EDGE('',*,*,#4447,.T.);
#2340=ORIENTED_EDGE('',*,*,#4448,.T.);
#2341=ORIENTED_EDGE('',*,*,#4449,.F.);
#2342=ORIENTED_EDGE('',*,*,#4450,.T.);
#2343=ORIENTED_EDGE('',*,*,#4451,.F.);
#2344=ORIENTED_EDGE('',*,*,#4452,.T.);
#2345=ORIENTED_EDGE('',*,*,#4453,.T.);
#2346=ORIENTED_EDGE('',*,*,#4454,.T.);
#2347=ORIENTED_EDGE('',*,*,#4455,.T.);
#2348=ORIENTED_EDGE('',*,*,#4456,.T.);
#2349=ORIENTED_EDGE('',*,*,#4457,.F.);
#2350=ORIENTED_EDGE('',*,*,#4458,.T.);
#2351=ORIENTED_EDGE('',*,*,#4459,.F.);
#2352=ORIENTED_EDGE('',*,*,#4460,.T.);
#2353=ORIENTED_EDGE('',*,*,#4461,.T.);
#2354=ORIENTED_EDGE('',*,*,#4462,.T.);
#2355=ORIENTED_EDGE('',*,*,#4463,.T.);
#2356=ORIENTED_EDGE('',*,*,#4464,.T.);
#2357=ORIENTED_EDGE('',*,*,#4465,.F.);
#2358=ORIENTED_EDGE('',*,*,#4466,.T.);
#2359=ORIENTED_EDGE('',*,*,#4467,.F.);
#2360=ORIENTED_EDGE('',*,*,#4468,.T.);
#2361=ORIENTED_EDGE('',*,*,#4469,.T.);
#2362=ORIENTED_EDGE('',*,*,#4470,.T.);
#2363=ORIENTED_EDGE('',*,*,#4471,.T.);
#2364=ORIENTED_EDGE('',*,*,#4472,.T.);
#2365=ORIENTED_EDGE('',*,*,#4473,.T.);
#2366=ORIENTED_EDGE('',*,*,#4474,.T.);
#2367=ORIENTED_EDGE('',*,*,#4475,.F.);
#2368=ORIENTED_EDGE('',*,*,#4476,.T.);
#2369=ORIENTED_EDGE('',*,*,#4477,.T.);
#2370=ORIENTED_EDGE('',*,*,#4478,.T.);
#2371=ORIENTED_EDGE('',*,*,#4479,.T.);
#2372=ORIENTED_EDGE('',*,*,#4480,.T.);
#2373=ORIENTED_EDGE('',*,*,#4481,.F.);
#2374=ORIENTED_EDGE('',*,*,#4482,.T.);
#2375=ORIENTED_EDGE('',*,*,#4483,.F.);
#2376=ORIENTED_EDGE('',*,*,#4484,.T.);
#2377=ORIENTED_EDGE('',*,*,#4485,.F.);
#2378=ORIENTED_EDGE('',*,*,#4486,.T.);
#2379=ORIENTED_EDGE('',*,*,#4487,.T.);
#2380=ORIENTED_EDGE('',*,*,#4488,.T.);
#2381=ORIENTED_EDGE('',*,*,#4489,.T.);
#2382=ORIENTED_EDGE('',*,*,#4490,.T.);
#2383=ORIENTED_EDGE('',*,*,#4491,.F.);
#2384=ORIENTED_EDGE('',*,*,#4492,.T.);
#2385=ORIENTED_EDGE('',*,*,#4493,.T.);
#2386=ORIENTED_EDGE('',*,*,#4494,.T.);
#2387=ORIENTED_EDGE('',*,*,#4495,.T.);
#2388=ORIENTED_EDGE('',*,*,#4496,.F.);
#2389=ORIENTED_EDGE('',*,*,#4497,.T.);
#2390=ORIENTED_EDGE('',*,*,#4498,.T.);
#2391=ORIENTED_EDGE('',*,*,#4499,.F.);
#2392=ORIENTED_EDGE('',*,*,#4500,.T.);
#2393=ORIENTED_EDGE('',*,*,#4501,.T.);
#2394=ORIENTED_EDGE('',*,*,#4502,.F.);
#2395=ORIENTED_EDGE('',*,*,#4503,.T.);
#2396=ORIENTED_EDGE('',*,*,#4504,.T.);
#2397=ORIENTED_EDGE('',*,*,#4505,.T.);
#2398=ORIENTED_EDGE('',*,*,#4506,.T.);
#2399=ORIENTED_EDGE('',*,*,#4507,.T.);
#2400=ORIENTED_EDGE('',*,*,#4508,.T.);
#2401=ORIENTED_EDGE('',*,*,#4509,.T.);
#2402=ORIENTED_EDGE('',*,*,#4060,.F.);
#2403=ORIENTED_EDGE('',*,*,#4510,.F.);
#2404=ORIENTED_EDGE('',*,*,#4511,.F.);
#2405=ORIENTED_EDGE('',*,*,#4512,.F.);
#2406=ORIENTED_EDGE('',*,*,#4052,.F.);
#2407=ORIENTED_EDGE('',*,*,#4513,.F.);
#2408=ORIENTED_EDGE('',*,*,#4514,.F.);
#2409=ORIENTED_EDGE('',*,*,#4515,.T.);
#2410=ORIENTED_EDGE('',*,*,#4516,.T.);
#2411=ORIENTED_EDGE('',*,*,#4047,.F.);
#2412=ORIENTED_EDGE('',*,*,#4517,.T.);
#2413=ORIENTED_EDGE('',*,*,#4518,.T.);
#2414=ORIENTED_EDGE('',*,*,#4519,.F.);
#2415=ORIENTED_EDGE('',*,*,#4520,.T.);
#2416=ORIENTED_EDGE('',*,*,#4521,.F.);
#2417=ORIENTED_EDGE('',*,*,#4522,.T.);
#2418=ORIENTED_EDGE('',*,*,#4523,.T.);
#2419=ORIENTED_EDGE('',*,*,#4039,.F.);
#2420=ORIENTED_EDGE('',*,*,#4524,.T.);
#2421=ORIENTED_EDGE('',*,*,#4525,.T.);
#2422=ORIENTED_EDGE('',*,*,#4526,.F.);
#2423=ORIENTED_EDGE('',*,*,#4527,.T.);
#2424=ORIENTED_EDGE('',*,*,#4528,.F.);
#2425=ORIENTED_EDGE('',*,*,#4529,.T.);
#2426=ORIENTED_EDGE('',*,*,#4530,.T.);
#2427=ORIENTED_EDGE('',*,*,#4107,.F.);
#2428=ORIENTED_EDGE('',*,*,#4531,.T.);
#2429=ORIENTED_EDGE('',*,*,#4532,.T.);
#2430=ORIENTED_EDGE('',*,*,#4533,.F.);
#2431=ORIENTED_EDGE('',*,*,#4534,.T.);
#2432=ORIENTED_EDGE('',*,*,#4535,.F.);
#2433=ORIENTED_EDGE('',*,*,#4536,.T.);
#2434=ORIENTED_EDGE('',*,*,#4537,.T.);
#2435=ORIENTED_EDGE('',*,*,#4099,.F.);
#2436=ORIENTED_EDGE('',*,*,#4538,.T.);
#2437=ORIENTED_EDGE('',*,*,#4539,.T.);
#2438=ORIENTED_EDGE('',*,*,#4540,.F.);
#2439=ORIENTED_EDGE('',*,*,#4541,.T.);
#2440=ORIENTED_EDGE('',*,*,#4542,.F.);
#2441=ORIENTED_EDGE('',*,*,#4543,.T.);
#2442=ORIENTED_EDGE('',*,*,#4544,.T.);
#2443=ORIENTED_EDGE('',*,*,#4091,.F.);
#2444=ORIENTED_EDGE('',*,*,#4545,.T.);
#2445=ORIENTED_EDGE('',*,*,#4546,.T.);
#2446=ORIENTED_EDGE('',*,*,#4547,.F.);
#2447=ORIENTED_EDGE('',*,*,#4548,.T.);
#2448=ORIENTED_EDGE('',*,*,#4549,.F.);
#2449=ORIENTED_EDGE('',*,*,#4550,.T.);
#2450=ORIENTED_EDGE('',*,*,#4551,.T.);
#2451=ORIENTED_EDGE('',*,*,#4083,.F.);
#2452=ORIENTED_EDGE('',*,*,#4552,.T.);
#2453=ORIENTED_EDGE('',*,*,#4553,.T.);
#2454=ORIENTED_EDGE('',*,*,#4554,.F.);
#2455=ORIENTED_EDGE('',*,*,#4555,.T.);
#2456=ORIENTED_EDGE('',*,*,#4556,.F.);
#2457=ORIENTED_EDGE('',*,*,#4557,.T.);
#2458=ORIENTED_EDGE('',*,*,#4558,.T.);
#2459=ORIENTED_EDGE('',*,*,#4075,.F.);
#2460=ORIENTED_EDGE('',*,*,#4559,.T.);
#2461=ORIENTED_EDGE('',*,*,#4560,.T.);
#2462=ORIENTED_EDGE('',*,*,#4561,.F.);
#2463=ORIENTED_EDGE('',*,*,#4562,.T.);
#2464=ORIENTED_EDGE('',*,*,#4563,.T.);
#2465=ORIENTED_EDGE('',*,*,#4564,.T.);
#2466=ORIENTED_EDGE('',*,*,#4565,.T.);
#2467=ORIENTED_EDGE('',*,*,#4067,.F.);
#2468=ORIENTED_EDGE('',*,*,#4566,.F.);
#2469=ORIENTED_EDGE('',*,*,#4567,.T.);
#2470=ORIENTED_EDGE('',*,*,#4568,.F.);
#2471=ORIENTED_EDGE('',*,*,#4569,.T.);
#2472=ORIENTED_EDGE('',*,*,#4570,.T.);
#2473=ORIENTED_EDGE('',*,*,#4571,.T.);
#2474=ORIENTED_EDGE('',*,*,#4572,.F.);
#2475=ORIENTED_EDGE('',*,*,#4056,.T.);
#2476=ORIENTED_EDGE('',*,*,#4573,.F.);
#2477=ORIENTED_EDGE('',*,*,#4574,.F.);
#2478=ORIENTED_EDGE('',*,*,#4575,.F.);
#2479=ORIENTED_EDGE('',*,*,#4054,.T.);
#2480=ORIENTED_EDGE('',*,*,#4576,.F.);
#2481=ORIENTED_EDGE('',*,*,#4058,.F.);
#2482=ORIENTED_EDGE('',*,*,#4577,.F.);
#2483=ORIENTED_EDGE('',*,*,#4578,.F.);
#2484=ORIENTED_EDGE('',*,*,#4059,.F.);
#2485=ORIENTED_EDGE('',*,*,#4578,.T.);
#2486=ORIENTED_EDGE('',*,*,#4579,.T.);
#2487=ORIENTED_EDGE('',*,*,#4510,.T.);
#2488=ORIENTED_EDGE('',*,*,#4057,.F.);
#2489=ORIENTED_EDGE('',*,*,#4572,.T.);
#2490=ORIENTED_EDGE('',*,*,#4580,.T.);
#2491=ORIENTED_EDGE('',*,*,#4577,.T.);
#2492=ORIENTED_EDGE('',*,*,#4055,.F.);
#2493=ORIENTED_EDGE('',*,*,#4575,.T.);
#2494=ORIENTED_EDGE('',*,*,#4581,.T.);
#2495=ORIENTED_EDGE('',*,*,#4573,.T.);
#2496=ORIENTED_EDGE('',*,*,#4053,.F.);
#2497=ORIENTED_EDGE('',*,*,#4512,.T.);
#2498=ORIENTED_EDGE('',*,*,#4582,.F.);
#2499=ORIENTED_EDGE('',*,*,#4576,.T.);
#2500=ORIENTED_EDGE('',*,*,#4076,.F.);
#2501=ORIENTED_EDGE('',*,*,#4558,.F.);
#2502=ORIENTED_EDGE('',*,*,#4583,.F.);
#2503=ORIENTED_EDGE('',*,*,#4077,.F.);
#2504=ORIENTED_EDGE('',*,*,#4583,.T.);
#2505=ORIENTED_EDGE('',*,*,#4557,.F.);
#2506=ORIENTED_EDGE('',*,*,#4584,.F.);
#2507=ORIENTED_EDGE('',*,*,#4585,.F.);
#2508=ORIENTED_EDGE('',*,*,#4078,.T.);
#2509=ORIENTED_EDGE('',*,*,#4584,.T.);
#2510=ORIENTED_EDGE('',*,*,#4556,.T.);
#2511=ORIENTED_EDGE('',*,*,#4586,.F.);
#2512=ORIENTED_EDGE('',*,*,#4587,.F.);
#2513=ORIENTED_EDGE('',*,*,#4080,.T.);
#2514=ORIENTED_EDGE('',*,*,#4588,.F.);
#2515=ORIENTED_EDGE('',*,*,#4589,.T.);
#2516=ORIENTED_EDGE('',*,*,#4554,.T.);
#2517=ORIENTED_EDGE('',*,*,#4081,.F.);
#2518=ORIENTED_EDGE('',*,*,#4587,.T.);
#2519=ORIENTED_EDGE('',*,*,#4553,.F.);
#2520=ORIENTED_EDGE('',*,*,#4590,.F.);
#2521=ORIENTED_EDGE('',*,*,#4082,.F.);
#2522=ORIENTED_EDGE('',*,*,#4590,.T.);
#2523=ORIENTED_EDGE('',*,*,#4552,.F.);
#2524=ORIENTED_EDGE('',*,*,#4079,.F.);
#2525=ORIENTED_EDGE('',*,*,#4585,.T.);
#2526=ORIENTED_EDGE('',*,*,#4591,.F.);
#2527=ORIENTED_EDGE('',*,*,#4588,.T.);
#2528=ORIENTED_EDGE('',*,*,#4049,.F.);
#2529=ORIENTED_EDGE('',*,*,#4592,.T.);
#2530=ORIENTED_EDGE('',*,*,#4515,.F.);
#2531=ORIENTED_EDGE('',*,*,#4593,.F.);
#2532=ORIENTED_EDGE('',*,*,#4594,.F.);
#2533=ORIENTED_EDGE('',*,*,#4050,.T.);
#2534=ORIENTED_EDGE('',*,*,#4593,.T.);
#2535=ORIENTED_EDGE('',*,*,#4514,.T.);
#2536=ORIENTED_EDGE('',*,*,#4513,.T.);
#2537=ORIENTED_EDGE('',*,*,#4051,.T.);
#2538=ORIENTED_EDGE('',*,*,#4594,.T.);
#2539=ORIENTED_EDGE('',*,*,#4048,.F.);
#2540=ORIENTED_EDGE('',*,*,#4516,.F.);
#2541=ORIENTED_EDGE('',*,*,#4592,.F.);
#2542=ORIENTED_EDGE('',*,*,#4040,.F.);
#2543=ORIENTED_EDGE('',*,*,#4523,.F.);
#2544=ORIENTED_EDGE('',*,*,#4595,.F.);
#2545=ORIENTED_EDGE('',*,*,#4041,.F.);
#2546=ORIENTED_EDGE('',*,*,#4595,.T.);
#2547=ORIENTED_EDGE('',*,*,#4522,.F.);
#2548=ORIENTED_EDGE('',*,*,#4596,.F.);
#2549=ORIENTED_EDGE('',*,*,#4597,.F.);
#2550=ORIENTED_EDGE('',*,*,#4042,.T.);
#2551=ORIENTED_EDGE('',*,*,#4596,.T.);
#2552=ORIENTED_EDGE('',*,*,#4521,.T.);
#2553=ORIENTED_EDGE('',*,*,#4598,.F.);
#2554=ORIENTED_EDGE('',*,*,#4599,.F.);
#2555=ORIENTED_EDGE('',*,*,#4044,.T.);
#2556=ORIENTED_EDGE('',*,*,#4600,.F.);
#2557=ORIENTED_EDGE('',*,*,#4601,.T.);
#2558=ORIENTED_EDGE('',*,*,#4519,.T.);
#2559=ORIENTED_EDGE('',*,*,#4045,.F.);
#2560=ORIENTED_EDGE('',*,*,#4599,.T.);
#2561=ORIENTED_EDGE('',*,*,#4518,.F.);
#2562=ORIENTED_EDGE('',*,*,#4602,.F.);
#2563=ORIENTED_EDGE('',*,*,#4046,.F.);
#2564=ORIENTED_EDGE('',*,*,#4602,.T.);
#2565=ORIENTED_EDGE('',*,*,#4517,.F.);
#2566=ORIENTED_EDGE('',*,*,#4043,.F.);
#2567=ORIENTED_EDGE('',*,*,#4597,.T.);
#2568=ORIENTED_EDGE('',*,*,#4603,.F.);
#2569=ORIENTED_EDGE('',*,*,#4600,.T.);
#2570=ORIENTED_EDGE('',*,*,#4074,.F.);
#2571=ORIENTED_EDGE('',*,*,#4604,.T.);
#2572=ORIENTED_EDGE('',*,*,#4559,.F.);
#2573=ORIENTED_EDGE('',*,*,#4068,.F.);
#2574=ORIENTED_EDGE('',*,*,#4565,.F.);
#2575=ORIENTED_EDGE('',*,*,#4605,.F.);
#2576=ORIENTED_EDGE('',*,*,#4069,.F.);
#2577=ORIENTED_EDGE('',*,*,#4605,.T.);
#2578=ORIENTED_EDGE('',*,*,#4564,.F.);
#2579=ORIENTED_EDGE('',*,*,#4606,.F.);
#2580=ORIENTED_EDGE('',*,*,#4070,.F.);
#2581=ORIENTED_EDGE('',*,*,#4606,.T.);
#2582=ORIENTED_EDGE('',*,*,#4563,.F.);
#2583=ORIENTED_EDGE('',*,*,#4607,.F.);
#2584=ORIENTED_EDGE('',*,*,#4608,.T.);
#2585=ORIENTED_EDGE('',*,*,#4609,.F.);
#2586=ORIENTED_EDGE('',*,*,#4072,.T.);
#2587=ORIENTED_EDGE('',*,*,#4610,.F.);
#2588=ORIENTED_EDGE('',*,*,#4611,.T.);
#2589=ORIENTED_EDGE('',*,*,#4561,.T.);
#2590=ORIENTED_EDGE('',*,*,#4073,.F.);
#2591=ORIENTED_EDGE('',*,*,#4609,.T.);
#2592=ORIENTED_EDGE('',*,*,#4560,.F.);
#2593=ORIENTED_EDGE('',*,*,#4604,.F.);
#2594=ORIENTED_EDGE('',*,*,#4071,.F.);
#2595=ORIENTED_EDGE('',*,*,#4608,.F.);
#2596=ORIENTED_EDGE('',*,*,#4612,.F.);
#2597=ORIENTED_EDGE('',*,*,#4610,.T.);
#2598=ORIENTED_EDGE('',*,*,#4613,.F.);
#2599=ORIENTED_EDGE('',*,*,#4064,.T.);
#2600=ORIENTED_EDGE('',*,*,#4614,.F.);
#2601=ORIENTED_EDGE('',*,*,#4615,.T.);
#2602=ORIENTED_EDGE('',*,*,#4568,.T.);
#2603=ORIENTED_EDGE('',*,*,#4065,.F.);
#2604=ORIENTED_EDGE('',*,*,#4613,.T.);
#2605=ORIENTED_EDGE('',*,*,#4567,.F.);
#2606=ORIENTED_EDGE('',*,*,#4616,.F.);
#2607=ORIENTED_EDGE('',*,*,#4566,.T.);
#2608=ORIENTED_EDGE('',*,*,#4066,.T.);
#2609=ORIENTED_EDGE('',*,*,#4616,.T.);
#2610=ORIENTED_EDGE('',*,*,#4061,.F.);
#2611=ORIENTED_EDGE('',*,*,#4571,.F.);
#2612=ORIENTED_EDGE('',*,*,#4617,.F.);
#2613=ORIENTED_EDGE('',*,*,#4062,.F.);
#2614=ORIENTED_EDGE('',*,*,#4617,.T.);
#2615=ORIENTED_EDGE('',*,*,#4570,.F.);
#2616=ORIENTED_EDGE('',*,*,#4618,.F.);
#2617=ORIENTED_EDGE('',*,*,#4619,.T.);
#2618=ORIENTED_EDGE('',*,*,#4063,.F.);
#2619=ORIENTED_EDGE('',*,*,#4619,.F.);
#2620=ORIENTED_EDGE('',*,*,#4620,.F.);
#2621=ORIENTED_EDGE('',*,*,#4614,.T.);
#2622=ORIENTED_EDGE('',*,*,#4108,.F.);
#2623=ORIENTED_EDGE('',*,*,#4530,.F.);
#2624=ORIENTED_EDGE('',*,*,#4621,.F.);
#2625=ORIENTED_EDGE('',*,*,#4109,.F.);
#2626=ORIENTED_EDGE('',*,*,#4621,.T.);
#2627=ORIENTED_EDGE('',*,*,#4529,.F.);
#2628=ORIENTED_EDGE('',*,*,#4622,.F.);
#2629=ORIENTED_EDGE('',*,*,#4623,.F.);
#2630=ORIENTED_EDGE('',*,*,#4034,.T.);
#2631=ORIENTED_EDGE('',*,*,#4622,.T.);
#2632=ORIENTED_EDGE('',*,*,#4528,.T.);
#2633=ORIENTED_EDGE('',*,*,#4624,.F.);
#2634=ORIENTED_EDGE('',*,*,#4625,.F.);
#2635=ORIENTED_EDGE('',*,*,#4036,.T.);
#2636=ORIENTED_EDGE('',*,*,#4626,.F.);
#2637=ORIENTED_EDGE('',*,*,#4627,.T.);
#2638=ORIENTED_EDGE('',*,*,#4526,.T.);
#2639=ORIENTED_EDGE('',*,*,#4037,.F.);
#2640=ORIENTED_EDGE('',*,*,#4625,.T.);
#2641=ORIENTED_EDGE('',*,*,#4525,.F.);
#2642=ORIENTED_EDGE('',*,*,#4628,.F.);
#2643=ORIENTED_EDGE('',*,*,#4038,.F.);
#2644=ORIENTED_EDGE('',*,*,#4628,.T.);
#2645=ORIENTED_EDGE('',*,*,#4524,.F.);
#2646=ORIENTED_EDGE('',*,*,#4035,.F.);
#2647=ORIENTED_EDGE('',*,*,#4623,.T.);
#2648=ORIENTED_EDGE('',*,*,#4629,.F.);
#2649=ORIENTED_EDGE('',*,*,#4626,.T.);
#2650=ORIENTED_EDGE('',*,*,#4100,.F.);
#2651=ORIENTED_EDGE('',*,*,#4537,.F.);
#2652=ORIENTED_EDGE('',*,*,#4630,.F.);
#2653=ORIENTED_EDGE('',*,*,#4101,.F.);
#2654=ORIENTED_EDGE('',*,*,#4630,.T.);
#2655=ORIENTED_EDGE('',*,*,#4536,.F.);
#2656=ORIENTED_EDGE('',*,*,#4631,.F.);
#2657=ORIENTED_EDGE('',*,*,#4632,.F.);
#2658=ORIENTED_EDGE('',*,*,#4102,.T.);
#2659=ORIENTED_EDGE('',*,*,#4631,.T.);
#2660=ORIENTED_EDGE('',*,*,#4535,.T.);
#2661=ORIENTED_EDGE('',*,*,#4633,.F.);
#2662=ORIENTED_EDGE('',*,*,#4634,.F.);
#2663=ORIENTED_EDGE('',*,*,#4104,.T.);
#2664=ORIENTED_EDGE('',*,*,#4635,.F.);
#2665=ORIENTED_EDGE('',*,*,#4636,.T.);
#2666=ORIENTED_EDGE('',*,*,#4533,.T.);
#2667=ORIENTED_EDGE('',*,*,#4105,.F.);
#2668=ORIENTED_EDGE('',*,*,#4634,.T.);
#2669=ORIENTED_EDGE('',*,*,#4532,.F.);
#2670=ORIENTED_EDGE('',*,*,#4637,.F.);
#2671=ORIENTED_EDGE('',*,*,#4106,.F.);
#2672=ORIENTED_EDGE('',*,*,#4637,.T.);
#2673=ORIENTED_EDGE('',*,*,#4531,.F.);
#2674=ORIENTED_EDGE('',*,*,#4103,.F.);
#2675=ORIENTED_EDGE('',*,*,#4632,.T.);
#2676=ORIENTED_EDGE('',*,*,#4638,.F.);
#2677=ORIENTED_EDGE('',*,*,#4635,.T.);
#2678=ORIENTED_EDGE('',*,*,#4092,.F.);
#2679=ORIENTED_EDGE('',*,*,#4544,.F.);
#2680=ORIENTED_EDGE('',*,*,#4639,.F.);
#2681=ORIENTED_EDGE('',*,*,#4093,.F.);
#2682=ORIENTED_EDGE('',*,*,#4639,.T.);
#2683=ORIENTED_EDGE('',*,*,#4543,.F.);
#2684=ORIENTED_EDGE('',*,*,#4640,.F.);
#2685=ORIENTED_EDGE('',*,*,#4641,.F.);
#2686=ORIENTED_EDGE('',*,*,#4094,.T.);
#2687=ORIENTED_EDGE('',*,*,#4640,.T.);
#2688=ORIENTED_EDGE('',*,*,#4542,.T.);
#2689=ORIENTED_EDGE('',*,*,#4642,.F.);
#2690=ORIENTED_EDGE('',*,*,#4643,.F.);
#2691=ORIENTED_EDGE('',*,*,#4096,.T.);
#2692=ORIENTED_EDGE('',*,*,#4644,.F.);
#2693=ORIENTED_EDGE('',*,*,#4645,.T.);
#2694=ORIENTED_EDGE('',*,*,#4540,.T.);
#2695=ORIENTED_EDGE('',*,*,#4097,.F.);
#2696=ORIENTED_EDGE('',*,*,#4643,.T.);
#2697=ORIENTED_EDGE('',*,*,#4539,.F.);
#2698=ORIENTED_EDGE('',*,*,#4646,.F.);
#2699=ORIENTED_EDGE('',*,*,#4098,.F.);
#2700=ORIENTED_EDGE('',*,*,#4646,.T.);
#2701=ORIENTED_EDGE('',*,*,#4538,.F.);
#2702=ORIENTED_EDGE('',*,*,#4095,.F.);
#2703=ORIENTED_EDGE('',*,*,#4641,.T.);
#2704=ORIENTED_EDGE('',*,*,#4647,.F.);
#2705=ORIENTED_EDGE('',*,*,#4644,.T.);
#2706=ORIENTED_EDGE('',*,*,#4084,.F.);
#2707=ORIENTED_EDGE('',*,*,#4551,.F.);
#2708=ORIENTED_EDGE('',*,*,#4648,.F.);
#2709=ORIENTED_EDGE('',*,*,#4085,.F.);
#2710=ORIENTED_EDGE('',*,*,#4648,.T.);
#2711=ORIENTED_EDGE('',*,*,#4550,.F.);
#2712=ORIENTED_EDGE('',*,*,#4649,.F.);
#2713=ORIENTED_EDGE('',*,*,#4650,.F.);
#2714=ORIENTED_EDGE('',*,*,#4086,.T.);
#2715=ORIENTED_EDGE('',*,*,#4649,.T.);
#2716=ORIENTED_EDGE('',*,*,#4549,.T.);
#2717=ORIENTED_EDGE('',*,*,#4651,.F.);
#2718=ORIENTED_EDGE('',*,*,#4652,.F.);
#2719=ORIENTED_EDGE('',*,*,#4088,.T.);
#2720=ORIENTED_EDGE('',*,*,#4653,.F.);
#2721=ORIENTED_EDGE('',*,*,#4654,.T.);
#2722=ORIENTED_EDGE('',*,*,#4547,.T.);
#2723=ORIENTED_EDGE('',*,*,#4089,.F.);
#2724=ORIENTED_EDGE('',*,*,#4652,.T.);
#2725=ORIENTED_EDGE('',*,*,#4546,.F.);
#2726=ORIENTED_EDGE('',*,*,#4655,.F.);
#2727=ORIENTED_EDGE('',*,*,#4090,.F.);
#2728=ORIENTED_EDGE('',*,*,#4655,.T.);
#2729=ORIENTED_EDGE('',*,*,#4545,.F.);
#2730=ORIENTED_EDGE('',*,*,#4087,.F.);
#2731=ORIENTED_EDGE('',*,*,#4650,.T.);
#2732=ORIENTED_EDGE('',*,*,#4656,.F.);
#2733=ORIENTED_EDGE('',*,*,#4653,.T.);
#2734=ORIENTED_EDGE('',*,*,#4580,.F.);
#2735=ORIENTED_EDGE('',*,*,#4657,.T.);
#2736=ORIENTED_EDGE('',*,*,#4579,.F.);
#2737=ORIENTED_EDGE('',*,*,#4657,.F.);
#2738=ORIENTED_EDGE('',*,*,#4574,.T.);
#2739=ORIENTED_EDGE('',*,*,#4658,.T.);
#2740=ORIENTED_EDGE('',*,*,#4511,.T.);
#2741=ORIENTED_EDGE('',*,*,#4581,.F.);
#2742=ORIENTED_EDGE('',*,*,#4582,.T.);
#2743=ORIENTED_EDGE('',*,*,#4658,.F.);
#2744=ORIENTED_EDGE('',*,*,#4555,.F.);
#2745=ORIENTED_EDGE('',*,*,#4589,.F.);
#2746=ORIENTED_EDGE('',*,*,#4591,.T.);
#2747=ORIENTED_EDGE('',*,*,#4586,.T.);
#2748=ORIENTED_EDGE('',*,*,#4503,.F.);
#2749=ORIENTED_EDGE('',*,*,#4659,.F.);
#2750=ORIENTED_EDGE('',*,*,#4660,.T.);
#2751=ORIENTED_EDGE('',*,*,#4661,.T.);
#2752=ORIENTED_EDGE('',*,*,#4502,.T.);
#2753=ORIENTED_EDGE('',*,*,#4662,.F.);
#2754=ORIENTED_EDGE('',*,*,#4663,.F.);
#2755=ORIENTED_EDGE('',*,*,#4659,.T.);
#2756=ORIENTED_EDGE('',*,*,#4509,.F.);
#2757=ORIENTED_EDGE('',*,*,#4664,.F.);
#2758=ORIENTED_EDGE('',*,*,#4665,.T.);
#2759=ORIENTED_EDGE('',*,*,#4662,.T.);
#2760=ORIENTED_EDGE('',*,*,#4508,.F.);
#2761=ORIENTED_EDGE('',*,*,#4666,.F.);
#2762=ORIENTED_EDGE('',*,*,#4667,.T.);
#2763=ORIENTED_EDGE('',*,*,#4664,.T.);
#2764=ORIENTED_EDGE('',*,*,#4507,.F.);
#2765=ORIENTED_EDGE('',*,*,#4668,.F.);
#2766=ORIENTED_EDGE('',*,*,#4669,.T.);
#2767=ORIENTED_EDGE('',*,*,#4666,.T.);
#2768=ORIENTED_EDGE('',*,*,#4506,.F.);
#2769=ORIENTED_EDGE('',*,*,#4670,.F.);
#2770=ORIENTED_EDGE('',*,*,#4671,.T.);
#2771=ORIENTED_EDGE('',*,*,#4668,.T.);
#2772=ORIENTED_EDGE('',*,*,#4505,.F.);
#2773=ORIENTED_EDGE('',*,*,#4672,.F.);
#2774=ORIENTED_EDGE('',*,*,#4673,.T.);
#2775=ORIENTED_EDGE('',*,*,#4670,.T.);
#2776=ORIENTED_EDGE('',*,*,#4504,.F.);
#2777=ORIENTED_EDGE('',*,*,#4661,.F.);
#2778=ORIENTED_EDGE('',*,*,#4674,.T.);
#2779=ORIENTED_EDGE('',*,*,#4672,.T.);
#2780=ORIENTED_EDGE('',*,*,#4660,.F.);
#2781=ORIENTED_EDGE('',*,*,#4663,.T.);
#2782=ORIENTED_EDGE('',*,*,#4665,.F.);
#2783=ORIENTED_EDGE('',*,*,#4667,.F.);
#2784=ORIENTED_EDGE('',*,*,#4669,.F.);
#2785=ORIENTED_EDGE('',*,*,#4671,.F.);
#2786=ORIENTED_EDGE('',*,*,#4673,.F.);
#2787=ORIENTED_EDGE('',*,*,#4674,.F.);
#2788=ORIENTED_EDGE('',*,*,#4319,.F.);
#2789=ORIENTED_EDGE('',*,*,#4675,.F.);
#2790=ORIENTED_EDGE('',*,*,#4676,.T.);
#2791=ORIENTED_EDGE('',*,*,#4677,.T.);
#2792=ORIENTED_EDGE('',*,*,#4318,.F.);
#2793=ORIENTED_EDGE('',*,*,#4678,.F.);
#2794=ORIENTED_EDGE('',*,*,#4679,.T.);
#2795=ORIENTED_EDGE('',*,*,#4675,.T.);
#2796=ORIENTED_EDGE('',*,*,#4317,.T.);
#2797=ORIENTED_EDGE('',*,*,#4680,.F.);
#2798=ORIENTED_EDGE('',*,*,#4681,.F.);
#2799=ORIENTED_EDGE('',*,*,#4678,.T.);
#2800=ORIENTED_EDGE('',*,*,#4322,.T.);
#2801=ORIENTED_EDGE('',*,*,#4682,.F.);
#2802=ORIENTED_EDGE('',*,*,#4683,.F.);
#2803=ORIENTED_EDGE('',*,*,#4680,.T.);
#2804=ORIENTED_EDGE('',*,*,#4321,.F.);
#2805=ORIENTED_EDGE('',*,*,#4684,.F.);
#2806=ORIENTED_EDGE('',*,*,#4685,.T.);
#2807=ORIENTED_EDGE('',*,*,#4682,.T.);
#2808=ORIENTED_EDGE('',*,*,#4320,.F.);
#2809=ORIENTED_EDGE('',*,*,#4677,.F.);
#2810=ORIENTED_EDGE('',*,*,#4686,.T.);
#2811=ORIENTED_EDGE('',*,*,#4684,.T.);
#2812=ORIENTED_EDGE('',*,*,#4676,.F.);
#2813=ORIENTED_EDGE('',*,*,#4679,.F.);
#2814=ORIENTED_EDGE('',*,*,#4681,.T.);
#2815=ORIENTED_EDGE('',*,*,#4683,.T.);
#2816=ORIENTED_EDGE('',*,*,#4685,.F.);
#2817=ORIENTED_EDGE('',*,*,#4686,.F.);
#2818=ORIENTED_EDGE('',*,*,#4314,.F.);
#2819=ORIENTED_EDGE('',*,*,#4687,.F.);
#2820=ORIENTED_EDGE('',*,*,#4688,.T.);
#2821=ORIENTED_EDGE('',*,*,#4689,.T.);
#2822=ORIENTED_EDGE('',*,*,#4313,.F.);
#2823=ORIENTED_EDGE('',*,*,#4690,.F.);
#2824=ORIENTED_EDGE('',*,*,#4691,.T.);
#2825=ORIENTED_EDGE('',*,*,#4687,.T.);
#2826=ORIENTED_EDGE('',*,*,#4312,.F.);
#2827=ORIENTED_EDGE('',*,*,#4692,.F.);
#2828=ORIENTED_EDGE('',*,*,#4693,.T.);
#2829=ORIENTED_EDGE('',*,*,#4690,.T.);
#2830=ORIENTED_EDGE('',*,*,#4316,.T.);
#2831=ORIENTED_EDGE('',*,*,#4694,.F.);
#2832=ORIENTED_EDGE('',*,*,#4695,.F.);
#2833=ORIENTED_EDGE('',*,*,#4692,.T.);
#2834=ORIENTED_EDGE('',*,*,#4315,.F.);
#2835=ORIENTED_EDGE('',*,*,#4689,.F.);
#2836=ORIENTED_EDGE('',*,*,#4696,.T.);
#2837=ORIENTED_EDGE('',*,*,#4694,.T.);
#2838=ORIENTED_EDGE('',*,*,#4688,.F.);
#2839=ORIENTED_EDGE('',*,*,#4691,.F.);
#2840=ORIENTED_EDGE('',*,*,#4693,.F.);
#2841=ORIENTED_EDGE('',*,*,#4695,.T.);
#2842=ORIENTED_EDGE('',*,*,#4696,.F.);
#2843=ORIENTED_EDGE('',*,*,#4308,.F.);
#2844=ORIENTED_EDGE('',*,*,#4697,.F.);
#2845=ORIENTED_EDGE('',*,*,#4698,.T.);
#2846=ORIENTED_EDGE('',*,*,#4699,.T.);
#2847=ORIENTED_EDGE('',*,*,#4307,.F.);
#2848=ORIENTED_EDGE('',*,*,#4700,.F.);
#2849=ORIENTED_EDGE('',*,*,#4701,.T.);
#2850=ORIENTED_EDGE('',*,*,#4697,.T.);
#2851=ORIENTED_EDGE('',*,*,#4306,.F.);
#2852=ORIENTED_EDGE('',*,*,#4702,.F.);
#2853=ORIENTED_EDGE('',*,*,#4703,.T.);
#2854=ORIENTED_EDGE('',*,*,#4700,.T.);
#2855=ORIENTED_EDGE('',*,*,#4311,.F.);
#2856=ORIENTED_EDGE('',*,*,#4704,.F.);
#2857=ORIENTED_EDGE('',*,*,#4705,.T.);
#2858=ORIENTED_EDGE('',*,*,#4702,.T.);
#2859=ORIENTED_EDGE('',*,*,#4310,.T.);
#2860=ORIENTED_EDGE('',*,*,#4706,.F.);
#2861=ORIENTED_EDGE('',*,*,#4707,.F.);
#2862=ORIENTED_EDGE('',*,*,#4704,.T.);
#2863=ORIENTED_EDGE('',*,*,#4309,.F.);
#2864=ORIENTED_EDGE('',*,*,#4699,.F.);
#2865=ORIENTED_EDGE('',*,*,#4708,.T.);
#2866=ORIENTED_EDGE('',*,*,#4706,.T.);
#2867=ORIENTED_EDGE('',*,*,#4698,.F.);
#2868=ORIENTED_EDGE('',*,*,#4701,.F.);
#2869=ORIENTED_EDGE('',*,*,#4703,.F.);
#2870=ORIENTED_EDGE('',*,*,#4705,.F.);
#2871=ORIENTED_EDGE('',*,*,#4707,.T.);
#2872=ORIENTED_EDGE('',*,*,#4708,.F.);
#2873=ORIENTED_EDGE('',*,*,#4302,.F.);
#2874=ORIENTED_EDGE('',*,*,#4709,.F.);
#2875=ORIENTED_EDGE('',*,*,#4710,.T.);
#2876=ORIENTED_EDGE('',*,*,#4711,.T.);
#2877=ORIENTED_EDGE('',*,*,#4301,.F.);
#2878=ORIENTED_EDGE('',*,*,#4712,.F.);
#2879=ORIENTED_EDGE('',*,*,#4713,.T.);
#2880=ORIENTED_EDGE('',*,*,#4709,.T.);
#2881=ORIENTED_EDGE('',*,*,#4300,.F.);
#2882=ORIENTED_EDGE('',*,*,#4714,.F.);
#2883=ORIENTED_EDGE('',*,*,#4715,.T.);
#2884=ORIENTED_EDGE('',*,*,#4712,.T.);
#2885=ORIENTED_EDGE('',*,*,#4305,.F.);
#2886=ORIENTED_EDGE('',*,*,#4716,.F.);
#2887=ORIENTED_EDGE('',*,*,#4717,.T.);
#2888=ORIENTED_EDGE('',*,*,#4714,.T.);
#2889=ORIENTED_EDGE('',*,*,#4304,.T.);
#2890=ORIENTED_EDGE('',*,*,#4718,.F.);
#2891=ORIENTED_EDGE('',*,*,#4719,.F.);
#2892=ORIENTED_EDGE('',*,*,#4716,.T.);
#2893=ORIENTED_EDGE('',*,*,#4303,.F.);
#2894=ORIENTED_EDGE('',*,*,#4711,.F.);
#2895=ORIENTED_EDGE('',*,*,#4720,.T.);
#2896=ORIENTED_EDGE('',*,*,#4718,.T.);
#2897=ORIENTED_EDGE('',*,*,#4710,.F.);
#2898=ORIENTED_EDGE('',*,*,#4713,.F.);
#2899=ORIENTED_EDGE('',*,*,#4715,.F.);
#2900=ORIENTED_EDGE('',*,*,#4717,.F.);
#2901=ORIENTED_EDGE('',*,*,#4719,.T.);
#2902=ORIENTED_EDGE('',*,*,#4720,.F.);
#2903=ORIENTED_EDGE('',*,*,#4296,.F.);
#2904=ORIENTED_EDGE('',*,*,#4721,.F.);
#2905=ORIENTED_EDGE('',*,*,#4722,.T.);
#2906=ORIENTED_EDGE('',*,*,#4723,.T.);
#2907=ORIENTED_EDGE('',*,*,#4295,.F.);
#2908=ORIENTED_EDGE('',*,*,#4724,.F.);
#2909=ORIENTED_EDGE('',*,*,#4725,.T.);
#2910=ORIENTED_EDGE('',*,*,#4721,.T.);
#2911=ORIENTED_EDGE('',*,*,#4294,.F.);
#2912=ORIENTED_EDGE('',*,*,#4726,.F.);
#2913=ORIENTED_EDGE('',*,*,#4727,.T.);
#2914=ORIENTED_EDGE('',*,*,#4724,.T.);
#2915=ORIENTED_EDGE('',*,*,#4299,.F.);
#2916=ORIENTED_EDGE('',*,*,#4728,.F.);
#2917=ORIENTED_EDGE('',*,*,#4729,.T.);
#2918=ORIENTED_EDGE('',*,*,#4726,.T.);
#2919=ORIENTED_EDGE('',*,*,#4298,.T.);
#2920=ORIENTED_EDGE('',*,*,#4730,.F.);
#2921=ORIENTED_EDGE('',*,*,#4731,.F.);
#2922=ORIENTED_EDGE('',*,*,#4728,.T.);
#2923=ORIENTED_EDGE('',*,*,#4297,.F.);
#2924=ORIENTED_EDGE('',*,*,#4723,.F.);
#2925=ORIENTED_EDGE('',*,*,#4732,.T.);
#2926=ORIENTED_EDGE('',*,*,#4730,.T.);
#2927=ORIENTED_EDGE('',*,*,#4722,.F.);
#2928=ORIENTED_EDGE('',*,*,#4725,.F.);
#2929=ORIENTED_EDGE('',*,*,#4727,.F.);
#2930=ORIENTED_EDGE('',*,*,#4729,.F.);
#2931=ORIENTED_EDGE('',*,*,#4731,.T.);
#2932=ORIENTED_EDGE('',*,*,#4732,.F.);
#2933=ORIENTED_EDGE('',*,*,#4290,.F.);
#2934=ORIENTED_EDGE('',*,*,#4733,.F.);
#2935=ORIENTED_EDGE('',*,*,#4734,.T.);
#2936=ORIENTED_EDGE('',*,*,#4735,.T.);
#2937=ORIENTED_EDGE('',*,*,#4289,.F.);
#2938=ORIENTED_EDGE('',*,*,#4736,.F.);
#2939=ORIENTED_EDGE('',*,*,#4737,.T.);
#2940=ORIENTED_EDGE('',*,*,#4733,.T.);
#2941=ORIENTED_EDGE('',*,*,#4288,.F.);
#2942=ORIENTED_EDGE('',*,*,#4738,.F.);
#2943=ORIENTED_EDGE('',*,*,#4739,.T.);
#2944=ORIENTED_EDGE('',*,*,#4736,.T.);
#2945=ORIENTED_EDGE('',*,*,#4293,.F.);
#2946=ORIENTED_EDGE('',*,*,#4740,.F.);
#2947=ORIENTED_EDGE('',*,*,#4741,.T.);
#2948=ORIENTED_EDGE('',*,*,#4738,.T.);
#2949=ORIENTED_EDGE('',*,*,#4292,.T.);
#2950=ORIENTED_EDGE('',*,*,#4742,.F.);
#2951=ORIENTED_EDGE('',*,*,#4743,.F.);
#2952=ORIENTED_EDGE('',*,*,#4740,.T.);
#2953=ORIENTED_EDGE('',*,*,#4291,.F.);
#2954=ORIENTED_EDGE('',*,*,#4735,.F.);
#2955=ORIENTED_EDGE('',*,*,#4744,.T.);
#2956=ORIENTED_EDGE('',*,*,#4742,.T.);
#2957=ORIENTED_EDGE('',*,*,#4734,.F.);
#2958=ORIENTED_EDGE('',*,*,#4737,.F.);
#2959=ORIENTED_EDGE('',*,*,#4739,.F.);
#2960=ORIENTED_EDGE('',*,*,#4741,.F.);
#2961=ORIENTED_EDGE('',*,*,#4743,.T.);
#2962=ORIENTED_EDGE('',*,*,#4744,.F.);
#2963=ORIENTED_EDGE('',*,*,#4284,.F.);
#2964=ORIENTED_EDGE('',*,*,#4745,.F.);
#2965=ORIENTED_EDGE('',*,*,#4746,.T.);
#2966=ORIENTED_EDGE('',*,*,#4747,.T.);
#2967=ORIENTED_EDGE('',*,*,#4283,.F.);
#2968=ORIENTED_EDGE('',*,*,#4748,.F.);
#2969=ORIENTED_EDGE('',*,*,#4749,.T.);
#2970=ORIENTED_EDGE('',*,*,#4745,.T.);
#2971=ORIENTED_EDGE('',*,*,#4282,.F.);
#2972=ORIENTED_EDGE('',*,*,#4750,.F.);
#2973=ORIENTED_EDGE('',*,*,#4751,.T.);
#2974=ORIENTED_EDGE('',*,*,#4748,.T.);
#2975=ORIENTED_EDGE('',*,*,#4287,.F.);
#2976=ORIENTED_EDGE('',*,*,#4752,.F.);
#2977=ORIENTED_EDGE('',*,*,#4753,.T.);
#2978=ORIENTED_EDGE('',*,*,#4750,.T.);
#2979=ORIENTED_EDGE('',*,*,#4286,.T.);
#2980=ORIENTED_EDGE('',*,*,#4754,.F.);
#2981=ORIENTED_EDGE('',*,*,#4755,.F.);
#2982=ORIENTED_EDGE('',*,*,#4752,.T.);
#2983=ORIENTED_EDGE('',*,*,#4285,.F.);
#2984=ORIENTED_EDGE('',*,*,#4747,.F.);
#2985=ORIENTED_EDGE('',*,*,#4756,.T.);
#2986=ORIENTED_EDGE('',*,*,#4754,.T.);
#2987=ORIENTED_EDGE('',*,*,#4746,.F.);
#2988=ORIENTED_EDGE('',*,*,#4749,.F.);
#2989=ORIENTED_EDGE('',*,*,#4751,.F.);
#2990=ORIENTED_EDGE('',*,*,#4753,.F.);
#2991=ORIENTED_EDGE('',*,*,#4755,.T.);
#2992=ORIENTED_EDGE('',*,*,#4756,.F.);
#2993=ORIENTED_EDGE('',*,*,#4278,.F.);
#2994=ORIENTED_EDGE('',*,*,#4757,.F.);
#2995=ORIENTED_EDGE('',*,*,#4758,.T.);
#2996=ORIENTED_EDGE('',*,*,#4759,.T.);
#2997=ORIENTED_EDGE('',*,*,#4277,.F.);
#2998=ORIENTED_EDGE('',*,*,#4760,.F.);
#2999=ORIENTED_EDGE('',*,*,#4761,.T.);
#3000=ORIENTED_EDGE('',*,*,#4757,.T.);
#3001=ORIENTED_EDGE('',*,*,#4276,.F.);
#3002=ORIENTED_EDGE('',*,*,#4762,.F.);
#3003=ORIENTED_EDGE('',*,*,#4763,.T.);
#3004=ORIENTED_EDGE('',*,*,#4760,.T.);
#3005=ORIENTED_EDGE('',*,*,#4281,.F.);
#3006=ORIENTED_EDGE('',*,*,#4764,.F.);
#3007=ORIENTED_EDGE('',*,*,#4765,.T.);
#3008=ORIENTED_EDGE('',*,*,#4762,.T.);
#3009=ORIENTED_EDGE('',*,*,#4280,.T.);
#3010=ORIENTED_EDGE('',*,*,#4766,.F.);
#3011=ORIENTED_EDGE('',*,*,#4767,.F.);
#3012=ORIENTED_EDGE('',*,*,#4764,.T.);
#3013=ORIENTED_EDGE('',*,*,#4279,.F.);
#3014=ORIENTED_EDGE('',*,*,#4759,.F.);
#3015=ORIENTED_EDGE('',*,*,#4768,.T.);
#3016=ORIENTED_EDGE('',*,*,#4766,.T.);
#3017=ORIENTED_EDGE('',*,*,#4758,.F.);
#3018=ORIENTED_EDGE('',*,*,#4761,.F.);
#3019=ORIENTED_EDGE('',*,*,#4763,.F.);
#3020=ORIENTED_EDGE('',*,*,#4765,.F.);
#3021=ORIENTED_EDGE('',*,*,#4767,.T.);
#3022=ORIENTED_EDGE('',*,*,#4768,.F.);
#3023=ORIENTED_EDGE('',*,*,#4501,.F.);
#3024=ORIENTED_EDGE('',*,*,#4769,.F.);
#3025=ORIENTED_EDGE('',*,*,#4770,.T.);
#3026=ORIENTED_EDGE('',*,*,#4771,.T.);
#3027=ORIENTED_EDGE('',*,*,#4500,.F.);
#3028=ORIENTED_EDGE('',*,*,#4772,.F.);
#3029=ORIENTED_EDGE('',*,*,#4773,.T.);
#3030=ORIENTED_EDGE('',*,*,#4769,.T.);
#3031=ORIENTED_EDGE('',*,*,#4499,.T.);
#3032=ORIENTED_EDGE('',*,*,#4774,.F.);
#3033=ORIENTED_EDGE('',*,*,#4775,.F.);
#3034=ORIENTED_EDGE('',*,*,#4772,.T.);
#3035=ORIENTED_EDGE('',*,*,#4498,.F.);
#3036=ORIENTED_EDGE('',*,*,#4776,.F.);
#3037=ORIENTED_EDGE('',*,*,#4777,.T.);
#3038=ORIENTED_EDGE('',*,*,#4774,.T.);
#3039=ORIENTED_EDGE('',*,*,#4497,.F.);
#3040=ORIENTED_EDGE('',*,*,#4771,.F.);
#3041=ORIENTED_EDGE('',*,*,#4778,.T.);
#3042=ORIENTED_EDGE('',*,*,#4776,.T.);
#3043=ORIENTED_EDGE('',*,*,#4770,.F.);
#3044=ORIENTED_EDGE('',*,*,#4773,.F.);
#3045=ORIENTED_EDGE('',*,*,#4775,.T.);
#3046=ORIENTED_EDGE('',*,*,#4777,.F.);
#3047=ORIENTED_EDGE('',*,*,#4778,.F.);
#3048=ORIENTED_EDGE('',*,*,#4492,.F.);
#3049=ORIENTED_EDGE('',*,*,#4779,.F.);
#3050=ORIENTED_EDGE('',*,*,#4780,.T.);
#3051=ORIENTED_EDGE('',*,*,#4781,.T.);
#3052=ORIENTED_EDGE('',*,*,#4491,.T.);
#3053=ORIENTED_EDGE('',*,*,#4782,.F.);
#3054=ORIENTED_EDGE('',*,*,#4783,.F.);
#3055=ORIENTED_EDGE('',*,*,#4779,.T.);
#3056=ORIENTED_EDGE('',*,*,#4496,.T.);
#3057=ORIENTED_EDGE('',*,*,#4784,.F.);
#3058=ORIENTED_EDGE('',*,*,#4785,.F.);
#3059=ORIENTED_EDGE('',*,*,#4782,.T.);
#3060=ORIENTED_EDGE('',*,*,#4495,.F.);
#3061=ORIENTED_EDGE('',*,*,#4786,.F.);
#3062=ORIENTED_EDGE('',*,*,#4787,.T.);
#3063=ORIENTED_EDGE('',*,*,#4784,.T.);
#3064=ORIENTED_EDGE('',*,*,#4494,.F.);
#3065=ORIENTED_EDGE('',*,*,#4788,.F.);
#3066=ORIENTED_EDGE('',*,*,#4789,.T.);
#3067=ORIENTED_EDGE('',*,*,#4786,.T.);
#3068=ORIENTED_EDGE('',*,*,#4493,.F.);
#3069=ORIENTED_EDGE('',*,*,#4781,.F.);
#3070=ORIENTED_EDGE('',*,*,#4790,.T.);
#3071=ORIENTED_EDGE('',*,*,#4788,.T.);
#3072=ORIENTED_EDGE('',*,*,#4780,.F.);
#3073=ORIENTED_EDGE('',*,*,#4783,.T.);
#3074=ORIENTED_EDGE('',*,*,#4785,.T.);
#3075=ORIENTED_EDGE('',*,*,#4787,.F.);
#3076=ORIENTED_EDGE('',*,*,#4789,.F.);
#3077=ORIENTED_EDGE('',*,*,#4790,.F.);
#3078=ORIENTED_EDGE('',*,*,#4484,.F.);
#3079=ORIENTED_EDGE('',*,*,#4791,.F.);
#3080=ORIENTED_EDGE('',*,*,#4792,.T.);
#3081=ORIENTED_EDGE('',*,*,#4793,.T.);
#3082=ORIENTED_EDGE('',*,*,#4483,.T.);
#3083=ORIENTED_EDGE('',*,*,#4794,.F.);
#3084=ORIENTED_EDGE('',*,*,#4795,.F.);
#3085=ORIENTED_EDGE('',*,*,#4791,.T.);
#3086=ORIENTED_EDGE('',*,*,#4490,.F.);
#3087=ORIENTED_EDGE('',*,*,#4796,.F.);
#3088=ORIENTED_EDGE('',*,*,#4797,.T.);
#3089=ORIENTED_EDGE('',*,*,#4794,.T.);
#3090=ORIENTED_EDGE('',*,*,#4489,.F.);
#3091=ORIENTED_EDGE('',*,*,#4798,.F.);
#3092=ORIENTED_EDGE('',*,*,#4799,.T.);
#3093=ORIENTED_EDGE('',*,*,#4796,.T.);
#3094=ORIENTED_EDGE('',*,*,#4488,.F.);
#3095=ORIENTED_EDGE('',*,*,#4800,.F.);
#3096=ORIENTED_EDGE('',*,*,#4801,.T.);
#3097=ORIENTED_EDGE('',*,*,#4798,.T.);
#3098=ORIENTED_EDGE('',*,*,#4487,.F.);
#3099=ORIENTED_EDGE('',*,*,#4802,.F.);
#3100=ORIENTED_EDGE('',*,*,#4803,.T.);
#3101=ORIENTED_EDGE('',*,*,#4800,.T.);
#3102=ORIENTED_EDGE('',*,*,#4486,.F.);
#3103=ORIENTED_EDGE('',*,*,#4804,.F.);
#3104=ORIENTED_EDGE('',*,*,#4805,.T.);
#3105=ORIENTED_EDGE('',*,*,#4802,.T.);
#3106=ORIENTED_EDGE('',*,*,#4485,.T.);
#3107=ORIENTED_EDGE('',*,*,#4793,.F.);
#3108=ORIENTED_EDGE('',*,*,#4806,.F.);
#3109=ORIENTED_EDGE('',*,*,#4804,.T.);
#3110=ORIENTED_EDGE('',*,*,#4792,.F.);
#3111=ORIENTED_EDGE('',*,*,#4795,.T.);
#3112=ORIENTED_EDGE('',*,*,#4797,.F.);
#3113=ORIENTED_EDGE('',*,*,#4799,.F.);
#3114=ORIENTED_EDGE('',*,*,#4801,.F.);
#3115=ORIENTED_EDGE('',*,*,#4803,.F.);
#3116=ORIENTED_EDGE('',*,*,#4805,.F.);
#3117=ORIENTED_EDGE('',*,*,#4806,.T.);
#3118=ORIENTED_EDGE('',*,*,#4476,.F.);
#3119=ORIENTED_EDGE('',*,*,#4807,.F.);
#3120=ORIENTED_EDGE('',*,*,#4808,.T.);
#3121=ORIENTED_EDGE('',*,*,#4809,.T.);
#3122=ORIENTED_EDGE('',*,*,#4475,.T.);
#3123=ORIENTED_EDGE('',*,*,#4810,.F.);
#3124=ORIENTED_EDGE('',*,*,#4811,.F.);
#3125=ORIENTED_EDGE('',*,*,#4807,.T.);
#3126=ORIENTED_EDGE('',*,*,#4482,.F.);
#3127=ORIENTED_EDGE('',*,*,#4812,.F.);
#3128=ORIENTED_EDGE('',*,*,#4813,.T.);
#3129=ORIENTED_EDGE('',*,*,#4810,.T.);
#3130=ORIENTED_EDGE('',*,*,#4481,.T.);
#3131=ORIENTED_EDGE('',*,*,#4814,.F.);
#3132=ORIENTED_EDGE('',*,*,#4815,.F.);
#3133=ORIENTED_EDGE('',*,*,#4812,.T.);
#3134=ORIENTED_EDGE('',*,*,#4480,.F.);
#3135=ORIENTED_EDGE('',*,*,#4816,.F.);
#3136=ORIENTED_EDGE('',*,*,#4817,.T.);
#3137=ORIENTED_EDGE('',*,*,#4814,.T.);
#3138=ORIENTED_EDGE('',*,*,#4479,.F.);
#3139=ORIENTED_EDGE('',*,*,#4818,.F.);
#3140=ORIENTED_EDGE('',*,*,#4819,.T.);
#3141=ORIENTED_EDGE('',*,*,#4816,.T.);
#3142=ORIENTED_EDGE('',*,*,#4478,.F.);
#3143=ORIENTED_EDGE('',*,*,#4820,.F.);
#3144=ORIENTED_EDGE('',*,*,#4821,.T.);
#3145=ORIENTED_EDGE('',*,*,#4818,.T.);
#3146=ORIENTED_EDGE('',*,*,#4477,.F.);
#3147=ORIENTED_EDGE('',*,*,#4809,.F.);
#3148=ORIENTED_EDGE('',*,*,#4822,.T.);
#3149=ORIENTED_EDGE('',*,*,#4820,.T.);
#3150=ORIENTED_EDGE('',*,*,#4808,.F.);
#3151=ORIENTED_EDGE('',*,*,#4811,.T.);
#3152=ORIENTED_EDGE('',*,*,#4813,.F.);
#3153=ORIENTED_EDGE('',*,*,#4815,.T.);
#3154=ORIENTED_EDGE('',*,*,#4817,.F.);
#3155=ORIENTED_EDGE('',*,*,#4819,.F.);
#3156=ORIENTED_EDGE('',*,*,#4821,.F.);
#3157=ORIENTED_EDGE('',*,*,#4822,.F.);
#3158=ORIENTED_EDGE('',*,*,#4468,.F.);
#3159=ORIENTED_EDGE('',*,*,#4823,.F.);
#3160=ORIENTED_EDGE('',*,*,#4824,.T.);
#3161=ORIENTED_EDGE('',*,*,#4825,.T.);
#3162=ORIENTED_EDGE('',*,*,#4467,.T.);
#3163=ORIENTED_EDGE('',*,*,#4826,.F.);
#3164=ORIENTED_EDGE('',*,*,#4827,.F.);
#3165=ORIENTED_EDGE('',*,*,#4823,.T.);
#3166=ORIENTED_EDGE('',*,*,#4474,.F.);
#3167=ORIENTED_EDGE('',*,*,#4828,.F.);
#3168=ORIENTED_EDGE('',*,*,#4829,.T.);
#3169=ORIENTED_EDGE('',*,*,#4826,.T.);
#3170=ORIENTED_EDGE('',*,*,#4473,.F.);
#3171=ORIENTED_EDGE('',*,*,#4830,.F.);
#3172=ORIENTED_EDGE('',*,*,#4831,.T.);
#3173=ORIENTED_EDGE('',*,*,#4828,.T.);
#3174=ORIENTED_EDGE('',*,*,#4472,.F.);
#3175=ORIENTED_EDGE('',*,*,#4832,.F.);
#3176=ORIENTED_EDGE('',*,*,#4833,.T.);
#3177=ORIENTED_EDGE('',*,*,#4830,.T.);
#3178=ORIENTED_EDGE('',*,*,#4471,.F.);
#3179=ORIENTED_EDGE('',*,*,#4834,.F.);
#3180=ORIENTED_EDGE('',*,*,#4835,.T.);
#3181=ORIENTED_EDGE('',*,*,#4832,.T.);
#3182=ORIENTED_EDGE('',*,*,#4470,.F.);
#3183=ORIENTED_EDGE('',*,*,#4836,.F.);
#3184=ORIENTED_EDGE('',*,*,#4837,.T.);
#3185=ORIENTED_EDGE('',*,*,#4834,.T.);
#3186=ORIENTED_EDGE('',*,*,#4469,.F.);
#3187=ORIENTED_EDGE('',*,*,#4825,.F.);
#3188=ORIENTED_EDGE('',*,*,#4838,.T.);
#3189=ORIENTED_EDGE('',*,*,#4836,.T.);
#3190=ORIENTED_EDGE('',*,*,#4824,.F.);
#3191=ORIENTED_EDGE('',*,*,#4827,.T.);
#3192=ORIENTED_EDGE('',*,*,#4829,.F.);
#3193=ORIENTED_EDGE('',*,*,#4831,.F.);
#3194=ORIENTED_EDGE('',*,*,#4833,.F.);
#3195=ORIENTED_EDGE('',*,*,#4835,.F.);
#3196=ORIENTED_EDGE('',*,*,#4837,.F.);
#3197=ORIENTED_EDGE('',*,*,#4838,.F.);
#3198=ORIENTED_EDGE('',*,*,#4460,.F.);
#3199=ORIENTED_EDGE('',*,*,#4839,.F.);
#3200=ORIENTED_EDGE('',*,*,#4840,.T.);
#3201=ORIENTED_EDGE('',*,*,#4841,.T.);
#3202=ORIENTED_EDGE('',*,*,#4459,.T.);
#3203=ORIENTED_EDGE('',*,*,#4842,.F.);
#3204=ORIENTED_EDGE('',*,*,#4843,.F.);
#3205=ORIENTED_EDGE('',*,*,#4839,.T.);
#3206=ORIENTED_EDGE('',*,*,#4466,.F.);
#3207=ORIENTED_EDGE('',*,*,#4844,.F.);
#3208=ORIENTED_EDGE('',*,*,#4845,.T.);
#3209=ORIENTED_EDGE('',*,*,#4842,.T.);
#3210=ORIENTED_EDGE('',*,*,#4465,.T.);
#3211=ORIENTED_EDGE('',*,*,#4846,.F.);
#3212=ORIENTED_EDGE('',*,*,#4847,.F.);
#3213=ORIENTED_EDGE('',*,*,#4844,.T.);
#3214=ORIENTED_EDGE('',*,*,#4464,.F.);
#3215=ORIENTED_EDGE('',*,*,#4848,.F.);
#3216=ORIENTED_EDGE('',*,*,#4849,.T.);
#3217=ORIENTED_EDGE('',*,*,#4846,.T.);
#3218=ORIENTED_EDGE('',*,*,#4463,.F.);
#3219=ORIENTED_EDGE('',*,*,#4850,.F.);
#3220=ORIENTED_EDGE('',*,*,#4851,.T.);
#3221=ORIENTED_EDGE('',*,*,#4848,.T.);
#3222=ORIENTED_EDGE('',*,*,#4462,.F.);
#3223=ORIENTED_EDGE('',*,*,#4852,.F.);
#3224=ORIENTED_EDGE('',*,*,#4853,.T.);
#3225=ORIENTED_EDGE('',*,*,#4850,.T.);
#3226=ORIENTED_EDGE('',*,*,#4461,.F.);
#3227=ORIENTED_EDGE('',*,*,#4841,.F.);
#3228=ORIENTED_EDGE('',*,*,#4854,.T.);
#3229=ORIENTED_EDGE('',*,*,#4852,.T.);
#3230=ORIENTED_EDGE('',*,*,#4840,.F.);
#3231=ORIENTED_EDGE('',*,*,#4843,.T.);
#3232=ORIENTED_EDGE('',*,*,#4845,.F.);
#3233=ORIENTED_EDGE('',*,*,#4847,.T.);
#3234=ORIENTED_EDGE('',*,*,#4849,.F.);
#3235=ORIENTED_EDGE('',*,*,#4851,.F.);
#3236=ORIENTED_EDGE('',*,*,#4853,.F.);
#3237=ORIENTED_EDGE('',*,*,#4854,.F.);
#3238=ORIENTED_EDGE('',*,*,#4452,.F.);
#3239=ORIENTED_EDGE('',*,*,#4855,.F.);
#3240=ORIENTED_EDGE('',*,*,#4856,.T.);
#3241=ORIENTED_EDGE('',*,*,#4857,.T.);
#3242=ORIENTED_EDGE('',*,*,#4451,.T.);
#3243=ORIENTED_EDGE('',*,*,#4858,.F.);
#3244=ORIENTED_EDGE('',*,*,#4859,.F.);
#3245=ORIENTED_EDGE('',*,*,#4855,.T.);
#3246=ORIENTED_EDGE('',*,*,#4458,.F.);
#3247=ORIENTED_EDGE('',*,*,#4860,.F.);
#3248=ORIENTED_EDGE('',*,*,#4861,.T.);
#3249=ORIENTED_EDGE('',*,*,#4858,.T.);
#3250=ORIENTED_EDGE('',*,*,#4457,.T.);
#3251=ORIENTED_EDGE('',*,*,#4862,.F.);
#3252=ORIENTED_EDGE('',*,*,#4863,.F.);
#3253=ORIENTED_EDGE('',*,*,#4860,.T.);
#3254=ORIENTED_EDGE('',*,*,#4456,.F.);
#3255=ORIENTED_EDGE('',*,*,#4864,.F.);
#3256=ORIENTED_EDGE('',*,*,#4865,.T.);
#3257=ORIENTED_EDGE('',*,*,#4862,.T.);
#3258=ORIENTED_EDGE('',*,*,#4455,.F.);
#3259=ORIENTED_EDGE('',*,*,#4866,.F.);
#3260=ORIENTED_EDGE('',*,*,#4867,.T.);
#3261=ORIENTED_EDGE('',*,*,#4864,.T.);
#3262=ORIENTED_EDGE('',*,*,#4454,.F.);
#3263=ORIENTED_EDGE('',*,*,#4868,.F.);
#3264=ORIENTED_EDGE('',*,*,#4869,.T.);
#3265=ORIENTED_EDGE('',*,*,#4866,.T.);
#3266=ORIENTED_EDGE('',*,*,#4453,.F.);
#3267=ORIENTED_EDGE('',*,*,#4857,.F.);
#3268=ORIENTED_EDGE('',*,*,#4870,.T.);
#3269=ORIENTED_EDGE('',*,*,#4868,.T.);
#3270=ORIENTED_EDGE('',*,*,#4856,.F.);
#3271=ORIENTED_EDGE('',*,*,#4859,.T.);
#3272=ORIENTED_EDGE('',*,*,#4861,.F.);
#3273=ORIENTED_EDGE('',*,*,#4863,.T.);
#3274=ORIENTED_EDGE('',*,*,#4865,.F.);
#3275=ORIENTED_EDGE('',*,*,#4867,.F.);
#3276=ORIENTED_EDGE('',*,*,#4869,.F.);
#3277=ORIENTED_EDGE('',*,*,#4870,.F.);
#3278=ORIENTED_EDGE('',*,*,#4444,.F.);
#3279=ORIENTED_EDGE('',*,*,#4871,.F.);
#3280=ORIENTED_EDGE('',*,*,#4872,.T.);
#3281=ORIENTED_EDGE('',*,*,#4873,.T.);
#3282=ORIENTED_EDGE('',*,*,#4443,.T.);
#3283=ORIENTED_EDGE('',*,*,#4874,.F.);
#3284=ORIENTED_EDGE('',*,*,#4875,.F.);
#3285=ORIENTED_EDGE('',*,*,#4871,.T.);
#3286=ORIENTED_EDGE('',*,*,#4450,.F.);
#3287=ORIENTED_EDGE('',*,*,#4876,.F.);
#3288=ORIENTED_EDGE('',*,*,#4877,.T.);
#3289=ORIENTED_EDGE('',*,*,#4874,.T.);
#3290=ORIENTED_EDGE('',*,*,#4449,.T.);
#3291=ORIENTED_EDGE('',*,*,#4878,.F.);
#3292=ORIENTED_EDGE('',*,*,#4879,.F.);
#3293=ORIENTED_EDGE('',*,*,#4876,.T.);
#3294=ORIENTED_EDGE('',*,*,#4448,.F.);
#3295=ORIENTED_EDGE('',*,*,#4880,.F.);
#3296=ORIENTED_EDGE('',*,*,#4881,.T.);
#3297=ORIENTED_EDGE('',*,*,#4878,.T.);
#3298=ORIENTED_EDGE('',*,*,#4447,.F.);
#3299=ORIENTED_EDGE('',*,*,#4882,.F.);
#3300=ORIENTED_EDGE('',*,*,#4883,.T.);
#3301=ORIENTED_EDGE('',*,*,#4880,.T.);
#3302=ORIENTED_EDGE('',*,*,#4446,.F.);
#3303=ORIENTED_EDGE('',*,*,#4884,.F.);
#3304=ORIENTED_EDGE('',*,*,#4885,.T.);
#3305=ORIENTED_EDGE('',*,*,#4882,.T.);
#3306=ORIENTED_EDGE('',*,*,#4445,.F.);
#3307=ORIENTED_EDGE('',*,*,#4873,.F.);
#3308=ORIENTED_EDGE('',*,*,#4886,.T.);
#3309=ORIENTED_EDGE('',*,*,#4884,.T.);
#3310=ORIENTED_EDGE('',*,*,#4872,.F.);
#3311=ORIENTED_EDGE('',*,*,#4875,.T.);
#3312=ORIENTED_EDGE('',*,*,#4877,.F.);
#3313=ORIENTED_EDGE('',*,*,#4879,.T.);
#3314=ORIENTED_EDGE('',*,*,#4881,.F.);
#3315=ORIENTED_EDGE('',*,*,#4883,.F.);
#3316=ORIENTED_EDGE('',*,*,#4885,.F.);
#3317=ORIENTED_EDGE('',*,*,#4886,.F.);
#3318=ORIENTED_EDGE('',*,*,#4436,.F.);
#3319=ORIENTED_EDGE('',*,*,#4887,.F.);
#3320=ORIENTED_EDGE('',*,*,#4888,.T.);
#3321=ORIENTED_EDGE('',*,*,#4889,.T.);
#3322=ORIENTED_EDGE('',*,*,#4435,.T.);
#3323=ORIENTED_EDGE('',*,*,#4890,.F.);
#3324=ORIENTED_EDGE('',*,*,#4891,.F.);
#3325=ORIENTED_EDGE('',*,*,#4887,.T.);
#3326=ORIENTED_EDGE('',*,*,#4442,.F.);
#3327=ORIENTED_EDGE('',*,*,#4892,.F.);
#3328=ORIENTED_EDGE('',*,*,#4893,.T.);
#3329=ORIENTED_EDGE('',*,*,#4890,.T.);
#3330=ORIENTED_EDGE('',*,*,#4441,.T.);
#3331=ORIENTED_EDGE('',*,*,#4894,.F.);
#3332=ORIENTED_EDGE('',*,*,#4895,.F.);
#3333=ORIENTED_EDGE('',*,*,#4892,.T.);
#3334=ORIENTED_EDGE('',*,*,#4440,.F.);
#3335=ORIENTED_EDGE('',*,*,#4896,.F.);
#3336=ORIENTED_EDGE('',*,*,#4897,.T.);
#3337=ORIENTED_EDGE('',*,*,#4894,.T.);
#3338=ORIENTED_EDGE('',*,*,#4439,.F.);
#3339=ORIENTED_EDGE('',*,*,#4898,.F.);
#3340=ORIENTED_EDGE('',*,*,#4899,.T.);
#3341=ORIENTED_EDGE('',*,*,#4896,.T.);
#3342=ORIENTED_EDGE('',*,*,#4438,.F.);
#3343=ORIENTED_EDGE('',*,*,#4900,.F.);
#3344=ORIENTED_EDGE('',*,*,#4901,.T.);
#3345=ORIENTED_EDGE('',*,*,#4898,.T.);
#3346=ORIENTED_EDGE('',*,*,#4437,.F.);
#3347=ORIENTED_EDGE('',*,*,#4889,.F.);
#3348=ORIENTED_EDGE('',*,*,#4902,.T.);
#3349=ORIENTED_EDGE('',*,*,#4900,.T.);
#3350=ORIENTED_EDGE('',*,*,#4888,.F.);
#3351=ORIENTED_EDGE('',*,*,#4891,.T.);
#3352=ORIENTED_EDGE('',*,*,#4893,.F.);
#3353=ORIENTED_EDGE('',*,*,#4895,.T.);
#3354=ORIENTED_EDGE('',*,*,#4897,.F.);
#3355=ORIENTED_EDGE('',*,*,#4899,.F.);
#3356=ORIENTED_EDGE('',*,*,#4901,.F.);
#3357=ORIENTED_EDGE('',*,*,#4902,.F.);
#3358=ORIENTED_EDGE('',*,*,#4428,.F.);
#3359=ORIENTED_EDGE('',*,*,#4903,.F.);
#3360=ORIENTED_EDGE('',*,*,#4904,.T.);
#3361=ORIENTED_EDGE('',*,*,#4905,.T.);
#3362=ORIENTED_EDGE('',*,*,#4427,.T.);
#3363=ORIENTED_EDGE('',*,*,#4906,.F.);
#3364=ORIENTED_EDGE('',*,*,#4907,.F.);
#3365=ORIENTED_EDGE('',*,*,#4903,.T.);
#3366=ORIENTED_EDGE('',*,*,#4434,.F.);
#3367=ORIENTED_EDGE('',*,*,#4908,.F.);
#3368=ORIENTED_EDGE('',*,*,#4909,.T.);
#3369=ORIENTED_EDGE('',*,*,#4906,.T.);
#3370=ORIENTED_EDGE('',*,*,#4433,.T.);
#3371=ORIENTED_EDGE('',*,*,#4910,.F.);
#3372=ORIENTED_EDGE('',*,*,#4911,.F.);
#3373=ORIENTED_EDGE('',*,*,#4908,.T.);
#3374=ORIENTED_EDGE('',*,*,#4432,.F.);
#3375=ORIENTED_EDGE('',*,*,#4912,.F.);
#3376=ORIENTED_EDGE('',*,*,#4913,.T.);
#3377=ORIENTED_EDGE('',*,*,#4910,.T.);
#3378=ORIENTED_EDGE('',*,*,#4431,.F.);
#3379=ORIENTED_EDGE('',*,*,#4914,.F.);
#3380=ORIENTED_EDGE('',*,*,#4915,.T.);
#3381=ORIENTED_EDGE('',*,*,#4912,.T.);
#3382=ORIENTED_EDGE('',*,*,#4430,.F.);
#3383=ORIENTED_EDGE('',*,*,#4916,.F.);
#3384=ORIENTED_EDGE('',*,*,#4917,.T.);
#3385=ORIENTED_EDGE('',*,*,#4914,.T.);
#3386=ORIENTED_EDGE('',*,*,#4429,.F.);
#3387=ORIENTED_EDGE('',*,*,#4905,.F.);
#3388=ORIENTED_EDGE('',*,*,#4918,.T.);
#3389=ORIENTED_EDGE('',*,*,#4916,.T.);
#3390=ORIENTED_EDGE('',*,*,#4904,.F.);
#3391=ORIENTED_EDGE('',*,*,#4907,.T.);
#3392=ORIENTED_EDGE('',*,*,#4909,.F.);
#3393=ORIENTED_EDGE('',*,*,#4911,.T.);
#3394=ORIENTED_EDGE('',*,*,#4913,.F.);
#3395=ORIENTED_EDGE('',*,*,#4915,.F.);
#3396=ORIENTED_EDGE('',*,*,#4917,.F.);
#3397=ORIENTED_EDGE('',*,*,#4918,.F.);
#3398=ORIENTED_EDGE('',*,*,#4422,.F.);
#3399=ORIENTED_EDGE('',*,*,#4919,.F.);
#3400=ORIENTED_EDGE('',*,*,#4920,.T.);
#3401=ORIENTED_EDGE('',*,*,#4921,.T.);
#3402=ORIENTED_EDGE('',*,*,#4421,.T.);
#3403=ORIENTED_EDGE('',*,*,#4922,.F.);
#3404=ORIENTED_EDGE('',*,*,#4923,.F.);
#3405=ORIENTED_EDGE('',*,*,#4919,.T.);
#3406=ORIENTED_EDGE('',*,*,#4426,.F.);
#3407=ORIENTED_EDGE('',*,*,#4924,.F.);
#3408=ORIENTED_EDGE('',*,*,#4925,.T.);
#3409=ORIENTED_EDGE('',*,*,#4922,.T.);
#3410=ORIENTED_EDGE('',*,*,#4425,.T.);
#3411=ORIENTED_EDGE('',*,*,#4926,.F.);
#3412=ORIENTED_EDGE('',*,*,#4927,.F.);
#3413=ORIENTED_EDGE('',*,*,#4924,.T.);
#3414=ORIENTED_EDGE('',*,*,#4424,.F.);
#3415=ORIENTED_EDGE('',*,*,#4928,.F.);
#3416=ORIENTED_EDGE('',*,*,#4929,.T.);
#3417=ORIENTED_EDGE('',*,*,#4926,.T.);
#3418=ORIENTED_EDGE('',*,*,#4423,.F.);
#3419=ORIENTED_EDGE('',*,*,#4921,.F.);
#3420=ORIENTED_EDGE('',*,*,#4930,.T.);
#3421=ORIENTED_EDGE('',*,*,#4928,.T.);
#3422=ORIENTED_EDGE('',*,*,#4920,.F.);
#3423=ORIENTED_EDGE('',*,*,#4923,.T.);
#3424=ORIENTED_EDGE('',*,*,#4925,.F.);
#3425=ORIENTED_EDGE('',*,*,#4927,.T.);
#3426=ORIENTED_EDGE('',*,*,#4929,.F.);
#3427=ORIENTED_EDGE('',*,*,#4930,.F.);
#3428=ORIENTED_EDGE('',*,*,#4414,.F.);
#3429=ORIENTED_EDGE('',*,*,#4931,.F.);
#3430=ORIENTED_EDGE('',*,*,#4932,.T.);
#3431=ORIENTED_EDGE('',*,*,#4933,.T.);
#3432=ORIENTED_EDGE('',*,*,#4413,.T.);
#3433=ORIENTED_EDGE('',*,*,#4934,.F.);
#3434=ORIENTED_EDGE('',*,*,#4935,.F.);
#3435=ORIENTED_EDGE('',*,*,#4931,.T.);
#3436=ORIENTED_EDGE('',*,*,#4420,.F.);
#3437=ORIENTED_EDGE('',*,*,#4936,.F.);
#3438=ORIENTED_EDGE('',*,*,#4937,.T.);
#3439=ORIENTED_EDGE('',*,*,#4934,.T.);
#3440=ORIENTED_EDGE('',*,*,#4419,.T.);
#3441=ORIENTED_EDGE('',*,*,#4938,.F.);
#3442=ORIENTED_EDGE('',*,*,#4939,.F.);
#3443=ORIENTED_EDGE('',*,*,#4936,.T.);
#3444=ORIENTED_EDGE('',*,*,#4418,.F.);
#3445=ORIENTED_EDGE('',*,*,#4940,.F.);
#3446=ORIENTED_EDGE('',*,*,#4941,.T.);
#3447=ORIENTED_EDGE('',*,*,#4938,.T.);
#3448=ORIENTED_EDGE('',*,*,#4417,.F.);
#3449=ORIENTED_EDGE('',*,*,#4942,.F.);
#3450=ORIENTED_EDGE('',*,*,#4943,.T.);
#3451=ORIENTED_EDGE('',*,*,#4940,.T.);
#3452=ORIENTED_EDGE('',*,*,#4416,.F.);
#3453=ORIENTED_EDGE('',*,*,#4944,.F.);
#3454=ORIENTED_EDGE('',*,*,#4945,.T.);
#3455=ORIENTED_EDGE('',*,*,#4942,.T.);
#3456=ORIENTED_EDGE('',*,*,#4415,.F.);
#3457=ORIENTED_EDGE('',*,*,#4933,.F.);
#3458=ORIENTED_EDGE('',*,*,#4946,.T.);
#3459=ORIENTED_EDGE('',*,*,#4944,.T.);
#3460=ORIENTED_EDGE('',*,*,#4932,.F.);
#3461=ORIENTED_EDGE('',*,*,#4935,.T.);
#3462=ORIENTED_EDGE('',*,*,#4937,.F.);
#3463=ORIENTED_EDGE('',*,*,#4939,.T.);
#3464=ORIENTED_EDGE('',*,*,#4941,.F.);
#3465=ORIENTED_EDGE('',*,*,#4943,.F.);
#3466=ORIENTED_EDGE('',*,*,#4945,.F.);
#3467=ORIENTED_EDGE('',*,*,#4946,.F.);
#3468=ORIENTED_EDGE('',*,*,#4408,.F.);
#3469=ORIENTED_EDGE('',*,*,#4947,.F.);
#3470=ORIENTED_EDGE('',*,*,#4948,.T.);
#3471=ORIENTED_EDGE('',*,*,#4949,.T.);
#3472=ORIENTED_EDGE('',*,*,#4407,.T.);
#3473=ORIENTED_EDGE('',*,*,#4950,.F.);
#3474=ORIENTED_EDGE('',*,*,#4951,.F.);
#3475=ORIENTED_EDGE('',*,*,#4947,.T.);
#3476=ORIENTED_EDGE('',*,*,#4412,.F.);
#3477=ORIENTED_EDGE('',*,*,#4952,.F.);
#3478=ORIENTED_EDGE('',*,*,#4953,.T.);
#3479=ORIENTED_EDGE('',*,*,#4950,.T.);
#3480=ORIENTED_EDGE('',*,*,#4411,.T.);
#3481=ORIENTED_EDGE('',*,*,#4954,.F.);
#3482=ORIENTED_EDGE('',*,*,#4955,.F.);
#3483=ORIENTED_EDGE('',*,*,#4952,.T.);
#3484=ORIENTED_EDGE('',*,*,#4410,.F.);
#3485=ORIENTED_EDGE('',*,*,#4956,.F.);
#3486=ORIENTED_EDGE('',*,*,#4957,.T.);
#3487=ORIENTED_EDGE('',*,*,#4954,.T.);
#3488=ORIENTED_EDGE('',*,*,#4409,.F.);
#3489=ORIENTED_EDGE('',*,*,#4949,.F.);
#3490=ORIENTED_EDGE('',*,*,#4958,.T.);
#3491=ORIENTED_EDGE('',*,*,#4956,.T.);
#3492=ORIENTED_EDGE('',*,*,#4948,.F.);
#3493=ORIENTED_EDGE('',*,*,#4951,.T.);
#3494=ORIENTED_EDGE('',*,*,#4953,.F.);
#3495=ORIENTED_EDGE('',*,*,#4955,.T.);
#3496=ORIENTED_EDGE('',*,*,#4957,.F.);
#3497=ORIENTED_EDGE('',*,*,#4958,.F.);
#3498=ORIENTED_EDGE('',*,*,#4400,.F.);
#3499=ORIENTED_EDGE('',*,*,#4959,.F.);
#3500=ORIENTED_EDGE('',*,*,#4960,.T.);
#3501=ORIENTED_EDGE('',*,*,#4961,.T.);
#3502=ORIENTED_EDGE('',*,*,#4399,.T.);
#3503=ORIENTED_EDGE('',*,*,#4962,.F.);
#3504=ORIENTED_EDGE('',*,*,#4963,.F.);
#3505=ORIENTED_EDGE('',*,*,#4959,.T.);
#3506=ORIENTED_EDGE('',*,*,#4406,.F.);
#3507=ORIENTED_EDGE('',*,*,#4964,.F.);
#3508=ORIENTED_EDGE('',*,*,#4965,.T.);
#3509=ORIENTED_EDGE('',*,*,#4962,.T.);
#3510=ORIENTED_EDGE('',*,*,#4405,.T.);
#3511=ORIENTED_EDGE('',*,*,#4966,.F.);
#3512=ORIENTED_EDGE('',*,*,#4967,.F.);
#3513=ORIENTED_EDGE('',*,*,#4964,.T.);
#3514=ORIENTED_EDGE('',*,*,#4404,.F.);
#3515=ORIENTED_EDGE('',*,*,#4968,.F.);
#3516=ORIENTED_EDGE('',*,*,#4969,.T.);
#3517=ORIENTED_EDGE('',*,*,#4966,.T.);
#3518=ORIENTED_EDGE('',*,*,#4403,.F.);
#3519=ORIENTED_EDGE('',*,*,#4970,.F.);
#3520=ORIENTED_EDGE('',*,*,#4971,.T.);
#3521=ORIENTED_EDGE('',*,*,#4968,.T.);
#3522=ORIENTED_EDGE('',*,*,#4402,.F.);
#3523=ORIENTED_EDGE('',*,*,#4972,.F.);
#3524=ORIENTED_EDGE('',*,*,#4973,.T.);
#3525=ORIENTED_EDGE('',*,*,#4970,.T.);
#3526=ORIENTED_EDGE('',*,*,#4401,.F.);
#3527=ORIENTED_EDGE('',*,*,#4961,.F.);
#3528=ORIENTED_EDGE('',*,*,#4974,.T.);
#3529=ORIENTED_EDGE('',*,*,#4972,.T.);
#3530=ORIENTED_EDGE('',*,*,#4960,.F.);
#3531=ORIENTED_EDGE('',*,*,#4963,.T.);
#3532=ORIENTED_EDGE('',*,*,#4965,.F.);
#3533=ORIENTED_EDGE('',*,*,#4967,.T.);
#3534=ORIENTED_EDGE('',*,*,#4969,.F.);
#3535=ORIENTED_EDGE('',*,*,#4971,.F.);
#3536=ORIENTED_EDGE('',*,*,#4973,.F.);
#3537=ORIENTED_EDGE('',*,*,#4974,.F.);
#3538=ORIENTED_EDGE('',*,*,#4392,.F.);
#3539=ORIENTED_EDGE('',*,*,#4975,.F.);
#3540=ORIENTED_EDGE('',*,*,#4976,.T.);
#3541=ORIENTED_EDGE('',*,*,#4977,.T.);
#3542=ORIENTED_EDGE('',*,*,#4391,.T.);
#3543=ORIENTED_EDGE('',*,*,#4978,.F.);
#3544=ORIENTED_EDGE('',*,*,#4979,.F.);
#3545=ORIENTED_EDGE('',*,*,#4975,.T.);
#3546=ORIENTED_EDGE('',*,*,#4398,.F.);
#3547=ORIENTED_EDGE('',*,*,#4980,.F.);
#3548=ORIENTED_EDGE('',*,*,#4981,.T.);
#3549=ORIENTED_EDGE('',*,*,#4978,.T.);
#3550=ORIENTED_EDGE('',*,*,#4397,.T.);
#3551=ORIENTED_EDGE('',*,*,#4982,.F.);
#3552=ORIENTED_EDGE('',*,*,#4983,.F.);
#3553=ORIENTED_EDGE('',*,*,#4980,.T.);
#3554=ORIENTED_EDGE('',*,*,#4396,.F.);
#3555=ORIENTED_EDGE('',*,*,#4984,.F.);
#3556=ORIENTED_EDGE('',*,*,#4985,.T.);
#3557=ORIENTED_EDGE('',*,*,#4982,.T.);
#3558=ORIENTED_EDGE('',*,*,#4395,.F.);
#3559=ORIENTED_EDGE('',*,*,#4986,.F.);
#3560=ORIENTED_EDGE('',*,*,#4987,.T.);
#3561=ORIENTED_EDGE('',*,*,#4984,.T.);
#3562=ORIENTED_EDGE('',*,*,#4394,.F.);
#3563=ORIENTED_EDGE('',*,*,#4988,.F.);
#3564=ORIENTED_EDGE('',*,*,#4989,.T.);
#3565=ORIENTED_EDGE('',*,*,#4986,.T.);
#3566=ORIENTED_EDGE('',*,*,#4393,.F.);
#3567=ORIENTED_EDGE('',*,*,#4977,.F.);
#3568=ORIENTED_EDGE('',*,*,#4990,.T.);
#3569=ORIENTED_EDGE('',*,*,#4988,.T.);
#3570=ORIENTED_EDGE('',*,*,#4976,.F.);
#3571=ORIENTED_EDGE('',*,*,#4979,.T.);
#3572=ORIENTED_EDGE('',*,*,#4981,.F.);
#3573=ORIENTED_EDGE('',*,*,#4983,.T.);
#3574=ORIENTED_EDGE('',*,*,#4985,.F.);
#3575=ORIENTED_EDGE('',*,*,#4987,.F.);
#3576=ORIENTED_EDGE('',*,*,#4989,.F.);
#3577=ORIENTED_EDGE('',*,*,#4990,.F.);
#3578=ORIENTED_EDGE('',*,*,#4384,.F.);
#3579=ORIENTED_EDGE('',*,*,#4991,.F.);
#3580=ORIENTED_EDGE('',*,*,#4992,.T.);
#3581=ORIENTED_EDGE('',*,*,#4993,.T.);
#3582=ORIENTED_EDGE('',*,*,#4383,.T.);
#3583=ORIENTED_EDGE('',*,*,#4994,.F.);
#3584=ORIENTED_EDGE('',*,*,#4995,.F.);
#3585=ORIENTED_EDGE('',*,*,#4991,.T.);
#3586=ORIENTED_EDGE('',*,*,#4390,.F.);
#3587=ORIENTED_EDGE('',*,*,#4996,.F.);
#3588=ORIENTED_EDGE('',*,*,#4997,.T.);
#3589=ORIENTED_EDGE('',*,*,#4994,.T.);
#3590=ORIENTED_EDGE('',*,*,#4389,.T.);
#3591=ORIENTED_EDGE('',*,*,#4998,.F.);
#3592=ORIENTED_EDGE('',*,*,#4999,.F.);
#3593=ORIENTED_EDGE('',*,*,#4996,.T.);
#3594=ORIENTED_EDGE('',*,*,#4388,.F.);
#3595=ORIENTED_EDGE('',*,*,#5000,.F.);
#3596=ORIENTED_EDGE('',*,*,#5001,.T.);
#3597=ORIENTED_EDGE('',*,*,#4998,.T.);
#3598=ORIENTED_EDGE('',*,*,#4387,.F.);
#3599=ORIENTED_EDGE('',*,*,#5002,.F.);
#3600=ORIENTED_EDGE('',*,*,#5003,.T.);
#3601=ORIENTED_EDGE('',*,*,#5000,.T.);
#3602=ORIENTED_EDGE('',*,*,#4386,.F.);
#3603=ORIENTED_EDGE('',*,*,#5004,.F.);
#3604=ORIENTED_EDGE('',*,*,#5005,.T.);
#3605=ORIENTED_EDGE('',*,*,#5002,.T.);
#3606=ORIENTED_EDGE('',*,*,#4385,.F.);
#3607=ORIENTED_EDGE('',*,*,#4993,.F.);
#3608=ORIENTED_EDGE('',*,*,#5006,.T.);
#3609=ORIENTED_EDGE('',*,*,#5004,.T.);
#3610=ORIENTED_EDGE('',*,*,#4992,.F.);
#3611=ORIENTED_EDGE('',*,*,#4995,.T.);
#3612=ORIENTED_EDGE('',*,*,#4997,.F.);
#3613=ORIENTED_EDGE('',*,*,#4999,.T.);
#3614=ORIENTED_EDGE('',*,*,#5001,.F.);
#3615=ORIENTED_EDGE('',*,*,#5003,.F.);
#3616=ORIENTED_EDGE('',*,*,#5005,.F.);
#3617=ORIENTED_EDGE('',*,*,#5006,.F.);
#3618=ORIENTED_EDGE('',*,*,#4376,.F.);
#3619=ORIENTED_EDGE('',*,*,#5007,.F.);
#3620=ORIENTED_EDGE('',*,*,#5008,.T.);
#3621=ORIENTED_EDGE('',*,*,#5009,.T.);
#3622=ORIENTED_EDGE('',*,*,#4375,.T.);
#3623=ORIENTED_EDGE('',*,*,#5010,.F.);
#3624=ORIENTED_EDGE('',*,*,#5011,.F.);
#3625=ORIENTED_EDGE('',*,*,#5007,.T.);
#3626=ORIENTED_EDGE('',*,*,#4382,.F.);
#3627=ORIENTED_EDGE('',*,*,#5012,.F.);
#3628=ORIENTED_EDGE('',*,*,#5013,.T.);
#3629=ORIENTED_EDGE('',*,*,#5010,.T.);
#3630=ORIENTED_EDGE('',*,*,#4381,.T.);
#3631=ORIENTED_EDGE('',*,*,#5014,.F.);
#3632=ORIENTED_EDGE('',*,*,#5015,.F.);
#3633=ORIENTED_EDGE('',*,*,#5012,.T.);
#3634=ORIENTED_EDGE('',*,*,#4380,.F.);
#3635=ORIENTED_EDGE('',*,*,#5016,.F.);
#3636=ORIENTED_EDGE('',*,*,#5017,.T.);
#3637=ORIENTED_EDGE('',*,*,#5014,.T.);
#3638=ORIENTED_EDGE('',*,*,#4379,.F.);
#3639=ORIENTED_EDGE('',*,*,#5018,.F.);
#3640=ORIENTED_EDGE('',*,*,#5019,.T.);
#3641=ORIENTED_EDGE('',*,*,#5016,.T.);
#3642=ORIENTED_EDGE('',*,*,#4378,.F.);
#3643=ORIENTED_EDGE('',*,*,#5020,.F.);
#3644=ORIENTED_EDGE('',*,*,#5021,.T.);
#3645=ORIENTED_EDGE('',*,*,#5018,.T.);
#3646=ORIENTED_EDGE('',*,*,#4377,.F.);
#3647=ORIENTED_EDGE('',*,*,#5009,.F.);
#3648=ORIENTED_EDGE('',*,*,#5022,.T.);
#3649=ORIENTED_EDGE('',*,*,#5020,.T.);
#3650=ORIENTED_EDGE('',*,*,#5008,.F.);
#3651=ORIENTED_EDGE('',*,*,#5011,.T.);
#3652=ORIENTED_EDGE('',*,*,#5013,.F.);
#3653=ORIENTED_EDGE('',*,*,#5015,.T.);
#3654=ORIENTED_EDGE('',*,*,#5017,.F.);
#3655=ORIENTED_EDGE('',*,*,#5019,.F.);
#3656=ORIENTED_EDGE('',*,*,#5021,.F.);
#3657=ORIENTED_EDGE('',*,*,#5022,.F.);
#3658=ORIENTED_EDGE('',*,*,#4520,.F.);
#3659=ORIENTED_EDGE('',*,*,#4601,.F.);
#3660=ORIENTED_EDGE('',*,*,#4603,.T.);
#3661=ORIENTED_EDGE('',*,*,#4598,.T.);
#3662=ORIENTED_EDGE('',*,*,#4562,.F.);
#3663=ORIENTED_EDGE('',*,*,#4611,.F.);
#3664=ORIENTED_EDGE('',*,*,#4612,.T.);
#3665=ORIENTED_EDGE('',*,*,#4607,.T.);
#3666=ORIENTED_EDGE('',*,*,#4569,.F.);
#3667=ORIENTED_EDGE('',*,*,#4615,.F.);
#3668=ORIENTED_EDGE('',*,*,#4620,.T.);
#3669=ORIENTED_EDGE('',*,*,#4618,.T.);
#3670=ORIENTED_EDGE('',*,*,#4368,.F.);
#3671=ORIENTED_EDGE('',*,*,#5023,.F.);
#3672=ORIENTED_EDGE('',*,*,#5024,.T.);
#3673=ORIENTED_EDGE('',*,*,#5025,.T.);
#3674=ORIENTED_EDGE('',*,*,#4367,.T.);
#3675=ORIENTED_EDGE('',*,*,#5026,.F.);
#3676=ORIENTED_EDGE('',*,*,#5027,.F.);
#3677=ORIENTED_EDGE('',*,*,#5023,.T.);
#3678=ORIENTED_EDGE('',*,*,#4374,.F.);
#3679=ORIENTED_EDGE('',*,*,#5028,.F.);
#3680=ORIENTED_EDGE('',*,*,#5029,.T.);
#3681=ORIENTED_EDGE('',*,*,#5026,.T.);
#3682=ORIENTED_EDGE('',*,*,#4373,.T.);
#3683=ORIENTED_EDGE('',*,*,#5030,.F.);
#3684=ORIENTED_EDGE('',*,*,#5031,.F.);
#3685=ORIENTED_EDGE('',*,*,#5028,.T.);
#3686=ORIENTED_EDGE('',*,*,#4372,.F.);
#3687=ORIENTED_EDGE('',*,*,#5032,.F.);
#3688=ORIENTED_EDGE('',*,*,#5033,.T.);
#3689=ORIENTED_EDGE('',*,*,#5030,.T.);
#3690=ORIENTED_EDGE('',*,*,#4371,.F.);
#3691=ORIENTED_EDGE('',*,*,#5034,.F.);
#3692=ORIENTED_EDGE('',*,*,#5035,.T.);
#3693=ORIENTED_EDGE('',*,*,#5032,.T.);
#3694=ORIENTED_EDGE('',*,*,#4370,.F.);
#3695=ORIENTED_EDGE('',*,*,#5036,.F.);
#3696=ORIENTED_EDGE('',*,*,#5037,.T.);
#3697=ORIENTED_EDGE('',*,*,#5034,.T.);
#3698=ORIENTED_EDGE('',*,*,#4369,.F.);
#3699=ORIENTED_EDGE('',*,*,#5025,.F.);
#3700=ORIENTED_EDGE('',*,*,#5038,.T.);
#3701=ORIENTED_EDGE('',*,*,#5036,.T.);
#3702=ORIENTED_EDGE('',*,*,#5024,.F.);
#3703=ORIENTED_EDGE('',*,*,#5027,.T.);
#3704=ORIENTED_EDGE('',*,*,#5029,.F.);
#3705=ORIENTED_EDGE('',*,*,#5031,.T.);
#3706=ORIENTED_EDGE('',*,*,#5033,.F.);
#3707=ORIENTED_EDGE('',*,*,#5035,.F.);
#3708=ORIENTED_EDGE('',*,*,#5037,.F.);
#3709=ORIENTED_EDGE('',*,*,#5038,.F.);
#3710=ORIENTED_EDGE('',*,*,#4527,.F.);
#3711=ORIENTED_EDGE('',*,*,#4627,.F.);
#3712=ORIENTED_EDGE('',*,*,#4629,.T.);
#3713=ORIENTED_EDGE('',*,*,#4624,.T.);
#3714=ORIENTED_EDGE('',*,*,#4534,.F.);
#3715=ORIENTED_EDGE('',*,*,#4636,.F.);
#3716=ORIENTED_EDGE('',*,*,#4638,.T.);
#3717=ORIENTED_EDGE('',*,*,#4633,.T.);
#3718=ORIENTED_EDGE('',*,*,#4541,.F.);
#3719=ORIENTED_EDGE('',*,*,#4645,.F.);
#3720=ORIENTED_EDGE('',*,*,#4647,.T.);
#3721=ORIENTED_EDGE('',*,*,#4642,.T.);
#3722=ORIENTED_EDGE('',*,*,#4548,.F.);
#3723=ORIENTED_EDGE('',*,*,#4654,.F.);
#3724=ORIENTED_EDGE('',*,*,#4656,.T.);
#3725=ORIENTED_EDGE('',*,*,#4651,.T.);
#3726=ORIENTED_EDGE('',*,*,#4362,.F.);
#3727=ORIENTED_EDGE('',*,*,#5039,.F.);
#3728=ORIENTED_EDGE('',*,*,#5040,.T.);
#3729=ORIENTED_EDGE('',*,*,#5041,.T.);
#3730=ORIENTED_EDGE('',*,*,#4361,.T.);
#3731=ORIENTED_EDGE('',*,*,#5042,.F.);
#3732=ORIENTED_EDGE('',*,*,#5043,.F.);
#3733=ORIENTED_EDGE('',*,*,#5039,.T.);
#3734=ORIENTED_EDGE('',*,*,#4366,.F.);
#3735=ORIENTED_EDGE('',*,*,#5044,.F.);
#3736=ORIENTED_EDGE('',*,*,#5045,.T.);
#3737=ORIENTED_EDGE('',*,*,#5042,.T.);
#3738=ORIENTED_EDGE('',*,*,#4365,.T.);
#3739=ORIENTED_EDGE('',*,*,#5046,.F.);
#3740=ORIENTED_EDGE('',*,*,#5047,.F.);
#3741=ORIENTED_EDGE('',*,*,#5044,.T.);
#3742=ORIENTED_EDGE('',*,*,#4364,.F.);
#3743=ORIENTED_EDGE('',*,*,#5048,.F.);
#3744=ORIENTED_EDGE('',*,*,#5049,.T.);
#3745=ORIENTED_EDGE('',*,*,#5046,.T.);
#3746=ORIENTED_EDGE('',*,*,#4363,.F.);
#3747=ORIENTED_EDGE('',*,*,#5041,.F.);
#3748=ORIENTED_EDGE('',*,*,#5050,.T.);
#3749=ORIENTED_EDGE('',*,*,#5048,.T.);
#3750=ORIENTED_EDGE('',*,*,#5040,.F.);
#3751=ORIENTED_EDGE('',*,*,#5043,.T.);
#3752=ORIENTED_EDGE('',*,*,#5045,.F.);
#3753=ORIENTED_EDGE('',*,*,#5047,.T.);
#3754=ORIENTED_EDGE('',*,*,#5049,.F.);
#3755=ORIENTED_EDGE('',*,*,#5050,.F.);
#3756=ORIENTED_EDGE('',*,*,#4354,.F.);
#3757=ORIENTED_EDGE('',*,*,#5051,.F.);
#3758=ORIENTED_EDGE('',*,*,#5052,.T.);
#3759=ORIENTED_EDGE('',*,*,#5053,.T.);
#3760=ORIENTED_EDGE('',*,*,#4353,.T.);
#3761=ORIENTED_EDGE('',*,*,#5054,.F.);
#3762=ORIENTED_EDGE('',*,*,#5055,.F.);
#3763=ORIENTED_EDGE('',*,*,#5051,.T.);
#3764=ORIENTED_EDGE('',*,*,#4360,.F.);
#3765=ORIENTED_EDGE('',*,*,#5056,.F.);
#3766=ORIENTED_EDGE('',*,*,#5057,.T.);
#3767=ORIENTED_EDGE('',*,*,#5054,.T.);
#3768=ORIENTED_EDGE('',*,*,#4359,.T.);
#3769=ORIENTED_EDGE('',*,*,#5058,.F.);
#3770=ORIENTED_EDGE('',*,*,#5059,.F.);
#3771=ORIENTED_EDGE('',*,*,#5056,.T.);
#3772=ORIENTED_EDGE('',*,*,#4358,.F.);
#3773=ORIENTED_EDGE('',*,*,#5060,.F.);
#3774=ORIENTED_EDGE('',*,*,#5061,.T.);
#3775=ORIENTED_EDGE('',*,*,#5058,.T.);
#3776=ORIENTED_EDGE('',*,*,#4357,.F.);
#3777=ORIENTED_EDGE('',*,*,#5062,.F.);
#3778=ORIENTED_EDGE('',*,*,#5063,.T.);
#3779=ORIENTED_EDGE('',*,*,#5060,.T.);
#3780=ORIENTED_EDGE('',*,*,#4356,.F.);
#3781=ORIENTED_EDGE('',*,*,#5064,.F.);
#3782=ORIENTED_EDGE('',*,*,#5065,.T.);
#3783=ORIENTED_EDGE('',*,*,#5062,.T.);
#3784=ORIENTED_EDGE('',*,*,#4355,.F.);
#3785=ORIENTED_EDGE('',*,*,#5053,.F.);
#3786=ORIENTED_EDGE('',*,*,#5066,.T.);
#3787=ORIENTED_EDGE('',*,*,#5064,.T.);
#3788=ORIENTED_EDGE('',*,*,#5052,.F.);
#3789=ORIENTED_EDGE('',*,*,#5055,.T.);
#3790=ORIENTED_EDGE('',*,*,#5057,.F.);
#3791=ORIENTED_EDGE('',*,*,#5059,.T.);
#3792=ORIENTED_EDGE('',*,*,#5061,.F.);
#3793=ORIENTED_EDGE('',*,*,#5063,.F.);
#3794=ORIENTED_EDGE('',*,*,#5065,.F.);
#3795=ORIENTED_EDGE('',*,*,#5066,.F.);
#3796=ORIENTED_EDGE('',*,*,#4346,.F.);
#3797=ORIENTED_EDGE('',*,*,#5067,.F.);
#3798=ORIENTED_EDGE('',*,*,#5068,.T.);
#3799=ORIENTED_EDGE('',*,*,#5069,.T.);
#3800=ORIENTED_EDGE('',*,*,#4345,.T.);
#3801=ORIENTED_EDGE('',*,*,#5070,.F.);
#3802=ORIENTED_EDGE('',*,*,#5071,.F.);
#3803=ORIENTED_EDGE('',*,*,#5067,.T.);
#3804=ORIENTED_EDGE('',*,*,#4352,.F.);
#3805=ORIENTED_EDGE('',*,*,#5072,.F.);
#3806=ORIENTED_EDGE('',*,*,#5073,.T.);
#3807=ORIENTED_EDGE('',*,*,#5070,.T.);
#3808=ORIENTED_EDGE('',*,*,#4351,.F.);
#3809=ORIENTED_EDGE('',*,*,#5074,.F.);
#3810=ORIENTED_EDGE('',*,*,#5075,.T.);
#3811=ORIENTED_EDGE('',*,*,#5072,.T.);
#3812=ORIENTED_EDGE('',*,*,#4350,.F.);
#3813=ORIENTED_EDGE('',*,*,#5076,.F.);
#3814=ORIENTED_EDGE('',*,*,#5077,.T.);
#3815=ORIENTED_EDGE('',*,*,#5074,.T.);
#3816=ORIENTED_EDGE('',*,*,#4349,.F.);
#3817=ORIENTED_EDGE('',*,*,#5078,.F.);
#3818=ORIENTED_EDGE('',*,*,#5079,.T.);
#3819=ORIENTED_EDGE('',*,*,#5076,.T.);
#3820=ORIENTED_EDGE('',*,*,#4348,.F.);
#3821=ORIENTED_EDGE('',*,*,#5080,.F.);
#3822=ORIENTED_EDGE('',*,*,#5081,.T.);
#3823=ORIENTED_EDGE('',*,*,#5078,.T.);
#3824=ORIENTED_EDGE('',*,*,#4347,.F.);
#3825=ORIENTED_EDGE('',*,*,#5069,.F.);
#3826=ORIENTED_EDGE('',*,*,#5082,.T.);
#3827=ORIENTED_EDGE('',*,*,#5080,.T.);
#3828=ORIENTED_EDGE('',*,*,#5068,.F.);
#3829=ORIENTED_EDGE('',*,*,#5071,.T.);
#3830=ORIENTED_EDGE('',*,*,#5073,.F.);
#3831=ORIENTED_EDGE('',*,*,#5075,.F.);
#3832=ORIENTED_EDGE('',*,*,#5077,.F.);
#3833=ORIENTED_EDGE('',*,*,#5079,.F.);
#3834=ORIENTED_EDGE('',*,*,#5081,.F.);
#3835=ORIENTED_EDGE('',*,*,#5082,.F.);
#3836=ORIENTED_EDGE('',*,*,#4338,.F.);
#3837=ORIENTED_EDGE('',*,*,#5083,.F.);
#3838=ORIENTED_EDGE('',*,*,#5084,.T.);
#3839=ORIENTED_EDGE('',*,*,#5085,.T.);
#3840=ORIENTED_EDGE('',*,*,#4337,.T.);
#3841=ORIENTED_EDGE('',*,*,#5086,.F.);
#3842=ORIENTED_EDGE('',*,*,#5087,.F.);
#3843=ORIENTED_EDGE('',*,*,#5083,.T.);
#3844=ORIENTED_EDGE('',*,*,#4344,.F.);
#3845=ORIENTED_EDGE('',*,*,#5088,.F.);
#3846=ORIENTED_EDGE('',*,*,#5089,.T.);
#3847=ORIENTED_EDGE('',*,*,#5086,.T.);
#3848=ORIENTED_EDGE('',*,*,#4343,.T.);
#3849=ORIENTED_EDGE('',*,*,#5090,.F.);
#3850=ORIENTED_EDGE('',*,*,#5091,.F.);
#3851=ORIENTED_EDGE('',*,*,#5088,.T.);
#3852=ORIENTED_EDGE('',*,*,#4342,.F.);
#3853=ORIENTED_EDGE('',*,*,#5092,.F.);
#3854=ORIENTED_EDGE('',*,*,#5093,.T.);
#3855=ORIENTED_EDGE('',*,*,#5090,.T.);
#3856=ORIENTED_EDGE('',*,*,#4341,.F.);
#3857=ORIENTED_EDGE('',*,*,#5094,.F.);
#3858=ORIENTED_EDGE('',*,*,#5095,.T.);
#3859=ORIENTED_EDGE('',*,*,#5092,.T.);
#3860=ORIENTED_EDGE('',*,*,#4340,.F.);
#3861=ORIENTED_EDGE('',*,*,#5096,.F.);
#3862=ORIENTED_EDGE('',*,*,#5097,.T.);
#3863=ORIENTED_EDGE('',*,*,#5094,.T.);
#3864=ORIENTED_EDGE('',*,*,#4339,.F.);
#3865=ORIENTED_EDGE('',*,*,#5085,.F.);
#3866=ORIENTED_EDGE('',*,*,#5098,.T.);
#3867=ORIENTED_EDGE('',*,*,#5096,.T.);
#3868=ORIENTED_EDGE('',*,*,#5084,.F.);
#3869=ORIENTED_EDGE('',*,*,#5087,.T.);
#3870=ORIENTED_EDGE('',*,*,#5089,.F.);
#3871=ORIENTED_EDGE('',*,*,#5091,.T.);
#3872=ORIENTED_EDGE('',*,*,#5093,.F.);
#3873=ORIENTED_EDGE('',*,*,#5095,.F.);
#3874=ORIENTED_EDGE('',*,*,#5097,.F.);
#3875=ORIENTED_EDGE('',*,*,#5098,.F.);
#3876=ORIENTED_EDGE('',*,*,#4270,.F.);
#3877=ORIENTED_EDGE('',*,*,#5099,.F.);
#3878=ORIENTED_EDGE('',*,*,#5100,.T.);
#3879=ORIENTED_EDGE('',*,*,#5101,.T.);
#3880=ORIENTED_EDGE('',*,*,#4269,.F.);
#3881=ORIENTED_EDGE('',*,*,#5102,.F.);
#3882=ORIENTED_EDGE('',*,*,#5103,.T.);
#3883=ORIENTED_EDGE('',*,*,#5099,.T.);
#3884=ORIENTED_EDGE('',*,*,#4268,.F.);
#3885=ORIENTED_EDGE('',*,*,#5104,.F.);
#3886=ORIENTED_EDGE('',*,*,#5105,.T.);
#3887=ORIENTED_EDGE('',*,*,#5102,.T.);
#3888=ORIENTED_EDGE('',*,*,#4275,.F.);
#3889=ORIENTED_EDGE('',*,*,#5106,.F.);
#3890=ORIENTED_EDGE('',*,*,#5107,.T.);
#3891=ORIENTED_EDGE('',*,*,#5104,.T.);
#3892=ORIENTED_EDGE('',*,*,#4274,.T.);
#3893=ORIENTED_EDGE('',*,*,#5108,.F.);
#3894=ORIENTED_EDGE('',*,*,#5109,.F.);
#3895=ORIENTED_EDGE('',*,*,#5106,.T.);
#3896=ORIENTED_EDGE('',*,*,#4273,.F.);
#3897=ORIENTED_EDGE('',*,*,#5110,.F.);
#3898=ORIENTED_EDGE('',*,*,#5111,.T.);
#3899=ORIENTED_EDGE('',*,*,#5108,.T.);
#3900=ORIENTED_EDGE('',*,*,#4272,.T.);
#3901=ORIENTED_EDGE('',*,*,#5112,.F.);
#3902=ORIENTED_EDGE('',*,*,#5113,.F.);
#3903=ORIENTED_EDGE('',*,*,#5110,.T.);
#3904=ORIENTED_EDGE('',*,*,#4271,.F.);
#3905=ORIENTED_EDGE('',*,*,#5101,.F.);
#3906=ORIENTED_EDGE('',*,*,#5114,.T.);
#3907=ORIENTED_EDGE('',*,*,#5112,.T.);
#3908=ORIENTED_EDGE('',*,*,#5100,.F.);
#3909=ORIENTED_EDGE('',*,*,#5103,.F.);
#3910=ORIENTED_EDGE('',*,*,#5105,.F.);
#3911=ORIENTED_EDGE('',*,*,#5107,.F.);
#3912=ORIENTED_EDGE('',*,*,#5109,.T.);
#3913=ORIENTED_EDGE('',*,*,#5111,.F.);
#3914=ORIENTED_EDGE('',*,*,#5113,.T.);
#3915=ORIENTED_EDGE('',*,*,#5114,.F.);
#3916=ORIENTED_EDGE('',*,*,#4262,.F.);
#3917=ORIENTED_EDGE('',*,*,#5115,.F.);
#3918=ORIENTED_EDGE('',*,*,#5116,.T.);
#3919=ORIENTED_EDGE('',*,*,#5117,.T.);
#3920=ORIENTED_EDGE('',*,*,#4261,.F.);
#3921=ORIENTED_EDGE('',*,*,#5118,.F.);
#3922=ORIENTED_EDGE('',*,*,#5119,.T.);
#3923=ORIENTED_EDGE('',*,*,#5115,.T.);
#3924=ORIENTED_EDGE('',*,*,#4260,.F.);
#3925=ORIENTED_EDGE('',*,*,#5120,.F.);
#3926=ORIENTED_EDGE('',*,*,#5121,.T.);
#3927=ORIENTED_EDGE('',*,*,#5118,.T.);
#3928=ORIENTED_EDGE('',*,*,#4267,.F.);
#3929=ORIENTED_EDGE('',*,*,#5122,.F.);
#3930=ORIENTED_EDGE('',*,*,#5123,.T.);
#3931=ORIENTED_EDGE('',*,*,#5120,.T.);
#3932=ORIENTED_EDGE('',*,*,#4266,.T.);
#3933=ORIENTED_EDGE('',*,*,#5124,.F.);
#3934=ORIENTED_EDGE('',*,*,#5125,.F.);
#3935=ORIENTED_EDGE('',*,*,#5122,.T.);
#3936=ORIENTED_EDGE('',*,*,#4265,.F.);
#3937=ORIENTED_EDGE('',*,*,#5126,.F.);
#3938=ORIENTED_EDGE('',*,*,#5127,.T.);
#3939=ORIENTED_EDGE('',*,*,#5124,.T.);
#3940=ORIENTED_EDGE('',*,*,#4264,.T.);
#3941=ORIENTED_EDGE('',*,*,#5128,.F.);
#3942=ORIENTED_EDGE('',*,*,#5129,.F.);
#3943=ORIENTED_EDGE('',*,*,#5126,.T.);
#3944=ORIENTED_EDGE('',*,*,#4263,.F.);
#3945=ORIENTED_EDGE('',*,*,#5117,.F.);
#3946=ORIENTED_EDGE('',*,*,#5130,.T.);
#3947=ORIENTED_EDGE('',*,*,#5128,.T.);
#3948=ORIENTED_EDGE('',*,*,#5116,.F.);
#3949=ORIENTED_EDGE('',*,*,#5119,.F.);
#3950=ORIENTED_EDGE('',*,*,#5121,.F.);
#3951=ORIENTED_EDGE('',*,*,#5123,.F.);
#3952=ORIENTED_EDGE('',*,*,#5125,.T.);
#3953=ORIENTED_EDGE('',*,*,#5127,.F.);
#3954=ORIENTED_EDGE('',*,*,#5129,.T.);
#3955=ORIENTED_EDGE('',*,*,#5130,.F.);
#3956=ORIENTED_EDGE('',*,*,#4330,.F.);
#3957=ORIENTED_EDGE('',*,*,#5131,.F.);
#3958=ORIENTED_EDGE('',*,*,#5132,.T.);
#3959=ORIENTED_EDGE('',*,*,#5133,.T.);
#3960=ORIENTED_EDGE('',*,*,#4329,.T.);
#3961=ORIENTED_EDGE('',*,*,#5134,.F.);
#3962=ORIENTED_EDGE('',*,*,#5135,.F.);
#3963=ORIENTED_EDGE('',*,*,#5131,.T.);
#3964=ORIENTED_EDGE('',*,*,#4336,.F.);
#3965=ORIENTED_EDGE('',*,*,#5136,.F.);
#3966=ORIENTED_EDGE('',*,*,#5137,.T.);
#3967=ORIENTED_EDGE('',*,*,#5134,.T.);
#3968=ORIENTED_EDGE('',*,*,#4335,.T.);
#3969=ORIENTED_EDGE('',*,*,#5138,.F.);
#3970=ORIENTED_EDGE('',*,*,#5139,.F.);
#3971=ORIENTED_EDGE('',*,*,#5136,.T.);
#3972=ORIENTED_EDGE('',*,*,#4334,.F.);
#3973=ORIENTED_EDGE('',*,*,#5140,.F.);
#3974=ORIENTED_EDGE('',*,*,#5141,.T.);
#3975=ORIENTED_EDGE('',*,*,#5138,.T.);
#3976=ORIENTED_EDGE('',*,*,#4333,.F.);
#3977=ORIENTED_EDGE('',*,*,#5142,.F.);
#3978=ORIENTED_EDGE('',*,*,#5143,.T.);
#3979=ORIENTED_EDGE('',*,*,#5140,.T.);
#3980=ORIENTED_EDGE('',*,*,#4332,.F.);
#3981=ORIENTED_EDGE('',*,*,#5144,.F.);
#3982=ORIENTED_EDGE('',*,*,#5145,.T.);
#3983=ORIENTED_EDGE('',*,*,#5142,.T.);
#3984=ORIENTED_EDGE('',*,*,#4331,.F.);
#3985=ORIENTED_EDGE('',*,*,#5133,.F.);
#3986=ORIENTED_EDGE('',*,*,#5146,.T.);
#3987=ORIENTED_EDGE('',*,*,#5144,.T.);
#3988=ORIENTED_EDGE('',*,*,#5132,.F.);
#3989=ORIENTED_EDGE('',*,*,#5135,.T.);
#3990=ORIENTED_EDGE('',*,*,#5137,.F.);
#3991=ORIENTED_EDGE('',*,*,#5139,.T.);
#3992=ORIENTED_EDGE('',*,*,#5141,.F.);
#3993=ORIENTED_EDGE('',*,*,#5143,.F.);
#3994=ORIENTED_EDGE('',*,*,#5145,.F.);
#3995=ORIENTED_EDGE('',*,*,#5146,.F.);
#3996=ORIENTED_EDGE('',*,*,#4324,.F.);
#3997=ORIENTED_EDGE('',*,*,#5147,.F.);
#3998=ORIENTED_EDGE('',*,*,#5148,.T.);
#3999=ORIENTED_EDGE('',*,*,#5149,.T.);
#4000=ORIENTED_EDGE('',*,*,#4323,.T.);
#4001=ORIENTED_EDGE('',*,*,#5150,.F.);
#4002=ORIENTED_EDGE('',*,*,#5151,.F.);
#4003=ORIENTED_EDGE('',*,*,#5147,.T.);
#4004=ORIENTED_EDGE('',*,*,#4328,.T.);
#4005=ORIENTED_EDGE('',*,*,#5152,.F.);
#4006=ORIENTED_EDGE('',*,*,#5153,.F.);
#4007=ORIENTED_EDGE('',*,*,#5150,.T.);
#4008=ORIENTED_EDGE('',*,*,#4327,.F.);
#4009=ORIENTED_EDGE('',*,*,#5154,.F.);
#4010=ORIENTED_EDGE('',*,*,#5155,.T.);
#4011=ORIENTED_EDGE('',*,*,#5152,.T.);
#4012=ORIENTED_EDGE('',*,*,#4326,.F.);
#4013=ORIENTED_EDGE('',*,*,#5156,.F.);
#4014=ORIENTED_EDGE('',*,*,#5157,.T.);
#4015=ORIENTED_EDGE('',*,*,#5154,.T.);
#4016=ORIENTED_EDGE('',*,*,#4325,.F.);
#4017=ORIENTED_EDGE('',*,*,#5149,.F.);
#4018=ORIENTED_EDGE('',*,*,#5158,.T.);
#4019=ORIENTED_EDGE('',*,*,#5156,.T.);
#4020=ORIENTED_EDGE('',*,*,#5148,.F.);
#4021=ORIENTED_EDGE('',*,*,#5151,.T.);
#4022=ORIENTED_EDGE('',*,*,#5153,.T.);
#4023=ORIENTED_EDGE('',*,*,#5155,.F.);
#4024=ORIENTED_EDGE('',*,*,#5157,.F.);
#4025=ORIENTED_EDGE('',*,*,#5158,.F.);
#4026=EDGE_CURVE('',#5159,#5160,#5917,.T.);
#4027=EDGE_CURVE('',#5160,#5161,#1755,.F.);
#4028=EDGE_CURVE('',#5161,#5162,#5918,.T.);
#4029=EDGE_CURVE('',#5162,#5163,#1702,.T.);
#4030=EDGE_CURVE('',#5163,#5164,#5919,.T.);
#4031=EDGE_CURVE('',#5164,#5165,#1756,.T.);
#4032=EDGE_CURVE('',#5165,#5166,#5920,.T.);
#4033=EDGE_CURVE('',#5166,#5159,#1703,.T.);
#4034=EDGE_CURVE('',#5167,#5168,#208,.T.);
#4035=EDGE_CURVE('',#5167,#5169,#209,.T.);
#4036=EDGE_CURVE('',#5170,#5169,#210,.T.);
#4037=EDGE_CURVE('',#5170,#5171,#192,.T.);
#4038=EDGE_CURVE('',#5171,#5172,#211,.T.);
#4039=EDGE_CURVE('',#5172,#5173,#212,.T.);
#4040=EDGE_CURVE('',#5173,#5174,#213,.T.);
#4041=EDGE_CURVE('',#5174,#5175,#193,.T.);
#4042=EDGE_CURVE('',#5176,#5175,#214,.T.);
#4043=EDGE_CURVE('',#5176,#5177,#215,.T.);
#4044=EDGE_CURVE('',#5178,#5177,#216,.T.);
#4045=EDGE_CURVE('',#5178,#5179,#194,.T.);
#4046=EDGE_CURVE('',#5179,#5180,#217,.T.);
#4047=EDGE_CURVE('',#5180,#5181,#218,.T.);
#4048=EDGE_CURVE('',#5181,#5182,#219,.T.);
#4049=EDGE_CURVE('',#5182,#5183,#195,.T.);
#4050=EDGE_CURVE('',#5184,#5183,#220,.T.);
#4051=EDGE_CURVE('',#5185,#5184,#221,.T.);
#4052=EDGE_CURVE('',#5185,#5186,#222,.T.);
#4053=EDGE_CURVE('',#5186,#5187,#223,.T.);
#4054=EDGE_CURVE('',#5188,#5187,#224,.T.);
#4055=EDGE_CURVE('',#5188,#5189,#225,.F.);
#4056=EDGE_CURVE('',#5190,#5189,#226,.T.);
#4057=EDGE_CURVE('',#5190,#5191,#227,.T.);
#4058=EDGE_CURVE('',#5191,#5192,#228,.T.);
#4059=EDGE_CURVE('',#5192,#5193,#229,.F.);
#4060=EDGE_CURVE('',#5193,#5194,#230,.T.);
#4061=EDGE_CURVE('',#5194,#5195,#231,.T.);
#4062=EDGE_CURVE('',#5195,#5196,#232,.T.);
#4063=EDGE_CURVE('',#5196,#5197,#233,.T.);
#4064=EDGE_CURVE('',#5198,#5197,#234,.T.);
#4065=EDGE_CURVE('',#5198,#5199,#196,.T.);
#4066=EDGE_CURVE('',#5200,#5199,#235,.T.);
#4067=EDGE_CURVE('',#5200,#5201,#236,.T.);
#4068=EDGE_CURVE('',#5201,#5202,#237,.T.);
#4069=EDGE_CURVE('',#5202,#5203,#197,.T.);
#4070=EDGE_CURVE('',#5203,#5204,#238,.T.);
#4071=EDGE_CURVE('',#5204,#5205,#239,.T.);
#4072=EDGE_CURVE('',#5206,#5205,#240,.T.);
#4073=EDGE_CURVE('',#5206,#5207,#198,.T.);
#4074=EDGE_CURVE('',#5207,#5208,#241,.T.);
#4075=EDGE_CURVE('',#5208,#5209,#242,.T.);
#4076=EDGE_CURVE('',#5209,#5210,#243,.T.);
#4077=EDGE_CURVE('',#5210,#5211,#199,.T.);
#4078=EDGE_CURVE('',#5212,#5211,#244,.T.);
#4079=EDGE_CURVE('',#5212,#5213,#245,.T.);
#4080=EDGE_CURVE('',#5214,#5213,#246,.T.);
#4081=EDGE_CURVE('',#5214,#5215,#200,.T.);
#4082=EDGE_CURVE('',#5215,#5216,#247,.T.);
#4083=EDGE_CURVE('',#5216,#5217,#248,.T.);
#4084=EDGE_CURVE('',#5217,#5218,#249,.T.);
#4085=EDGE_CURVE('',#5218,#5219,#201,.T.);
#4086=EDGE_CURVE('',#5220,#5219,#250,.T.);
#4087=EDGE_CURVE('',#5220,#5221,#251,.T.);
#4088=EDGE_CURVE('',#5222,#5221,#252,.T.);
#4089=EDGE_CURVE('',#5222,#5223,#202,.T.);
#4090=EDGE_CURVE('',#5223,#5224,#253,.T.);
#4091=EDGE_CURVE('',#5224,#5225,#254,.T.);
#4092=EDGE_CURVE('',#5225,#5226,#255,.T.);
#4093=EDGE_CURVE('',#5226,#5227,#203,.T.);
#4094=EDGE_CURVE('',#5228,#5227,#256,.T.);
#4095=EDGE_CURVE('',#5228,#5229,#257,.T.);
#4096=EDGE_CURVE('',#5230,#5229,#258,.T.);
#4097=EDGE_CURVE('',#5230,#5231,#204,.T.);
#4098=EDGE_CURVE('',#5231,#5232,#259,.T.);
#4099=EDGE_CURVE('',#5232,#5233,#260,.T.);
#4100=EDGE_CURVE('',#5233,#5234,#261,.T.);
#4101=EDGE_CURVE('',#5234,#5235,#205,.T.);
#4102=EDGE_CURVE('',#5236,#5235,#262,.T.);
#4103=EDGE_CURVE('',#5236,#5237,#263,.T.);
#4104=EDGE_CURVE('',#5238,#5237,#264,.T.);
#4105=EDGE_CURVE('',#5238,#5239,#206,.T.);
#4106=EDGE_CURVE('',#5239,#5240,#265,.T.);
#4107=EDGE_CURVE('',#5240,#5241,#266,.T.);
#4108=EDGE_CURVE('',#5241,#5242,#267,.T.);
#4109=EDGE_CURVE('',#5242,#5168,#207,.T.);
#4110=EDGE_CURVE('',#5243,#5244,#1704,.F.);
#4111=EDGE_CURVE('',#5165,#5243,#1705,.T.);
#4112=EDGE_CURVE('',#5245,#5164,#1706,.T.);
#4113=EDGE_CURVE('',#5245,#5246,#1707,.T.);
#4114=EDGE_CURVE('',#5244,#5246,#1708,.T.);
#4115=EDGE_CURVE('',#5247,#5245,#1709,.T.);
#4116=EDGE_CURVE('',#5248,#5247,#1757,.T.);
#4117=EDGE_CURVE('',#5249,#5248,#1710,.F.);
#4118=EDGE_CURVE('',#5250,#5249,#1711,.F.);
#4119=EDGE_CURVE('',#5251,#5250,#1712,.F.);
#4120=EDGE_CURVE('',#5246,#5251,#1713,.T.);
#4121=EDGE_CURVE('',#5243,#5252,#1714,.T.);
#4122=EDGE_CURVE('',#5253,#5244,#1715,.T.);
#4123=EDGE_CURVE('',#5254,#5253,#1716,.T.);
#4124=EDGE_CURVE('',#5252,#5254,#1717,.T.);
#4125=EDGE_CURVE('',#5255,#5256,#1718,.F.);
#4126=EDGE_CURVE('',#5161,#5255,#1719,.T.);
#4127=EDGE_CURVE('',#5257,#5160,#1720,.T.);
#4128=EDGE_CURVE('',#5257,#5258,#1721,.T.);
#4129=EDGE_CURVE('',#5256,#5258,#1722,.T.);
#4130=EDGE_CURVE('',#5259,#5257,#1723,.T.);
#4131=EDGE_CURVE('',#5260,#5259,#1758,.F.);
#4132=EDGE_CURVE('',#5261,#5260,#1724,.T.);
#4133=EDGE_CURVE('',#5258,#5261,#1725,.T.);
#4134=EDGE_CURVE('',#5255,#5262,#1726,.T.);
#4135=EDGE_CURVE('',#5263,#5256,#1727,.T.);
#4136=EDGE_CURVE('',#5264,#5263,#1728,.T.);
#4137=EDGE_CURVE('',#5265,#5264,#1729,.T.);
#4138=EDGE_CURVE('',#5266,#5265,#1730,.T.);
#4139=EDGE_CURVE('',#5262,#5266,#1759,.F.);
#4140=EDGE_CURVE('',#5267,#5260,#1731,.T.);
#4141=EDGE_CURVE('',#5259,#5267,#5921,.T.);
#4142=EDGE_CURVE('',#5268,#5248,#1732,.T.);
#4143=EDGE_CURVE('',#5247,#5268,#5922,.T.);
#4144=EDGE_CURVE('',#5269,#5262,#5923,.T.);
#4145=EDGE_CURVE('',#5266,#5269,#1733,.T.);
#4146=EDGE_CURVE('',#5261,#5253,#1734,.T.);
#4147=EDGE_CURVE('',#5159,#5267,#1735,.T.);
#4148=EDGE_CURVE('',#5270,#5166,#1736,.T.);
#4149=EDGE_CURVE('',#5254,#5270,#1737,.T.);
#4150=EDGE_CURVE('',#5271,#5265,#1738,.F.);
#4151=EDGE_CURVE('',#5272,#5271,#1739,.T.);
#4152=EDGE_CURVE('',#5249,#5272,#1740,.T.);
#4153=EDGE_CURVE('',#5163,#5268,#1741,.T.);
#4154=EDGE_CURVE('',#5269,#5162,#1742,.T.);
#4155=EDGE_CURVE('',#5258,#5273,#1743,.T.);
#4156=EDGE_CURVE('',#5274,#5261,#1744,.T.);
#4157=EDGE_CURVE('',#5273,#5274,#1745,.T.);
#4158=EDGE_CURVE('',#5275,#5272,#1746,.T.);
#4159=EDGE_CURVE('',#5276,#5275,#1747,.T.);
#4160=EDGE_CURVE('',#5246,#5276,#1748,.T.);
#4161=EDGE_CURVE('',#5277,#5256,#1749,.T.);
#4162=EDGE_CURVE('',#5278,#5277,#1750,.T.);
#4163=EDGE_CURVE('',#5271,#5278,#1751,.T.);
#4164=EDGE_CURVE('',#5253,#5279,#1752,.T.);
#4165=EDGE_CURVE('',#5280,#5244,#1753,.T.);
#4166=EDGE_CURVE('',#5279,#5280,#1754,.T.);
#4167=EDGE_CURVE('',#5281,#5281,#5924,.T.);
#4168=EDGE_CURVE('',#5282,#5282,#5925,.T.);
#4169=EDGE_CURVE('',#5283,#5283,#5926,.T.);
#4170=EDGE_CURVE('',#5284,#5284,#5927,.T.);
#4171=EDGE_CURVE('',#5277,#5273,#268,.T.);
#4172=EDGE_CURVE('',#5274,#5279,#269,.T.);
#4173=EDGE_CURVE('',#5276,#5280,#270,.T.);
#4174=EDGE_CURVE('',#5278,#5275,#271,.T.);
#4175=EDGE_CURVE('',#5285,#5286,#272,.T.);
#4176=EDGE_CURVE('',#5287,#5286,#273,.T.);
#4177=EDGE_CURVE('',#5287,#5288,#274,.T.);
#4178=EDGE_CURVE('',#5289,#5288,#275,.T.);
#4179=EDGE_CURVE('',#5289,#5290,#276,.T.);
#4180=EDGE_CURVE('',#5291,#5290,#277,.T.);
#4181=EDGE_CURVE('',#5291,#5292,#278,.T.);
#4182=EDGE_CURVE('',#5285,#5292,#279,.T.);
#4183=EDGE_CURVE('',#5293,#5293,#5928,.T.);
#4184=EDGE_CURVE('',#5294,#5294,#5929,.T.);
#4185=EDGE_CURVE('',#5270,#5252,#5930,.T.);
#4186=EDGE_CURVE('',#5295,#5295,#5931,.T.);
#4187=EDGE_CURVE('',#5296,#5296,#5932,.T.);
#4188=EDGE_CURVE('',#5297,#5297,#5933,.T.);
#4189=EDGE_CURVE('',#5298,#5298,#5934,.T.);
#4190=EDGE_CURVE('',#5299,#5299,#5935,.T.);
#4191=EDGE_CURVE('',#5300,#5300,#5936,.T.);
#4192=EDGE_CURVE('',#5301,#5302,#280,.T.);
#4193=EDGE_CURVE('',#5302,#5303,#281,.T.);
#4194=EDGE_CURVE('',#5303,#5304,#282,.T.);
#4195=EDGE_CURVE('',#5304,#5301,#283,.T.);
#4196=EDGE_CURVE('',#5305,#5306,#284,.T.);
#4197=EDGE_CURVE('',#5306,#5307,#285,.T.);
#4198=EDGE_CURVE('',#5307,#5308,#286,.T.);
#4199=EDGE_CURVE('',#5308,#5305,#287,.T.);
#4200=EDGE_CURVE('',#5309,#5310,#288,.T.);
#4201=EDGE_CURVE('',#5310,#5311,#289,.T.);
#4202=EDGE_CURVE('',#5311,#5312,#290,.T.);
#4203=EDGE_CURVE('',#5312,#5309,#291,.T.);
#4204=EDGE_CURVE('',#5313,#5314,#292,.T.);
#4205=EDGE_CURVE('',#5314,#5315,#293,.T.);
#4206=EDGE_CURVE('',#5315,#5316,#294,.T.);
#4207=EDGE_CURVE('',#5316,#5313,#295,.T.);
#4208=EDGE_CURVE('',#5317,#5317,#5937,.F.);
#4209=EDGE_CURVE('',#5318,#5318,#5938,.F.);
#4210=EDGE_CURVE('',#5319,#5319,#5939,.F.);
#4211=EDGE_CURVE('',#5320,#5320,#5940,.F.);
#4212=EDGE_CURVE('',#5321,#5321,#5941,.F.);
#4213=EDGE_CURVE('',#5322,#5322,#5942,.F.);
#4214=EDGE_CURVE('',#5323,#5324,#296,.T.);
#4215=EDGE_CURVE('',#5324,#5325,#297,.T.);
#4216=EDGE_CURVE('',#5325,#5326,#298,.T.);
#4217=EDGE_CURVE('',#5326,#5323,#299,.T.);
#4218=EDGE_CURVE('',#5327,#5327,#5943,.T.);
#4219=EDGE_CURVE('',#5328,#5328,#5944,.F.);
#4220=EDGE_CURVE('',#5329,#5329,#5945,.T.);
#4221=EDGE_CURVE('',#5330,#5330,#5946,.T.);
#4222=EDGE_CURVE('',#5331,#5331,#5947,.F.);
#4223=EDGE_CURVE('',#5332,#5332,#5948,.T.);
#4224=EDGE_CURVE('',#5333,#5333,#5949,.T.);
#4225=EDGE_CURVE('',#5334,#5334,#5950,.F.);
#4226=EDGE_CURVE('',#5335,#5335,#5951,.T.);
#4227=EDGE_CURVE('',#5336,#5336,#5952,.T.);
#4228=EDGE_CURVE('',#5337,#5337,#5953,.F.);
#4229=EDGE_CURVE('',#5338,#5338,#5954,.T.);
#4230=EDGE_CURVE('',#5339,#5339,#5955,.T.);
#4231=EDGE_CURVE('',#5340,#5340,#5956,.F.);
#4232=EDGE_CURVE('',#5341,#5341,#5957,.T.);
#4233=EDGE_CURVE('',#5342,#5342,#5958,.T.);
#4234=EDGE_CURVE('',#5343,#5343,#5959,.F.);
#4235=EDGE_CURVE('',#5344,#5344,#5960,.T.);
#4236=EDGE_CURVE('',#5304,#5305,#300,.T.);
#4237=EDGE_CURVE('',#5306,#5303,#301,.T.);
#4238=EDGE_CURVE('',#5304,#5288,#302,.F.);
#4239=EDGE_CURVE('',#5289,#5305,#303,.F.);
#4240=EDGE_CURVE('',#5306,#5323,#304,.F.);
#4241=EDGE_CURVE('',#5323,#5303,#305,.T.);
#4242=EDGE_CURVE('',#5290,#5308,#306,.T.);
#4243=EDGE_CURVE('',#5301,#5287,#307,.T.);
#4244=EDGE_CURVE('',#5302,#5315,#308,.F.);
#4245=EDGE_CURVE('',#5316,#5301,#309,.F.);
#4246=EDGE_CURVE('',#5324,#5302,#310,.F.);
#4247=EDGE_CURVE('',#5307,#5326,#311,.T.);
#4248=EDGE_CURVE('',#5308,#5309,#312,.F.);
#4249=EDGE_CURVE('',#5310,#5307,#313,.F.);
#4250=EDGE_CURVE('',#5291,#5309,#314,.F.);
#4251=EDGE_CURVE('',#5316,#5286,#315,.F.);
#4252=EDGE_CURVE('',#5324,#5315,#316,.T.);
#4253=EDGE_CURVE('',#5310,#5326,#317,.F.);
#4254=EDGE_CURVE('',#5292,#5312,#318,.T.);
#4255=EDGE_CURVE('',#5313,#5285,#319,.T.);
#4256=EDGE_CURVE('',#5325,#5314,#320,.F.);
#4257=EDGE_CURVE('',#5311,#5325,#321,.T.);
#4258=EDGE_CURVE('',#5313,#5312,#322,.F.);
#4259=EDGE_CURVE('',#5311,#5314,#323,.F.);
#4260=EDGE_CURVE('',#5345,#5346,#324,.T.);
#4261=EDGE_CURVE('',#5346,#5347,#5961,.T.);
#4262=EDGE_CURVE('',#5347,#5348,#325,.T.);
#4263=EDGE_CURVE('',#5348,#5349,#5962,.T.);
#4264=EDGE_CURVE('',#5350,#5349,#326,.T.);
#4265=EDGE_CURVE('',#5350,#5351,#5963,.T.);
#4266=EDGE_CURVE('',#5352,#5351,#327,.T.);
#4267=EDGE_CURVE('',#5352,#5345,#5964,.T.);
#4268=EDGE_CURVE('',#5353,#5354,#328,.T.);
#4269=EDGE_CURVE('',#5354,#5355,#5965,.T.);
#4270=EDGE_CURVE('',#5355,#5356,#329,.T.);
#4271=EDGE_CURVE('',#5356,#5357,#5966,.T.);
#4272=EDGE_CURVE('',#5358,#5357,#330,.T.);
#4273=EDGE_CURVE('',#5358,#5359,#5967,.T.);
#4274=EDGE_CURVE('',#5360,#5359,#331,.T.);
#4275=EDGE_CURVE('',#5360,#5353,#5968,.T.);
#4276=EDGE_CURVE('',#5361,#5362,#332,.T.);
#4277=EDGE_CURVE('',#5362,#5363,#5969,.T.);
#4278=EDGE_CURVE('',#5363,#5364,#333,.T.);
#4279=EDGE_CURVE('',#5364,#5365,#5970,.T.);
#4280=EDGE_CURVE('',#5366,#5365,#334,.T.);
#4281=EDGE_CURVE('',#5366,#5361,#5971,.T.);
#4282=EDGE_CURVE('',#5367,#5368,#335,.T.);
#4283=EDGE_CURVE('',#5368,#5369,#5972,.T.);
#4284=EDGE_CURVE('',#5369,#5370,#336,.T.);
#4285=EDGE_CURVE('',#5370,#5371,#5973,.T.);
#4286=EDGE_CURVE('',#5372,#5371,#337,.T.);
#4287=EDGE_CURVE('',#5372,#5367,#5974,.T.);
#4288=EDGE_CURVE('',#5373,#5374,#338,.T.);
#4289=EDGE_CURVE('',#5374,#5375,#5975,.T.);
#4290=EDGE_CURVE('',#5375,#5376,#339,.T.);
#4291=EDGE_CURVE('',#5376,#5377,#5976,.T.);
#4292=EDGE_CURVE('',#5378,#5377,#340,.T.);
#4293=EDGE_CURVE('',#5378,#5373,#5977,.T.);
#4294=EDGE_CURVE('',#5379,#5380,#341,.T.);
#4295=EDGE_CURVE('',#5380,#5381,#5978,.T.);
#4296=EDGE_CURVE('',#5381,#5382,#342,.T.);
#4297=EDGE_CURVE('',#5382,#5383,#5979,.T.);
#4298=EDGE_CURVE('',#5384,#5383,#343,.T.);
#4299=EDGE_CURVE('',#5384,#5379,#5980,.T.);
#4300=EDGE_CURVE('',#5385,#5386,#344,.T.);
#4301=EDGE_CURVE('',#5386,#5387,#5981,.T.);
#4302=EDGE_CURVE('',#5387,#5388,#345,.T.);
#4303=EDGE_CURVE('',#5388,#5389,#5982,.T.);
#4304=EDGE_CURVE('',#5390,#5389,#346,.T.);
#4305=EDGE_CURVE('',#5390,#5385,#5983,.T.);
#4306=EDGE_CURVE('',#5391,#5392,#347,.T.);
#4307=EDGE_CURVE('',#5392,#5393,#5984,.T.);
#4308=EDGE_CURVE('',#5393,#5394,#348,.T.);
#4309=EDGE_CURVE('',#5394,#5395,#5985,.T.);
#4310=EDGE_CURVE('',#5396,#5395,#349,.T.);
#4311=EDGE_CURVE('',#5396,#5391,#5986,.T.);
#4312=EDGE_CURVE('',#5397,#5398,#350,.T.);
#4313=EDGE_CURVE('',#5398,#5399,#5987,.T.);
#4314=EDGE_CURVE('',#5399,#5400,#351,.T.);
#4315=EDGE_CURVE('',#5400,#5401,#5988,.T.);
#4316=EDGE_CURVE('',#5397,#5401,#352,.T.);
#4317=EDGE_CURVE('',#5402,#5403,#353,.T.);
#4318=EDGE_CURVE('',#5402,#5404,#5989,.T.);
#4319=EDGE_CURVE('',#5404,#5405,#354,.T.);
#4320=EDGE_CURVE('',#5405,#5406,#5990,.T.);
#4321=EDGE_CURVE('',#5406,#5407,#355,.T.);
#4322=EDGE_CURVE('',#5403,#5407,#356,.T.);
#4323=EDGE_CURVE('',#5408,#5409,#357,.T.);
#4324=EDGE_CURVE('',#5408,#5410,#5991,.T.);
#4325=EDGE_CURVE('',#5410,#5411,#358,.T.);
#4326=EDGE_CURVE('',#5411,#5412,#5992,.T.);
#4327=EDGE_CURVE('',#5412,#5413,#359,.T.);
#4328=EDGE_CURVE('',#5409,#5413,#360,.T.);
#4329=EDGE_CURVE('',#5414,#5415,#361,.T.);
#4330=EDGE_CURVE('',#5414,#5416,#5993,.T.);
#4331=EDGE_CURVE('',#5416,#5417,#362,.T.);
#4332=EDGE_CURVE('',#5417,#5418,#5994,.T.);
#4333=EDGE_CURVE('',#5418,#5419,#363,.T.);
#4334=EDGE_CURVE('',#5419,#5420,#5995,.T.);
#4335=EDGE_CURVE('',#5421,#5420,#364,.T.);
#4336=EDGE_CURVE('',#5421,#5415,#5996,.T.);
#4337=EDGE_CURVE('',#5422,#5423,#365,.T.);
#4338=EDGE_CURVE('',#5422,#5424,#5997,.T.);
#4339=EDGE_CURVE('',#5424,#5425,#366,.T.);
#4340=EDGE_CURVE('',#5425,#5426,#5998,.T.);
#4341=EDGE_CURVE('',#5426,#5427,#367,.T.);
#4342=EDGE_CURVE('',#5427,#5428,#5999,.T.);
#4343=EDGE_CURVE('',#5429,#5428,#368,.T.);
#4344=EDGE_CURVE('',#5429,#5423,#6000,.T.);
#4345=EDGE_CURVE('',#5430,#5431,#369,.T.);
#4346=EDGE_CURVE('',#5430,#5432,#6001,.T.);
#4347=EDGE_CURVE('',#5432,#5433,#370,.T.);
#4348=EDGE_CURVE('',#5433,#5434,#6002,.T.);
#4349=EDGE_CURVE('',#5434,#5435,#371,.T.);
#4350=EDGE_CURVE('',#5435,#5436,#6003,.T.);
#4351=EDGE_CURVE('',#5436,#5437,#372,.T.);
#4352=EDGE_CURVE('',#5437,#5431,#6004,.T.);
#4353=EDGE_CURVE('',#5438,#5439,#373,.T.);
#4354=EDGE_CURVE('',#5438,#5440,#6005,.T.);
#4355=EDGE_CURVE('',#5440,#5441,#374,.T.);
#4356=EDGE_CURVE('',#5441,#5442,#6006,.T.);
#4357=EDGE_CURVE('',#5442,#5443,#375,.T.);
#4358=EDGE_CURVE('',#5443,#5444,#6007,.T.);
#4359=EDGE_CURVE('',#5445,#5444,#376,.T.);
#4360=EDGE_CURVE('',#5445,#5439,#6008,.T.);
#4361=EDGE_CURVE('',#5446,#5447,#377,.T.);
#4362=EDGE_CURVE('',#5446,#5448,#6009,.T.);
#4363=EDGE_CURVE('',#5448,#5449,#378,.T.);
#4364=EDGE_CURVE('',#5449,#5450,#379,.T.);
#4365=EDGE_CURVE('',#5451,#5450,#380,.T.);
#4366=EDGE_CURVE('',#5451,#5447,#6010,.T.);
#4367=EDGE_CURVE('',#5452,#5453,#381,.T.);
#4368=EDGE_CURVE('',#5452,#5454,#6011,.T.);
#4369=EDGE_CURVE('',#5454,#5455,#382,.T.);
#4370=EDGE_CURVE('',#5455,#5456,#6012,.T.);
#4371=EDGE_CURVE('',#5456,#5457,#383,.T.);
#4372=EDGE_CURVE('',#5457,#5458,#6013,.T.);
#4373=EDGE_CURVE('',#5459,#5458,#384,.T.);
#4374=EDGE_CURVE('',#5459,#5453,#6014,.T.);
#4375=EDGE_CURVE('',#5460,#5461,#385,.T.);
#4376=EDGE_CURVE('',#5460,#5462,#6015,.T.);
#4377=EDGE_CURVE('',#5462,#5463,#386,.T.);
#4378=EDGE_CURVE('',#5463,#5464,#6016,.T.);
#4379=EDGE_CURVE('',#5464,#5465,#387,.T.);
#4380=EDGE_CURVE('',#5465,#5466,#6017,.T.);
#4381=EDGE_CURVE('',#5467,#5466,#388,.T.);
#4382=EDGE_CURVE('',#5467,#5461,#6018,.T.);
#4383=EDGE_CURVE('',#5468,#5469,#389,.T.);
#4384=EDGE_CURVE('',#5468,#5470,#6019,.T.);
#4385=EDGE_CURVE('',#5470,#5471,#390,.T.);
#4386=EDGE_CURVE('',#5471,#5472,#6020,.T.);
#4387=EDGE_CURVE('',#5472,#5473,#391,.T.);
#4388=EDGE_CURVE('',#5473,#5474,#6021,.T.);
#4389=EDGE_CURVE('',#5475,#5474,#392,.T.);
#4390=EDGE_CURVE('',#5475,#5469,#6022,.T.);
#4391=EDGE_CURVE('',#5476,#5477,#393,.T.);
#4392=EDGE_CURVE('',#5476,#5478,#6023,.T.);
#4393=EDGE_CURVE('',#5478,#5479,#394,.T.);
#4394=EDGE_CURVE('',#5479,#5480,#6024,.T.);
#4395=EDGE_CURVE('',#5480,#5481,#395,.T.);
#4396=EDGE_CURVE('',#5481,#5482,#6025,.T.);
#4397=EDGE_CURVE('',#5483,#5482,#396,.T.);
#4398=EDGE_CURVE('',#5483,#5477,#6026,.T.);
#4399=EDGE_CURVE('',#5484,#5485,#397,.T.);
#4400=EDGE_CURVE('',#5484,#5486,#6027,.T.);
#4401=EDGE_CURVE('',#5486,#5487,#398,.T.);
#4402=EDGE_CURVE('',#5487,#5488,#6028,.T.);
#4403=EDGE_CURVE('',#5488,#5489,#399,.T.);
#4404=EDGE_CURVE('',#5489,#5490,#6029,.T.);
#4405=EDGE_CURVE('',#5491,#5490,#400,.T.);
#4406=EDGE_CURVE('',#5491,#5485,#6030,.T.);
#4407=EDGE_CURVE('',#5492,#5493,#401,.T.);
#4408=EDGE_CURVE('',#5492,#5494,#6031,.T.);
#4409=EDGE_CURVE('',#5494,#5495,#402,.T.);
#4410=EDGE_CURVE('',#5495,#5496,#403,.T.);
#4411=EDGE_CURVE('',#5497,#5496,#404,.T.);
#4412=EDGE_CURVE('',#5497,#5493,#6032,.T.);
#4413=EDGE_CURVE('',#5498,#5499,#405,.T.);
#4414=EDGE_CURVE('',#5498,#5500,#6033,.T.);
#4415=EDGE_CURVE('',#5500,#5501,#406,.T.);
#4416=EDGE_CURVE('',#5501,#5502,#6034,.T.);
#4417=EDGE_CURVE('',#5502,#5503,#407,.T.);
#4418=EDGE_CURVE('',#5503,#5504,#6035,.T.);
#4419=EDGE_CURVE('',#5505,#5504,#408,.T.);
#4420=EDGE_CURVE('',#5505,#5499,#6036,.T.);
#4421=EDGE_CURVE('',#5506,#5507,#409,.T.);
#4422=EDGE_CURVE('',#5506,#5508,#6037,.T.);
#4423=EDGE_CURVE('',#5508,#5509,#410,.T.);
#4424=EDGE_CURVE('',#5509,#5510,#411,.T.);
#4425=EDGE_CURVE('',#5511,#5510,#412,.T.);
#4426=EDGE_CURVE('',#5511,#5507,#6038,.T.);
#4427=EDGE_CURVE('',#5512,#5513,#413,.T.);
#4428=EDGE_CURVE('',#5512,#5514,#6039,.T.);
#4429=EDGE_CURVE('',#5514,#5515,#414,.T.);
#4430=EDGE_CURVE('',#5515,#5516,#6040,.T.);
#4431=EDGE_CURVE('',#5516,#5517,#415,.T.);
#4432=EDGE_CURVE('',#5517,#5518,#6041,.T.);
#4433=EDGE_CURVE('',#5519,#5518,#416,.T.);
#4434=EDGE_CURVE('',#5519,#5513,#6042,.T.);
#4435=EDGE_CURVE('',#5520,#5521,#417,.T.);
#4436=EDGE_CURVE('',#5520,#5522,#6043,.T.);
#4437=EDGE_CURVE('',#5522,#5523,#418,.T.);
#4438=EDGE_CURVE('',#5523,#5524,#6044,.T.);
#4439=EDGE_CURVE('',#5524,#5525,#419,.T.);
#4440=EDGE_CURVE('',#5525,#5526,#6045,.T.);
#4441=EDGE_CURVE('',#5527,#5526,#420,.T.);
#4442=EDGE_CURVE('',#5527,#5521,#6046,.T.);
#4443=EDGE_CURVE('',#5528,#5529,#421,.T.);
#4444=EDGE_CURVE('',#5528,#5530,#6047,.T.);
#4445=EDGE_CURVE('',#5530,#5531,#422,.T.);
#4446=EDGE_CURVE('',#5531,#5532,#6048,.T.);
#4447=EDGE_CURVE('',#5532,#5533,#423,.T.);
#4448=EDGE_CURVE('',#5533,#5534,#6049,.T.);
#4449=EDGE_CURVE('',#5535,#5534,#424,.T.);
#4450=EDGE_CURVE('',#5535,#5529,#6050,.T.);
#4451=EDGE_CURVE('',#5536,#5537,#425,.T.);
#4452=EDGE_CURVE('',#5536,#5538,#6051,.T.);
#4453=EDGE_CURVE('',#5538,#5539,#426,.T.);
#4454=EDGE_CURVE('',#5539,#5540,#6052,.T.);
#4455=EDGE_CURVE('',#5540,#5541,#427,.T.);
#4456=EDGE_CURVE('',#5541,#5542,#6053,.T.);
#4457=EDGE_CURVE('',#5543,#5542,#428,.T.);
#4458=EDGE_CURVE('',#5543,#5537,#6054,.T.);
#4459=EDGE_CURVE('',#5544,#5545,#429,.T.);
#4460=EDGE_CURVE('',#5544,#5546,#6055,.T.);
#4461=EDGE_CURVE('',#5546,#5547,#430,.T.);
#4462=EDGE_CURVE('',#5547,#5548,#6056,.T.);
#4463=EDGE_CURVE('',#5548,#5549,#431,.T.);
#4464=EDGE_CURVE('',#5549,#5550,#6057,.T.);
#4465=EDGE_CURVE('',#5551,#5550,#432,.T.);
#4466=EDGE_CURVE('',#5551,#5545,#6058,.T.);
#4467=EDGE_CURVE('',#5552,#5553,#433,.T.);
#4468=EDGE_CURVE('',#5552,#5554,#6059,.T.);
#4469=EDGE_CURVE('',#5554,#5555,#434,.T.);
#4470=EDGE_CURVE('',#5555,#5556,#6060,.T.);
#4471=EDGE_CURVE('',#5556,#5557,#435,.T.);
#4472=EDGE_CURVE('',#5557,#5558,#6061,.T.);
#4473=EDGE_CURVE('',#5558,#5559,#436,.T.);
#4474=EDGE_CURVE('',#5559,#5553,#6062,.T.);
#4475=EDGE_CURVE('',#5560,#5561,#437,.T.);
#4476=EDGE_CURVE('',#5560,#5562,#6063,.T.);
#4477=EDGE_CURVE('',#5562,#5563,#438,.T.);
#4478=EDGE_CURVE('',#5563,#5564,#6064,.T.);
#4479=EDGE_CURVE('',#5564,#5565,#439,.T.);
#4480=EDGE_CURVE('',#5565,#5566,#6065,.T.);
#4481=EDGE_CURVE('',#5567,#5566,#440,.T.);
#4482=EDGE_CURVE('',#5567,#5561,#6066,.T.);
#4483=EDGE_CURVE('',#5568,#5569,#441,.T.);
#4484=EDGE_CURVE('',#5568,#5570,#6067,.T.);
#4485=EDGE_CURVE('',#5571,#5570,#442,.T.);
#4486=EDGE_CURVE('',#5571,#5572,#6068,.T.);
#4487=EDGE_CURVE('',#5572,#5573,#443,.T.);
#4488=EDGE_CURVE('',#5573,#5574,#6069,.T.);
#4489=EDGE_CURVE('',#5574,#5575,#444,.T.);
#4490=EDGE_CURVE('',#5575,#5569,#6070,.T.);
#4491=EDGE_CURVE('',#5576,#5577,#445,.T.);
#4492=EDGE_CURVE('',#5576,#5578,#6071,.T.);
#4493=EDGE_CURVE('',#5578,#5579,#446,.T.);
#4494=EDGE_CURVE('',#5579,#5580,#6072,.T.);
#4495=EDGE_CURVE('',#5580,#5581,#447,.T.);
#4496=EDGE_CURVE('',#5577,#5581,#448,.T.);
#4497=EDGE_CURVE('',#5582,#5583,#449,.T.);
#4498=EDGE_CURVE('',#5583,#5584,#6073,.T.);
#4499=EDGE_CURVE('',#5585,#5584,#450,.T.);
#4500=EDGE_CURVE('',#5585,#5586,#6074,.T.);
#4501=EDGE_CURVE('',#5586,#5582,#451,.T.);
#4502=EDGE_CURVE('',#5587,#5588,#452,.T.);
#4503=EDGE_CURVE('',#5587,#5589,#6075,.T.);
#4504=EDGE_CURVE('',#5589,#5590,#453,.T.);
#4505=EDGE_CURVE('',#5590,#5591,#6076,.T.);
#4506=EDGE_CURVE('',#5591,#5592,#454,.T.);
#4507=EDGE_CURVE('',#5592,#5593,#6077,.T.);
#4508=EDGE_CURVE('',#5593,#5594,#455,.T.);
#4509=EDGE_CURVE('',#5594,#5588,#6078,.T.);
#4510=EDGE_CURVE('',#5595,#5193,#456,.T.);
#4511=EDGE_CURVE('',#5596,#5595,#457,.T.);
#4512=EDGE_CURVE('',#5186,#5596,#458,.T.);
#4513=EDGE_CURVE('',#5597,#5185,#459,.T.);
#4514=EDGE_CURVE('',#5598,#5597,#460,.T.);
#4515=EDGE_CURVE('',#5598,#5599,#6079,.T.);
#4516=EDGE_CURVE('',#5599,#5181,#461,.T.);
#4517=EDGE_CURVE('',#5180,#5600,#462,.T.);
#4518=EDGE_CURVE('',#5600,#5601,#6080,.T.);
#4519=EDGE_CURVE('',#5602,#5601,#463,.T.);
#4520=EDGE_CURVE('',#5602,#5603,#6081,.T.);
#4521=EDGE_CURVE('',#5604,#5603,#464,.T.);
#4522=EDGE_CURVE('',#5604,#5605,#6082,.T.);
#4523=EDGE_CURVE('',#5605,#5173,#465,.T.);
#4524=EDGE_CURVE('',#5172,#5606,#466,.T.);
#4525=EDGE_CURVE('',#5606,#5607,#6083,.T.);
#4526=EDGE_CURVE('',#5608,#5607,#467,.T.);
#4527=EDGE_CURVE('',#5608,#5609,#6084,.T.);
#4528=EDGE_CURVE('',#5610,#5609,#468,.T.);
#4529=EDGE_CURVE('',#5610,#5611,#6085,.T.);
#4530=EDGE_CURVE('',#5611,#5241,#469,.T.);
#4531=EDGE_CURVE('',#5240,#5612,#470,.T.);
#4532=EDGE_CURVE('',#5612,#5613,#6086,.T.);
#4533=EDGE_CURVE('',#5614,#5613,#471,.T.);
#4534=EDGE_CURVE('',#5614,#5615,#6087,.T.);
#4535=EDGE_CURVE('',#5616,#5615,#472,.T.);
#4536=EDGE_CURVE('',#5616,#5617,#6088,.T.);
#4537=EDGE_CURVE('',#5617,#5233,#473,.T.);
#4538=EDGE_CURVE('',#5232,#5618,#474,.T.);
#4539=EDGE_CURVE('',#5618,#5619,#6089,.T.);
#4540=EDGE_CURVE('',#5620,#5619,#475,.T.);
#4541=EDGE_CURVE('',#5620,#5621,#6090,.T.);
#4542=EDGE_CURVE('',#5622,#5621,#476,.T.);
#4543=EDGE_CURVE('',#5622,#5623,#6091,.T.);
#4544=EDGE_CURVE('',#5623,#5225,#477,.T.);
#4545=EDGE_CURVE('',#5224,#5624,#478,.T.);
#4546=EDGE_CURVE('',#5624,#5625,#6092,.T.);
#4547=EDGE_CURVE('',#5626,#5625,#479,.T.);
#4548=EDGE_CURVE('',#5626,#5627,#6093,.T.);
#4549=EDGE_CURVE('',#5628,#5627,#480,.T.);
#4550=EDGE_CURVE('',#5628,#5629,#6094,.T.);
#4551=EDGE_CURVE('',#5629,#5217,#481,.T.);
#4552=EDGE_CURVE('',#5216,#5630,#482,.T.);
#4553=EDGE_CURVE('',#5630,#5631,#6095,.T.);
#4554=EDGE_CURVE('',#5632,#5631,#483,.T.);
#4555=EDGE_CURVE('',#5632,#5633,#6096,.T.);
#4556=EDGE_CURVE('',#5634,#5633,#484,.T.);
#4557=EDGE_CURVE('',#5634,#5635,#6097,.T.);
#4558=EDGE_CURVE('',#5635,#5209,#485,.T.);
#4559=EDGE_CURVE('',#5208,#5636,#486,.T.);
#4560=EDGE_CURVE('',#5636,#5637,#6098,.T.);
#4561=EDGE_CURVE('',#5638,#5637,#487,.T.);
#4562=EDGE_CURVE('',#5638,#5639,#6099,.T.);
#4563=EDGE_CURVE('',#5639,#5640,#488,.T.);
#4564=EDGE_CURVE('',#5640,#5641,#6100,.T.);
#4565=EDGE_CURVE('',#5641,#5201,#489,.T.);
#4566=EDGE_CURVE('',#5642,#5200,#490,.T.);
#4567=EDGE_CURVE('',#5642,#5643,#6101,.T.);
#4568=EDGE_CURVE('',#5644,#5643,#491,.T.);
#4569=EDGE_CURVE('',#5644,#5645,#6102,.T.);
#4570=EDGE_CURVE('',#5645,#5646,#492,.T.);
#4571=EDGE_CURVE('',#5646,#5194,#493,.T.);
#4572=EDGE_CURVE('',#5190,#5647,#494,.T.);
#4573=EDGE_CURVE('',#5648,#5189,#495,.T.);
#4574=EDGE_CURVE('',#5647,#5648,#496,.T.);
#4575=EDGE_CURVE('',#5188,#5649,#497,.T.);
#4576=EDGE_CURVE('',#5649,#5187,#498,.T.);
#4577=EDGE_CURVE('',#5650,#5191,#499,.T.);
#4578=EDGE_CURVE('',#5192,#5650,#500,.T.);
#4579=EDGE_CURVE('',#5650,#5595,#501,.F.);
#4580=EDGE_CURVE('',#5647,#5650,#502,.T.);
#4581=EDGE_CURVE('',#5649,#5648,#503,.F.);
#4582=EDGE_CURVE('',#5649,#5596,#504,.F.);
#4583=EDGE_CURVE('',#5210,#5635,#505,.T.);
#4584=EDGE_CURVE('',#5211,#5634,#506,.T.);
#4585=EDGE_CURVE('',#5212,#5651,#507,.T.);
#4586=EDGE_CURVE('',#5651,#5633,#508,.T.);
#4587=EDGE_CURVE('',#5214,#5631,#509,.T.);
#4588=EDGE_CURVE('',#5652,#5213,#510,.T.);
#4589=EDGE_CURVE('',#5652,#5632,#511,.T.);
#4590=EDGE_CURVE('',#5215,#5630,#512,.T.);
#4591=EDGE_CURVE('',#5652,#5651,#6103,.T.);
#4592=EDGE_CURVE('',#5182,#5599,#513,.T.);
#4593=EDGE_CURVE('',#5183,#5598,#514,.T.);
#4594=EDGE_CURVE('',#5184,#5597,#515,.T.);
#4595=EDGE_CURVE('',#5174,#5605,#516,.T.);
#4596=EDGE_CURVE('',#5175,#5604,#517,.T.);
#4597=EDGE_CURVE('',#5176,#5653,#518,.T.);
#4598=EDGE_CURVE('',#5653,#5603,#519,.T.);
#4599=EDGE_CURVE('',#5178,#5601,#520,.T.);
#4600=EDGE_CURVE('',#5654,#5177,#521,.T.);
#4601=EDGE_CURVE('',#5654,#5602,#522,.T.);
#4602=EDGE_CURVE('',#5179,#5600,#523,.T.);
#4603=EDGE_CURVE('',#5654,#5653,#6104,.T.);
#4604=EDGE_CURVE('',#5207,#5636,#524,.T.);
#4605=EDGE_CURVE('',#5202,#5641,#525,.T.);
#4606=EDGE_CURVE('',#5203,#5640,#526,.T.);
#4607=EDGE_CURVE('',#5655,#5639,#527,.T.);
#4608=EDGE_CURVE('',#5655,#5204,#528,.T.);
#4609=EDGE_CURVE('',#5206,#5637,#529,.T.);
#4610=EDGE_CURVE('',#5656,#5205,#530,.T.);
#4611=EDGE_CURVE('',#5656,#5638,#531,.T.);
#4612=EDGE_CURVE('',#5656,#5655,#6105,.T.);
#4613=EDGE_CURVE('',#5198,#5643,#532,.T.);
#4614=EDGE_CURVE('',#5657,#5197,#533,.T.);
#4615=EDGE_CURVE('',#5657,#5644,#534,.T.);
#4616=EDGE_CURVE('',#5199,#5642,#535,.T.);
#4617=EDGE_CURVE('',#5195,#5646,#536,.T.);
#4618=EDGE_CURVE('',#5658,#5645,#537,.T.);
#4619=EDGE_CURVE('',#5658,#5196,#538,.T.);
#4620=EDGE_CURVE('',#5657,#5658,#6106,.T.);
#4621=EDGE_CURVE('',#5242,#5611,#539,.T.);
#4622=EDGE_CURVE('',#5168,#5610,#540,.T.);
#4623=EDGE_CURVE('',#5167,#5659,#541,.T.);
#4624=EDGE_CURVE('',#5659,#5609,#542,.T.);
#4625=EDGE_CURVE('',#5170,#5607,#543,.T.);
#4626=EDGE_CURVE('',#5660,#5169,#544,.T.);
#4627=EDGE_CURVE('',#5660,#5608,#545,.T.);
#4628=EDGE_CURVE('',#5171,#5606,#546,.T.);
#4629=EDGE_CURVE('',#5660,#5659,#6107,.T.);
#4630=EDGE_CURVE('',#5234,#5617,#547,.T.);
#4631=EDGE_CURVE('',#5235,#5616,#548,.T.);
#4632=EDGE_CURVE('',#5236,#5661,#549,.T.);
#4633=EDGE_CURVE('',#5661,#5615,#550,.T.);
#4634=EDGE_CURVE('',#5238,#5613,#551,.T.);
#4635=EDGE_CURVE('',#5662,#5237,#552,.T.);
#4636=EDGE_CURVE('',#5662,#5614,#553,.T.);
#4637=EDGE_CURVE('',#5239,#5612,#554,.T.);
#4638=EDGE_CURVE('',#5662,#5661,#6108,.T.);
#4639=EDGE_CURVE('',#5226,#5623,#555,.T.);
#4640=EDGE_CURVE('',#5227,#5622,#556,.T.);
#4641=EDGE_CURVE('',#5228,#5663,#557,.T.);
#4642=EDGE_CURVE('',#5663,#5621,#558,.T.);
#4643=EDGE_CURVE('',#5230,#5619,#559,.T.);
#4644=EDGE_CURVE('',#5664,#5229,#560,.T.);
#4645=EDGE_CURVE('',#5664,#5620,#561,.T.);
#4646=EDGE_CURVE('',#5231,#5618,#562,.T.);
#4647=EDGE_CURVE('',#5664,#5663,#6109,.T.);
#4648=EDGE_CURVE('',#5218,#5629,#563,.T.);
#4649=EDGE_CURVE('',#5219,#5628,#564,.T.);
#4650=EDGE_CURVE('',#5220,#5665,#565,.T.);
#4651=EDGE_CURVE('',#5665,#5627,#566,.T.);
#4652=EDGE_CURVE('',#5222,#5625,#567,.T.);
#4653=EDGE_CURVE('',#5666,#5221,#568,.T.);
#4654=EDGE_CURVE('',#5666,#5626,#569,.T.);
#4655=EDGE_CURVE('',#5223,#5624,#570,.T.);
#4656=EDGE_CURVE('',#5666,#5665,#6110,.T.);
#4657=EDGE_CURVE('',#5647,#5595,#571,.F.);
#4658=EDGE_CURVE('',#5648,#5596,#572,.T.);
#4659=EDGE_CURVE('',#5667,#5587,#573,.T.);
#4660=EDGE_CURVE('',#5667,#5668,#6111,.T.);
#4661=EDGE_CURVE('',#5668,#5589,#574,.T.);
#4662=EDGE_CURVE('',#5669,#5588,#575,.T.);
#4663=EDGE_CURVE('',#5667,#5669,#576,.T.);
#4664=EDGE_CURVE('',#5670,#5594,#577,.T.);
#4665=EDGE_CURVE('',#5670,#5669,#6112,.T.);
#4666=EDGE_CURVE('',#5671,#5593,#578,.T.);
#4667=EDGE_CURVE('',#5671,#5670,#579,.T.);
#4668=EDGE_CURVE('',#5672,#5592,#580,.T.);
#4669=EDGE_CURVE('',#5672,#5671,#6113,.T.);
#4670=EDGE_CURVE('',#5673,#5591,#581,.T.);
#4671=EDGE_CURVE('',#5673,#5672,#582,.T.);
#4672=EDGE_CURVE('',#5674,#5590,#583,.T.);
#4673=EDGE_CURVE('',#5674,#5673,#6114,.T.);
#4674=EDGE_CURVE('',#5668,#5674,#584,.T.);
#4675=EDGE_CURVE('',#5675,#5404,#585,.T.);
#4676=EDGE_CURVE('',#5675,#5676,#586,.T.);
#4677=EDGE_CURVE('',#5676,#5405,#587,.T.);
#4678=EDGE_CURVE('',#5677,#5402,#588,.T.);
#4679=EDGE_CURVE('',#5677,#5675,#6115,.T.);
#4680=EDGE_CURVE('',#5678,#5403,#589,.T.);
#4681=EDGE_CURVE('',#5677,#5678,#590,.T.);
#4682=EDGE_CURVE('',#5679,#5407,#591,.T.);
#4683=EDGE_CURVE('',#5678,#5679,#592,.T.);
#4684=EDGE_CURVE('',#5680,#5406,#593,.T.);
#4685=EDGE_CURVE('',#5680,#5679,#594,.T.);
#4686=EDGE_CURVE('',#5676,#5680,#6116,.T.);
#4687=EDGE_CURVE('',#5681,#5399,#595,.T.);
#4688=EDGE_CURVE('',#5681,#5682,#596,.T.);
#4689=EDGE_CURVE('',#5682,#5400,#597,.T.);
#4690=EDGE_CURVE('',#5683,#5398,#598,.T.);
#4691=EDGE_CURVE('',#5683,#5681,#6117,.T.);
#4692=EDGE_CURVE('',#5684,#5397,#599,.T.);
#4693=EDGE_CURVE('',#5684,#5683,#600,.T.);
#4694=EDGE_CURVE('',#5685,#5401,#601,.T.);
#4695=EDGE_CURVE('',#5684,#5685,#602,.T.);
#4696=EDGE_CURVE('',#5682,#5685,#6118,.T.);
#4697=EDGE_CURVE('',#5686,#5393,#603,.T.);
#4698=EDGE_CURVE('',#5686,#5687,#604,.T.);
#4699=EDGE_CURVE('',#5687,#5394,#605,.T.);
#4700=EDGE_CURVE('',#5688,#5392,#606,.T.);
#4701=EDGE_CURVE('',#5688,#5686,#6119,.T.);
#4702=EDGE_CURVE('',#5689,#5391,#607,.T.);
#4703=EDGE_CURVE('',#5689,#5688,#608,.T.);
#4704=EDGE_CURVE('',#5690,#5396,#609,.T.);
#4705=EDGE_CURVE('',#5690,#5689,#6120,.T.);
#4706=EDGE_CURVE('',#5691,#5395,#610,.T.);
#4707=EDGE_CURVE('',#5690,#5691,#611,.T.);
#4708=EDGE_CURVE('',#5687,#5691,#6121,.T.);
#4709=EDGE_CURVE('',#5692,#5387,#612,.T.);
#4710=EDGE_CURVE('',#5692,#5693,#613,.T.);
#4711=EDGE_CURVE('',#5693,#5388,#614,.T.);
#4712=EDGE_CURVE('',#5694,#5386,#615,.T.);
#4713=EDGE_CURVE('',#5694,#5692,#6122,.T.);
#4714=EDGE_CURVE('',#5695,#5385,#616,.T.);
#4715=EDGE_CURVE('',#5695,#5694,#617,.T.);
#4716=EDGE_CURVE('',#5696,#5390,#618,.T.);
#4717=EDGE_CURVE('',#5696,#5695,#6123,.T.);
#4718=EDGE_CURVE('',#5697,#5389,#619,.T.);
#4719=EDGE_CURVE('',#5696,#5697,#620,.T.);
#4720=EDGE_CURVE('',#5693,#5697,#6124,.T.);
#4721=EDGE_CURVE('',#5698,#5381,#621,.T.);
#4722=EDGE_CURVE('',#5698,#5699,#622,.T.);
#4723=EDGE_CURVE('',#5699,#5382,#623,.T.);
#4724=EDGE_CURVE('',#5700,#5380,#624,.T.);
#4725=EDGE_CURVE('',#5700,#5698,#6125,.T.);
#4726=EDGE_CURVE('',#5701,#5379,#625,.T.);
#4727=EDGE_CURVE('',#5701,#5700,#626,.T.);
#4728=EDGE_CURVE('',#5702,#5384,#627,.T.);
#4729=EDGE_CURVE('',#5702,#5701,#6126,.T.);
#4730=EDGE_CURVE('',#5703,#5383,#628,.T.);
#4731=EDGE_CURVE('',#5702,#5703,#629,.T.);
#4732=EDGE_CURVE('',#5699,#5703,#6127,.T.);
#4733=EDGE_CURVE('',#5704,#5375,#630,.T.);
#4734=EDGE_CURVE('',#5704,#5705,#631,.T.);
#4735=EDGE_CURVE('',#5705,#5376,#632,.T.);
#4736=EDGE_CURVE('',#5706,#5374,#633,.T.);
#4737=EDGE_CURVE('',#5706,#5704,#6128,.T.);
#4738=EDGE_CURVE('',#5707,#5373,#634,.T.);
#4739=EDGE_CURVE('',#5707,#5706,#635,.T.);
#4740=EDGE_CURVE('',#5708,#5378,#636,.T.);
#4741=EDGE_CURVE('',#5708,#5707,#6129,.T.);
#4742=EDGE_CURVE('',#5709,#5377,#637,.T.);
#4743=EDGE_CURVE('',#5708,#5709,#638,.T.);
#4744=EDGE_CURVE('',#5705,#5709,#6130,.T.);
#4745=EDGE_CURVE('',#5710,#5369,#639,.T.);
#4746=EDGE_CURVE('',#5710,#5711,#640,.T.);
#4747=EDGE_CURVE('',#5711,#5370,#641,.T.);
#4748=EDGE_CURVE('',#5712,#5368,#642,.T.);
#4749=EDGE_CURVE('',#5712,#5710,#6131,.T.);
#4750=EDGE_CURVE('',#5713,#5367,#643,.T.);
#4751=EDGE_CURVE('',#5713,#5712,#644,.T.);
#4752=EDGE_CURVE('',#5714,#5372,#645,.T.);
#4753=EDGE_CURVE('',#5714,#5713,#6132,.T.);
#4754=EDGE_CURVE('',#5715,#5371,#646,.T.);
#4755=EDGE_CURVE('',#5714,#5715,#647,.T.);
#4756=EDGE_CURVE('',#5711,#5715,#6133,.T.);
#4757=EDGE_CURVE('',#5716,#5363,#648,.T.);
#4758=EDGE_CURVE('',#5716,#5717,#649,.T.);
#4759=EDGE_CURVE('',#5717,#5364,#650,.T.);
#4760=EDGE_CURVE('',#5718,#5362,#651,.T.);
#4761=EDGE_CURVE('',#5718,#5716,#6134,.T.);
#4762=EDGE_CURVE('',#5719,#5361,#652,.T.);
#4763=EDGE_CURVE('',#5719,#5718,#653,.T.);
#4764=EDGE_CURVE('',#5720,#5366,#654,.T.);
#4765=EDGE_CURVE('',#5720,#5719,#6135,.T.);
#4766=EDGE_CURVE('',#5721,#5365,#655,.T.);
#4767=EDGE_CURVE('',#5720,#5721,#656,.T.);
#4768=EDGE_CURVE('',#5717,#5721,#6136,.T.);
#4769=EDGE_CURVE('',#5722,#5586,#657,.T.);
#4770=EDGE_CURVE('',#5722,#5723,#658,.T.);
#4771=EDGE_CURVE('',#5723,#5582,#659,.T.);
#4772=EDGE_CURVE('',#5724,#5585,#660,.T.);
#4773=EDGE_CURVE('',#5724,#5722,#6137,.T.);
#4774=EDGE_CURVE('',#5725,#5584,#661,.T.);
#4775=EDGE_CURVE('',#5724,#5725,#662,.T.);
#4776=EDGE_CURVE('',#5726,#5583,#663,.T.);
#4777=EDGE_CURVE('',#5726,#5725,#6138,.T.);
#4778=EDGE_CURVE('',#5723,#5726,#664,.T.);
#4779=EDGE_CURVE('',#5727,#5576,#665,.T.);
#4780=EDGE_CURVE('',#5727,#5728,#6139,.T.);
#4781=EDGE_CURVE('',#5728,#5578,#666,.T.);
#4782=EDGE_CURVE('',#5729,#5577,#667,.T.);
#4783=EDGE_CURVE('',#5727,#5729,#668,.T.);
#4784=EDGE_CURVE('',#5730,#5581,#669,.T.);
#4785=EDGE_CURVE('',#5729,#5730,#670,.T.);
#4786=EDGE_CURVE('',#5731,#5580,#671,.T.);
#4787=EDGE_CURVE('',#5731,#5730,#672,.T.);
#4788=EDGE_CURVE('',#5732,#5579,#673,.T.);
#4789=EDGE_CURVE('',#5732,#5731,#6140,.T.);
#4790=EDGE_CURVE('',#5728,#5732,#674,.T.);
#4791=EDGE_CURVE('',#5733,#5568,#675,.T.);
#4792=EDGE_CURVE('',#5733,#5734,#6141,.T.);
#4793=EDGE_CURVE('',#5734,#5570,#676,.T.);
#4794=EDGE_CURVE('',#5735,#5569,#677,.T.);
#4795=EDGE_CURVE('',#5733,#5735,#678,.T.);
#4796=EDGE_CURVE('',#5736,#5575,#679,.T.);
#4797=EDGE_CURVE('',#5736,#5735,#6142,.T.);
#4798=EDGE_CURVE('',#5737,#5574,#680,.T.);
#4799=EDGE_CURVE('',#5737,#5736,#681,.T.);
#4800=EDGE_CURVE('',#5738,#5573,#682,.T.);
#4801=EDGE_CURVE('',#5738,#5737,#6143,.T.);
#4802=EDGE_CURVE('',#5739,#5572,#683,.T.);
#4803=EDGE_CURVE('',#5739,#5738,#684,.T.);
#4804=EDGE_CURVE('',#5740,#5571,#685,.T.);
#4805=EDGE_CURVE('',#5740,#5739,#6144,.T.);
#4806=EDGE_CURVE('',#5740,#5734,#686,.T.);
#4807=EDGE_CURVE('',#5741,#5560,#687,.T.);
#4808=EDGE_CURVE('',#5741,#5742,#6145,.T.);
#4809=EDGE_CURVE('',#5742,#5562,#688,.T.);
#4810=EDGE_CURVE('',#5743,#5561,#689,.T.);
#4811=EDGE_CURVE('',#5741,#5743,#690,.T.);
#4812=EDGE_CURVE('',#5744,#5567,#691,.T.);
#4813=EDGE_CURVE('',#5744,#5743,#6146,.T.);
#4814=EDGE_CURVE('',#5745,#5566,#692,.T.);
#4815=EDGE_CURVE('',#5744,#5745,#693,.T.);
#4816=EDGE_CURVE('',#5746,#5565,#694,.T.);
#4817=EDGE_CURVE('',#5746,#5745,#6147,.T.);
#4818=EDGE_CURVE('',#5747,#5564,#695,.T.);
#4819=EDGE_CURVE('',#5747,#5746,#696,.T.);
#4820=EDGE_CURVE('',#5748,#5563,#697,.T.);
#4821=EDGE_CURVE('',#5748,#5747,#6148,.T.);
#4822=EDGE_CURVE('',#5742,#5748,#698,.T.);
#4823=EDGE_CURVE('',#5749,#5552,#699,.T.);
#4824=EDGE_CURVE('',#5749,#5750,#6149,.T.);
#4825=EDGE_CURVE('',#5750,#5554,#700,.T.);
#4826=EDGE_CURVE('',#5751,#5553,#701,.T.);
#4827=EDGE_CURVE('',#5749,#5751,#702,.T.);
#4828=EDGE_CURVE('',#5752,#5559,#703,.T.);
#4829=EDGE_CURVE('',#5752,#5751,#6150,.T.);
#4830=EDGE_CURVE('',#5753,#5558,#704,.T.);
#4831=EDGE_CURVE('',#5753,#5752,#705,.T.);
#4832=EDGE_CURVE('',#5754,#5557,#706,.T.);
#4833=EDGE_CURVE('',#5754,#5753,#6151,.T.);
#4834=EDGE_CURVE('',#5755,#5556,#707,.T.);
#4835=EDGE_CURVE('',#5755,#5754,#708,.T.);
#4836=EDGE_CURVE('',#5756,#5555,#709,.T.);
#4837=EDGE_CURVE('',#5756,#5755,#6152,.T.);
#4838=EDGE_CURVE('',#5750,#5756,#710,.T.);
#4839=EDGE_CURVE('',#5757,#5544,#711,.T.);
#4840=EDGE_CURVE('',#5757,#5758,#6153,.T.);
#4841=EDGE_CURVE('',#5758,#5546,#712,.T.);
#4842=EDGE_CURVE('',#5759,#5545,#713,.T.);
#4843=EDGE_CURVE('',#5757,#5759,#714,.T.);
#4844=EDGE_CURVE('',#5760,#5551,#715,.T.);
#4845=EDGE_CURVE('',#5760,#5759,#6154,.T.);
#4846=EDGE_CURVE('',#5761,#5550,#716,.T.);
#4847=EDGE_CURVE('',#5760,#5761,#717,.T.);
#4848=EDGE_CURVE('',#5762,#5549,#718,.T.);
#4849=EDGE_CURVE('',#5762,#5761,#6155,.T.);
#4850=EDGE_CURVE('',#5763,#5548,#719,.T.);
#4851=EDGE_CURVE('',#5763,#5762,#720,.T.);
#4852=EDGE_CURVE('',#5764,#5547,#721,.T.);
#4853=EDGE_CURVE('',#5764,#5763,#6156,.T.);
#4854=EDGE_CURVE('',#5758,#5764,#722,.T.);
#4855=EDGE_CURVE('',#5765,#5536,#723,.T.);
#4856=EDGE_CURVE('',#5765,#5766,#6157,.T.);
#4857=EDGE_CURVE('',#5766,#5538,#724,.T.);
#4858=EDGE_CURVE('',#5767,#5537,#725,.T.);
#4859=EDGE_CURVE('',#5765,#5767,#726,.T.);
#4860=EDGE_CURVE('',#5768,#5543,#727,.T.);
#4861=EDGE_CURVE('',#5768,#5767,#6158,.T.);
#4862=EDGE_CURVE('',#5769,#5542,#728,.T.);
#4863=EDGE_CURVE('',#5768,#5769,#729,.T.);
#4864=EDGE_CURVE('',#5770,#5541,#730,.T.);
#4865=EDGE_CURVE('',#5770,#5769,#6159,.T.);
#4866=EDGE_CURVE('',#5771,#5540,#731,.T.);
#4867=EDGE_CURVE('',#5771,#5770,#732,.T.);
#4868=EDGE_CURVE('',#5772,#5539,#733,.T.);
#4869=EDGE_CURVE('',#5772,#5771,#6160,.T.);
#4870=EDGE_CURVE('',#5766,#5772,#734,.T.);
#4871=EDGE_CURVE('',#5773,#5528,#735,.T.);
#4872=EDGE_CURVE('',#5773,#5774,#6161,.T.);
#4873=EDGE_CURVE('',#5774,#5530,#736,.T.);
#4874=EDGE_CURVE('',#5775,#5529,#737,.T.);
#4875=EDGE_CURVE('',#5773,#5775,#738,.T.);
#4876=EDGE_CURVE('',#5776,#5535,#739,.T.);
#4877=EDGE_CURVE('',#5776,#5775,#6162,.T.);
#4878=EDGE_CURVE('',#5777,#5534,#740,.T.);
#4879=EDGE_CURVE('',#5776,#5777,#741,.T.);
#4880=EDGE_CURVE('',#5778,#5533,#742,.T.);
#4881=EDGE_CURVE('',#5778,#5777,#6163,.T.);
#4882=EDGE_CURVE('',#5779,#5532,#743,.T.);
#4883=EDGE_CURVE('',#5779,#5778,#744,.T.);
#4884=EDGE_CURVE('',#5780,#5531,#745,.T.);
#4885=EDGE_CURVE('',#5780,#5779,#6164,.T.);
#4886=EDGE_CURVE('',#5774,#5780,#746,.T.);
#4887=EDGE_CURVE('',#5781,#5520,#747,.T.);
#4888=EDGE_CURVE('',#5781,#5782,#6165,.T.);
#4889=EDGE_CURVE('',#5782,#5522,#748,.T.);
#4890=EDGE_CURVE('',#5783,#5521,#749,.T.);
#4891=EDGE_CURVE('',#5781,#5783,#750,.T.);
#4892=EDGE_CURVE('',#5784,#5527,#751,.T.);
#4893=EDGE_CURVE('',#5784,#5783,#6166,.T.);
#4894=EDGE_CURVE('',#5785,#5526,#752,.T.);
#4895=EDGE_CURVE('',#5784,#5785,#753,.T.);
#4896=EDGE_CURVE('',#5786,#5525,#754,.T.);
#4897=EDGE_CURVE('',#5786,#5785,#6167,.T.);
#4898=EDGE_CURVE('',#5787,#5524,#755,.T.);
#4899=EDGE_CURVE('',#5787,#5786,#756,.T.);
#4900=EDGE_CURVE('',#5788,#5523,#757,.T.);
#4901=EDGE_CURVE('',#5788,#5787,#6168,.T.);
#4902=EDGE_CURVE('',#5782,#5788,#758,.T.);
#4903=EDGE_CURVE('',#5789,#5512,#759,.T.);
#4904=EDGE_CURVE('',#5789,#5790,#6169,.T.);
#4905=EDGE_CURVE('',#5790,#5514,#760,.T.);
#4906=EDGE_CURVE('',#5791,#5513,#761,.T.);
#4907=EDGE_CURVE('',#5789,#5791,#762,.T.);
#4908=EDGE_CURVE('',#5792,#5519,#763,.T.);
#4909=EDGE_CURVE('',#5792,#5791,#6170,.T.);
#4910=EDGE_CURVE('',#5793,#5518,#764,.T.);
#4911=EDGE_CURVE('',#5792,#5793,#765,.T.);
#4912=EDGE_CURVE('',#5794,#5517,#766,.T.);
#4913=EDGE_CURVE('',#5794,#5793,#6171,.T.);
#4914=EDGE_CURVE('',#5795,#5516,#767,.T.);
#4915=EDGE_CURVE('',#5795,#5794,#768,.T.);
#4916=EDGE_CURVE('',#5796,#5515,#769,.T.);
#4917=EDGE_CURVE('',#5796,#5795,#6172,.T.);
#4918=EDGE_CURVE('',#5790,#5796,#770,.T.);
#4919=EDGE_CURVE('',#5797,#5506,#771,.T.);
#4920=EDGE_CURVE('',#5797,#5798,#6173,.T.);
#4921=EDGE_CURVE('',#5798,#5508,#772,.T.);
#4922=EDGE_CURVE('',#5799,#5507,#773,.T.);
#4923=EDGE_CURVE('',#5797,#5799,#774,.T.);
#4924=EDGE_CURVE('',#5800,#5511,#775,.T.);
#4925=EDGE_CURVE('',#5800,#5799,#6174,.T.);
#4926=EDGE_CURVE('',#5801,#5510,#776,.T.);
#4927=EDGE_CURVE('',#5800,#5801,#777,.T.);
#4928=EDGE_CURVE('',#5802,#5509,#778,.T.);
#4929=EDGE_CURVE('',#5802,#5801,#779,.T.);
#4930=EDGE_CURVE('',#5798,#5802,#780,.T.);
#4931=EDGE_CURVE('',#5803,#5498,#781,.T.);
#4932=EDGE_CURVE('',#5803,#5804,#6175,.T.);
#4933=EDGE_CURVE('',#5804,#5500,#782,.T.);
#4934=EDGE_CURVE('',#5805,#5499,#783,.T.);
#4935=EDGE_CURVE('',#5803,#5805,#784,.T.);
#4936=EDGE_CURVE('',#5806,#5505,#785,.T.);
#4937=EDGE_CURVE('',#5806,#5805,#6176,.T.);
#4938=EDGE_CURVE('',#5807,#5504,#786,.T.);
#4939=EDGE_CURVE('',#5806,#5807,#787,.T.);
#4940=EDGE_CURVE('',#5808,#5503,#788,.T.);
#4941=EDGE_CURVE('',#5808,#5807,#6177,.T.);
#4942=EDGE_CURVE('',#5809,#5502,#789,.T.);
#4943=EDGE_CURVE('',#5809,#5808,#790,.T.);
#4944=EDGE_CURVE('',#5810,#5501,#791,.T.);
#4945=EDGE_CURVE('',#5810,#5809,#6178,.T.);
#4946=EDGE_CURVE('',#5804,#5810,#792,.T.);
#4947=EDGE_CURVE('',#5811,#5492,#793,.T.);
#4948=EDGE_CURVE('',#5811,#5812,#6179,.T.);
#4949=EDGE_CURVE('',#5812,#5494,#794,.T.);
#4950=EDGE_CURVE('',#5813,#5493,#795,.T.);
#4951=EDGE_CURVE('',#5811,#5813,#796,.T.);
#4952=EDGE_CURVE('',#5814,#5497,#797,.T.);
#4953=EDGE_CURVE('',#5814,#5813,#6180,.T.);
#4954=EDGE_CURVE('',#5815,#5496,#798,.T.);
#4955=EDGE_CURVE('',#5814,#5815,#799,.T.);
#4956=EDGE_CURVE('',#5816,#5495,#800,.T.);
#4957=EDGE_CURVE('',#5816,#5815,#801,.T.);
#4958=EDGE_CURVE('',#5812,#5816,#802,.T.);
#4959=EDGE_CURVE('',#5817,#5484,#803,.T.);
#4960=EDGE_CURVE('',#5817,#5818,#6181,.T.);
#4961=EDGE_CURVE('',#5818,#5486,#804,.T.);
#4962=EDGE_CURVE('',#5819,#5485,#805,.T.);
#4963=EDGE_CURVE('',#5817,#5819,#806,.T.);
#4964=EDGE_CURVE('',#5820,#5491,#807,.T.);
#4965=EDGE_CURVE('',#5820,#5819,#6182,.T.);
#4966=EDGE_CURVE('',#5821,#5490,#808,.T.);
#4967=EDGE_CURVE('',#5820,#5821,#809,.T.);
#4968=EDGE_CURVE('',#5822,#5489,#810,.T.);
#4969=EDGE_CURVE('',#5822,#5821,#6183,.T.);
#4970=EDGE_CURVE('',#5823,#5488,#811,.T.);
#4971=EDGE_CURVE('',#5823,#5822,#812,.T.);
#4972=EDGE_CURVE('',#5824,#5487,#813,.T.);
#4973=EDGE_CURVE('',#5824,#5823,#6184,.T.);
#4974=EDGE_CURVE('',#5818,#5824,#814,.T.);
#4975=EDGE_CURVE('',#5825,#5476,#815,.T.);
#4976=EDGE_CURVE('',#5825,#5826,#6185,.T.);
#4977=EDGE_CURVE('',#5826,#5478,#816,.T.);
#4978=EDGE_CURVE('',#5827,#5477,#817,.T.);
#4979=EDGE_CURVE('',#5825,#5827,#818,.T.);
#4980=EDGE_CURVE('',#5828,#5483,#819,.T.);
#4981=EDGE_CURVE('',#5828,#5827,#6186,.T.);
#4982=EDGE_CURVE('',#5829,#5482,#820,.T.);
#4983=EDGE_CURVE('',#5828,#5829,#821,.T.);
#4984=EDGE_CURVE('',#5830,#5481,#822,.T.);
#4985=EDGE_CURVE('',#5830,#5829,#6187,.T.);
#4986=EDGE_CURVE('',#5831,#5480,#823,.T.);
#4987=EDGE_CURVE('',#5831,#5830,#824,.T.);
#4988=EDGE_CURVE('',#5832,#5479,#825,.T.);
#4989=EDGE_CURVE('',#5832,#5831,#6188,.T.);
#4990=EDGE_CURVE('',#5826,#5832,#826,.T.);
#4991=EDGE_CURVE('',#5833,#5468,#827,.T.);
#4992=EDGE_CURVE('',#5833,#5834,#6189,.T.);
#4993=EDGE_CURVE('',#5834,#5470,#828,.T.);
#4994=EDGE_CURVE('',#5835,#5469,#829,.T.);
#4995=EDGE_CURVE('',#5833,#5835,#830,.T.);
#4996=EDGE_CURVE('',#5836,#5475,#831,.T.);
#4997=EDGE_CURVE('',#5836,#5835,#6190,.T.);
#4998=EDGE_CURVE('',#5837,#5474,#832,.T.);
#4999=EDGE_CURVE('',#5836,#5837,#833,.T.);
#5000=EDGE_CURVE('',#5838,#5473,#834,.T.);
#5001=EDGE_CURVE('',#5838,#5837,#6191,.T.);
#5002=EDGE_CURVE('',#5839,#5472,#835,.T.);
#5003=EDGE_CURVE('',#5839,#5838,#836,.T.);
#5004=EDGE_CURVE('',#5840,#5471,#837,.T.);
#5005=EDGE_CURVE('',#5840,#5839,#6192,.T.);
#5006=EDGE_CURVE('',#5834,#5840,#838,.T.);
#5007=EDGE_CURVE('',#5841,#5460,#839,.T.);
#5008=EDGE_CURVE('',#5841,#5842,#6193,.T.);
#5009=EDGE_CURVE('',#5842,#5462,#840,.T.);
#5010=EDGE_CURVE('',#5843,#5461,#841,.T.);
#5011=EDGE_CURVE('',#5841,#5843,#842,.T.);
#5012=EDGE_CURVE('',#5844,#5467,#843,.T.);
#5013=EDGE_CURVE('',#5844,#5843,#6194,.T.);
#5014=EDGE_CURVE('',#5845,#5466,#844,.T.);
#5015=EDGE_CURVE('',#5844,#5845,#845,.T.);
#5016=EDGE_CURVE('',#5846,#5465,#846,.T.);
#5017=EDGE_CURVE('',#5846,#5845,#6195,.T.);
#5018=EDGE_CURVE('',#5847,#5464,#847,.T.);
#5019=EDGE_CURVE('',#5847,#5846,#848,.T.);
#5020=EDGE_CURVE('',#5848,#5463,#849,.T.);
#5021=EDGE_CURVE('',#5848,#5847,#6196,.T.);
#5022=EDGE_CURVE('',#5842,#5848,#850,.T.);
#5023=EDGE_CURVE('',#5849,#5452,#851,.T.);
#5024=EDGE_CURVE('',#5849,#5850,#6197,.T.);
#5025=EDGE_CURVE('',#5850,#5454,#852,.T.);
#5026=EDGE_CURVE('',#5851,#5453,#853,.T.);
#5027=EDGE_CURVE('',#5849,#5851,#854,.T.);
#5028=EDGE_CURVE('',#5852,#5459,#855,.T.);
#5029=EDGE_CURVE('',#5852,#5851,#6198,.T.);
#5030=EDGE_CURVE('',#5853,#5458,#856,.T.);
#5031=EDGE_CURVE('',#5852,#5853,#857,.T.);
#5032=EDGE_CURVE('',#5854,#5457,#858,.T.);
#5033=EDGE_CURVE('',#5854,#5853,#6199,.T.);
#5034=EDGE_CURVE('',#5855,#5456,#859,.T.);
#5035=EDGE_CURVE('',#5855,#5854,#860,.T.);
#5036=EDGE_CURVE('',#5856,#5455,#861,.T.);
#5037=EDGE_CURVE('',#5856,#5855,#6200,.T.);
#5038=EDGE_CURVE('',#5850,#5856,#862,.T.);
#5039=EDGE_CURVE('',#5857,#5446,#863,.T.);
#5040=EDGE_CURVE('',#5857,#5858,#6201,.T.);
#5041=EDGE_CURVE('',#5858,#5448,#864,.T.);
#5042=EDGE_CURVE('',#5859,#5447,#865,.T.);
#5043=EDGE_CURVE('',#5857,#5859,#866,.T.);
#5044=EDGE_CURVE('',#5860,#5451,#867,.T.);
#5045=EDGE_CURVE('',#5860,#5859,#6202,.T.);
#5046=EDGE_CURVE('',#5861,#5450,#868,.T.);
#5047=EDGE_CURVE('',#5860,#5861,#869,.T.);
#5048=EDGE_CURVE('',#5862,#5449,#870,.T.);
#5049=EDGE_CURVE('',#5862,#5861,#871,.T.);
#5050=EDGE_CURVE('',#5858,#5862,#872,.T.);
#5051=EDGE_CURVE('',#5863,#5438,#873,.T.);
#5052=EDGE_CURVE('',#5863,#5864,#6203,.T.);
#5053=EDGE_CURVE('',#5864,#5440,#874,.T.);
#5054=EDGE_CURVE('',#5865,#5439,#875,.T.);
#5055=EDGE_CURVE('',#5863,#5865,#876,.T.);
#5056=EDGE_CURVE('',#5866,#5445,#877,.T.);
#5057=EDGE_CURVE('',#5866,#5865,#6204,.T.);
#5058=EDGE_CURVE('',#5867,#5444,#878,.T.);
#5059=EDGE_CURVE('',#5866,#5867,#879,.T.);
#5060=EDGE_CURVE('',#5868,#5443,#880,.T.);
#5061=EDGE_CURVE('',#5868,#5867,#6205,.T.);
#5062=EDGE_CURVE('',#5869,#5442,#881,.T.);
#5063=EDGE_CURVE('',#5869,#5868,#882,.T.);
#5064=EDGE_CURVE('',#5870,#5441,#883,.T.);
#5065=EDGE_CURVE('',#5870,#5869,#6206,.T.);
#5066=EDGE_CURVE('',#5864,#5870,#884,.T.);
#5067=EDGE_CURVE('',#5871,#5430,#885,.T.);
#5068=EDGE_CURVE('',#5871,#5872,#6207,.T.);
#5069=EDGE_CURVE('',#5872,#5432,#886,.T.);
#5070=EDGE_CURVE('',#5873,#5431,#887,.T.);
#5071=EDGE_CURVE('',#5871,#5873,#888,.T.);
#5072=EDGE_CURVE('',#5874,#5437,#889,.T.);
#5073=EDGE_CURVE('',#5874,#5873,#6208,.T.);
#5074=EDGE_CURVE('',#5875,#5436,#890,.T.);
#5075=EDGE_CURVE('',#5875,#5874,#891,.T.);
#5076=EDGE_CURVE('',#5876,#5435,#892,.T.);
#5077=EDGE_CURVE('',#5876,#5875,#6209,.T.);
#5078=EDGE_CURVE('',#5877,#5434,#893,.T.);
#5079=EDGE_CURVE('',#5877,#5876,#894,.T.);
#5080=EDGE_CURVE('',#5878,#5433,#895,.T.);
#5081=EDGE_CURVE('',#5878,#5877,#6210,.T.);
#5082=EDGE_CURVE('',#5872,#5878,#896,.T.);
#5083=EDGE_CURVE('',#5879,#5422,#897,.T.);
#5084=EDGE_CURVE('',#5879,#5880,#6211,.T.);
#5085=EDGE_CURVE('',#5880,#5424,#898,.T.);
#5086=EDGE_CURVE('',#5881,#5423,#899,.T.);
#5087=EDGE_CURVE('',#5879,#5881,#900,.T.);
#5088=EDGE_CURVE('',#5882,#5429,#901,.T.);
#5089=EDGE_CURVE('',#5882,#5881,#6212,.T.);
#5090=EDGE_CURVE('',#5883,#5428,#902,.T.);
#5091=EDGE_CURVE('',#5882,#5883,#903,.T.);
#5092=EDGE_CURVE('',#5884,#5427,#904,.T.);
#5093=EDGE_CURVE('',#5884,#5883,#6213,.T.);
#5094=EDGE_CURVE('',#5885,#5426,#905,.T.);
#5095=EDGE_CURVE('',#5885,#5884,#906,.T.);
#5096=EDGE_CURVE('',#5886,#5425,#907,.T.);
#5097=EDGE_CURVE('',#5886,#5885,#6214,.T.);
#5098=EDGE_CURVE('',#5880,#5886,#908,.T.);
#5099=EDGE_CURVE('',#5887,#5355,#909,.T.);
#5100=EDGE_CURVE('',#5887,#5888,#910,.T.);
#5101=EDGE_CURVE('',#5888,#5356,#911,.T.);
#5102=EDGE_CURVE('',#5889,#5354,#912,.T.);
#5103=EDGE_CURVE('',#5889,#5887,#6215,.T.);
#5104=EDGE_CURVE('',#5890,#5353,#913,.T.);
#5105=EDGE_CURVE('',#5890,#5889,#914,.T.);
#5106=EDGE_CURVE('',#5891,#5360,#915,.T.);
#5107=EDGE_CURVE('',#5891,#5890,#6216,.T.);
#5108=EDGE_CURVE('',#5892,#5359,#916,.T.);
#5109=EDGE_CURVE('',#5891,#5892,#917,.T.);
#5110=EDGE_CURVE('',#5893,#5358,#918,.T.);
#5111=EDGE_CURVE('',#5893,#5892,#6217,.T.);
#5112=EDGE_CURVE('',#5894,#5357,#919,.T.);
#5113=EDGE_CURVE('',#5893,#5894,#920,.T.);
#5114=EDGE_CURVE('',#5888,#5894,#6218,.T.);
#5115=EDGE_CURVE('',#5895,#5347,#921,.T.);
#5116=EDGE_CURVE('',#5895,#5896,#922,.T.);
#5117=EDGE_CURVE('',#5896,#5348,#923,.T.);
#5118=EDGE_CURVE('',#5897,#5346,#924,.T.);
#5119=EDGE_CURVE('',#5897,#5895,#6219,.T.);
#5120=EDGE_CURVE('',#5898,#5345,#925,.T.);
#5121=EDGE_CURVE('',#5898,#5897,#926,.T.);
#5122=EDGE_CURVE('',#5899,#5352,#927,.T.);
#5123=EDGE_CURVE('',#5899,#5898,#6220,.T.);
#5124=EDGE_CURVE('',#5900,#5351,#928,.T.);
#5125=EDGE_CURVE('',#5899,#5900,#929,.T.);
#5126=EDGE_CURVE('',#5901,#5350,#930,.T.);
#5127=EDGE_CURVE('',#5901,#5900,#6221,.T.);
#5128=EDGE_CURVE('',#5902,#5349,#931,.T.);
#5129=EDGE_CURVE('',#5901,#5902,#932,.T.);
#5130=EDGE_CURVE('',#5896,#5902,#6222,.T.);
#5131=EDGE_CURVE('',#5903,#5414,#933,.T.);
#5132=EDGE_CURVE('',#5903,#5904,#6223,.T.);
#5133=EDGE_CURVE('',#5904,#5416,#934,.T.);
#5134=EDGE_CURVE('',#5905,#5415,#935,.T.);
#5135=EDGE_CURVE('',#5903,#5905,#936,.T.);
#5136=EDGE_CURVE('',#5906,#5421,#937,.T.);
#5137=EDGE_CURVE('',#5906,#5905,#6224,.T.);
#5138=EDGE_CURVE('',#5907,#5420,#938,.T.);
#5139=EDGE_CURVE('',#5906,#5907,#939,.T.);
#5140=EDGE_CURVE('',#5908,#5419,#940,.T.);
#5141=EDGE_CURVE('',#5908,#5907,#6225,.T.);
#5142=EDGE_CURVE('',#5909,#5418,#941,.T.);
#5143=EDGE_CURVE('',#5909,#5908,#942,.T.);
#5144=EDGE_CURVE('',#5910,#5417,#943,.T.);
#5145=EDGE_CURVE('',#5910,#5909,#6226,.T.);
#5146=EDGE_CURVE('',#5904,#5910,#944,.T.);
#5147=EDGE_CURVE('',#5911,#5408,#945,.T.);
#5148=EDGE_CURVE('',#5911,#5912,#6227,.T.);
#5149=EDGE_CURVE('',#5912,#5410,#946,.T.);
#5150=EDGE_CURVE('',#5913,#5409,#947,.T.);
#5151=EDGE_CURVE('',#5911,#5913,#948,.T.);
#5152=EDGE_CURVE('',#5914,#5413,#949,.T.);
#5153=EDGE_CURVE('',#5913,#5914,#950,.T.);
#5154=EDGE_CURVE('',#5915,#5412,#951,.T.);
#5155=EDGE_CURVE('',#5915,#5914,#952,.T.);
#5156=EDGE_CURVE('',#5916,#5411,#953,.T.);
#5157=EDGE_CURVE('',#5916,#5915,#6228,.T.);
#5158=EDGE_CURVE('',#5912,#5916,#954,.T.);
#5159=VERTEX_POINT('',#11062);
#5160=VERTEX_POINT('',#11063);
#5161=VERTEX_POINT('',#11068);
#5162=VERTEX_POINT('',#11070);
#5163=VERTEX_POINT('',#11075);
#5164=VERTEX_POINT('',#11077);
#5165=VERTEX_POINT('',#11082);
#5166=VERTEX_POINT('',#11084);
#5167=VERTEX_POINT('',#11090);
#5168=VERTEX_POINT('',#11091);
#5169=VERTEX_POINT('',#11093);
#5170=VERTEX_POINT('',#11095);
#5171=VERTEX_POINT('',#11097);
#5172=VERTEX_POINT('',#11099);
#5173=VERTEX_POINT('',#11101);
#5174=VERTEX_POINT('',#11103);
#5175=VERTEX_POINT('',#11105);
#5176=VERTEX_POINT('',#11107);
#5177=VERTEX_POINT('',#11109);
#5178=VERTEX_POINT('',#11111);
#5179=VERTEX_POINT('',#11113);
#5180=VERTEX_POINT('',#11115);
#5181=VERTEX_POINT('',#11117);
#5182=VERTEX_POINT('',#11119);
#5183=VERTEX_POINT('',#11121);
#5184=VERTEX_POINT('',#11123);
#5185=VERTEX_POINT('',#11125);
#5186=VERTEX_POINT('',#11127);
#5187=VERTEX_POINT('',#11129);
#5188=VERTEX_POINT('',#11131);
#5189=VERTEX_POINT('',#11133);
#5190=VERTEX_POINT('',#11135);
#5191=VERTEX_POINT('',#11137);
#5192=VERTEX_POINT('',#11139);
#5193=VERTEX_POINT('',#11141);
#5194=VERTEX_POINT('',#11143);
#5195=VERTEX_POINT('',#11145);
#5196=VERTEX_POINT('',#11147);
#5197=VERTEX_POINT('',#11149);
#5198=VERTEX_POINT('',#11151);
#5199=VERTEX_POINT('',#11153);
#5200=VERTEX_POINT('',#11155);
#5201=VERTEX_POINT('',#11157);
#5202=VERTEX_POINT('',#11159);
#5203=VERTEX_POINT('',#11161);
#5204=VERTEX_POINT('',#11163);
#5205=VERTEX_POINT('',#11165);
#5206=VERTEX_POINT('',#11167);
#5207=VERTEX_POINT('',#11169);
#5208=VERTEX_POINT('',#11171);
#5209=VERTEX_POINT('',#11173);
#5210=VERTEX_POINT('',#11175);
#5211=VERTEX_POINT('',#11177);
#5212=VERTEX_POINT('',#11179);
#5213=VERTEX_POINT('',#11181);
#5214=VERTEX_POINT('',#11183);
#5215=VERTEX_POINT('',#11185);
#5216=VERTEX_POINT('',#11187);
#5217=VERTEX_POINT('',#11189);
#5218=VERTEX_POINT('',#11191);
#5219=VERTEX_POINT('',#11193);
#5220=VERTEX_POINT('',#11195);
#5221=VERTEX_POINT('',#11197);
#5222=VERTEX_POINT('',#11199);
#5223=VERTEX_POINT('',#11201);
#5224=VERTEX_POINT('',#11203);
#5225=VERTEX_POINT('',#11205);
#5226=VERTEX_POINT('',#11207);
#5227=VERTEX_POINT('',#11209);
#5228=VERTEX_POINT('',#11211);
#5229=VERTEX_POINT('',#11213);
#5230=VERTEX_POINT('',#11215);
#5231=VERTEX_POINT('',#11217);
#5232=VERTEX_POINT('',#11219);
#5233=VERTEX_POINT('',#11221);
#5234=VERTEX_POINT('',#11223);
#5235=VERTEX_POINT('',#11225);
#5236=VERTEX_POINT('',#11227);
#5237=VERTEX_POINT('',#11229);
#5238=VERTEX_POINT('',#11231);
#5239=VERTEX_POINT('',#11233);
#5240=VERTEX_POINT('',#11235);
#5241=VERTEX_POINT('',#11237);
#5242=VERTEX_POINT('',#11239);
#5243=VERTEX_POINT('',#11247);
#5244=VERTEX_POINT('',#11248);
#5245=VERTEX_POINT('',#11257);
#5246=VERTEX_POINT('',#11263);
#5247=VERTEX_POINT('',#11299);
#5248=VERTEX_POINT('',#11306);
#5249=VERTEX_POINT('',#11312);
#5250=VERTEX_POINT('',#11317);
#5251=VERTEX_POINT('',#11322);
#5252=VERTEX_POINT('',#11469);
#5253=VERTEX_POINT('',#11475);
#5254=VERTEX_POINT('',#11488);
#5255=VERTEX_POINT('',#11499);
#5256=VERTEX_POINT('',#11500);
#5257=VERTEX_POINT('',#11509);
#5258=VERTEX_POINT('',#11515);
#5259=VERTEX_POINT('',#11662);
#5260=VERTEX_POINT('',#11709);
#5261=VERTEX_POINT('',#11722);
#5262=VERTEX_POINT('',#11759);
#5263=VERTEX_POINT('',#11764);
#5264=VERTEX_POINT('',#11769);
#5265=VERTEX_POINT('',#11774);
#5266=VERTEX_POINT('',#11780);
#5267=VERTEX_POINT('',#11792);
#5268=VERTEX_POINT('',#11799);
#5269=VERTEX_POINT('',#11803);
#5270=VERTEX_POINT('',#11823);
#5271=VERTEX_POINT('',#11833);
#5272=VERTEX_POINT('',#11838);
#5273=VERTEX_POINT('',#11858);
#5274=VERTEX_POINT('',#11863);
#5275=VERTEX_POINT('',#11874);
#5276=VERTEX_POINT('',#11880);
#5277=VERTEX_POINT('',#11890);
#5278=VERTEX_POINT('',#11896);
#5279=VERTEX_POINT('',#11906);
#5280=VERTEX_POINT('',#11911);
#5281=VERTEX_POINT('',#11919);
#5282=VERTEX_POINT('',#11921);
#5283=VERTEX_POINT('',#11923);
#5284=VERTEX_POINT('',#11925);
#5285=VERTEX_POINT('',#11931);
#5286=VERTEX_POINT('',#11932);
#5287=VERTEX_POINT('',#11934);
#5288=VERTEX_POINT('',#11936);
#5289=VERTEX_POINT('',#11938);
#5290=VERTEX_POINT('',#11940);
#5291=VERTEX_POINT('',#11942);
#5292=VERTEX_POINT('',#11944);
#5293=VERTEX_POINT('',#11948);
#5294=VERTEX_POINT('',#11951);
#5295=VERTEX_POINT('',#11956);
#5296=VERTEX_POINT('',#11959);
#5297=VERTEX_POINT('',#11963);
#5298=VERTEX_POINT('',#11966);
#5299=VERTEX_POINT('',#11970);
#5300=VERTEX_POINT('',#11973);
#5301=VERTEX_POINT('',#11980);
#5302=VERTEX_POINT('',#11981);
#5303=VERTEX_POINT('',#11983);
#5304=VERTEX_POINT('',#11985);
#5305=VERTEX_POINT('',#11989);
#5306=VERTEX_POINT('',#11990);
#5307=VERTEX_POINT('',#11992);
#5308=VERTEX_POINT('',#11994);
#5309=VERTEX_POINT('',#11998);
#5310=VERTEX_POINT('',#11999);
#5311=VERTEX_POINT('',#12001);
#5312=VERTEX_POINT('',#12003);
#5313=VERTEX_POINT('',#12007);
#5314=VERTEX_POINT('',#12008);
#5315=VERTEX_POINT('',#12010);
#5316=VERTEX_POINT('',#12012);
#5317=VERTEX_POINT('',#12018);
#5318=VERTEX_POINT('',#12020);
#5319=VERTEX_POINT('',#12022);
#5320=VERTEX_POINT('',#12024);
#5321=VERTEX_POINT('',#12026);
#5322=VERTEX_POINT('',#12028);
#5323=VERTEX_POINT('',#12030);
#5324=VERTEX_POINT('',#12031);
#5325=VERTEX_POINT('',#12033);
#5326=VERTEX_POINT('',#12035);
#5327=VERTEX_POINT('',#12039);
#5328=VERTEX_POINT('',#12041);
#5329=VERTEX_POINT('',#12044);
#5330=VERTEX_POINT('',#12047);
#5331=VERTEX_POINT('',#12049);
#5332=VERTEX_POINT('',#12052);
#5333=VERTEX_POINT('',#12055);
#5334=VERTEX_POINT('',#12057);
#5335=VERTEX_POINT('',#12060);
#5336=VERTEX_POINT('',#12063);
#5337=VERTEX_POINT('',#12065);
#5338=VERTEX_POINT('',#12068);
#5339=VERTEX_POINT('',#12071);
#5340=VERTEX_POINT('',#12073);
#5341=VERTEX_POINT('',#12076);
#5342=VERTEX_POINT('',#12079);
#5343=VERTEX_POINT('',#12081);
#5344=VERTEX_POINT('',#12084);
#5345=VERTEX_POINT('',#12143);
#5346=VERTEX_POINT('',#12144);
#5347=VERTEX_POINT('',#12146);
#5348=VERTEX_POINT('',#12148);
#5349=VERTEX_POINT('',#12150);
#5350=VERTEX_POINT('',#12152);
#5351=VERTEX_POINT('',#12154);
#5352=VERTEX_POINT('',#12156);
#5353=VERTEX_POINT('',#12159);
#5354=VERTEX_POINT('',#12160);
#5355=VERTEX_POINT('',#12162);
#5356=VERTEX_POINT('',#12164);
#5357=VERTEX_POINT('',#12166);
#5358=VERTEX_POINT('',#12168);
#5359=VERTEX_POINT('',#12170);
#5360=VERTEX_POINT('',#12172);
#5361=VERTEX_POINT('',#12175);
#5362=VERTEX_POINT('',#12176);
#5363=VERTEX_POINT('',#12178);
#5364=VERTEX_POINT('',#12180);
#5365=VERTEX_POINT('',#12182);
#5366=VERTEX_POINT('',#12184);
#5367=VERTEX_POINT('',#12187);
#5368=VERTEX_POINT('',#12188);
#5369=VERTEX_POINT('',#12190);
#5370=VERTEX_POINT('',#12192);
#5371=VERTEX_POINT('',#12194);
#5372=VERTEX_POINT('',#12196);
#5373=VERTEX_POINT('',#12199);
#5374=VERTEX_POINT('',#12200);
#5375=VERTEX_POINT('',#12202);
#5376=VERTEX_POINT('',#12204);
#5377=VERTEX_POINT('',#12206);
#5378=VERTEX_POINT('',#12208);
#5379=VERTEX_POINT('',#12211);
#5380=VERTEX_POINT('',#12212);
#5381=VERTEX_POINT('',#12214);
#5382=VERTEX_POINT('',#12216);
#5383=VERTEX_POINT('',#12218);
#5384=VERTEX_POINT('',#12220);
#5385=VERTEX_POINT('',#12223);
#5386=VERTEX_POINT('',#12224);
#5387=VERTEX_POINT('',#12226);
#5388=VERTEX_POINT('',#12228);
#5389=VERTEX_POINT('',#12230);
#5390=VERTEX_POINT('',#12232);
#5391=VERTEX_POINT('',#12235);
#5392=VERTEX_POINT('',#12236);
#5393=VERTEX_POINT('',#12238);
#5394=VERTEX_POINT('',#12240);
#5395=VERTEX_POINT('',#12242);
#5396=VERTEX_POINT('',#12244);
#5397=VERTEX_POINT('',#12247);
#5398=VERTEX_POINT('',#12248);
#5399=VERTEX_POINT('',#12250);
#5400=VERTEX_POINT('',#12252);
#5401=VERTEX_POINT('',#12254);
#5402=VERTEX_POINT('',#12257);
#5403=VERTEX_POINT('',#12258);
#5404=VERTEX_POINT('',#12260);
#5405=VERTEX_POINT('',#12262);
#5406=VERTEX_POINT('',#12264);
#5407=VERTEX_POINT('',#12266);
#5408=VERTEX_POINT('',#12269);
#5409=VERTEX_POINT('',#12270);
#5410=VERTEX_POINT('',#12272);
#5411=VERTEX_POINT('',#12274);
#5412=VERTEX_POINT('',#12276);
#5413=VERTEX_POINT('',#12278);
#5414=VERTEX_POINT('',#12281);
#5415=VERTEX_POINT('',#12282);
#5416=VERTEX_POINT('',#12284);
#5417=VERTEX_POINT('',#12286);
#5418=VERTEX_POINT('',#12288);
#5419=VERTEX_POINT('',#12290);
#5420=VERTEX_POINT('',#12292);
#5421=VERTEX_POINT('',#12294);
#5422=VERTEX_POINT('',#12297);
#5423=VERTEX_POINT('',#12298);
#5424=VERTEX_POINT('',#12300);
#5425=VERTEX_POINT('',#12302);
#5426=VERTEX_POINT('',#12304);
#5427=VERTEX_POINT('',#12306);
#5428=VERTEX_POINT('',#12308);
#5429=VERTEX_POINT('',#12310);
#5430=VERTEX_POINT('',#12313);
#5431=VERTEX_POINT('',#12314);
#5432=VERTEX_POINT('',#12316);
#5433=VERTEX_POINT('',#12318);
#5434=VERTEX_POINT('',#12320);
#5435=VERTEX_POINT('',#12322);
#5436=VERTEX_POINT('',#12324);
#5437=VERTEX_POINT('',#12326);
#5438=VERTEX_POINT('',#12329);
#5439=VERTEX_POINT('',#12330);
#5440=VERTEX_POINT('',#12332);
#5441=VERTEX_POINT('',#12334);
#5442=VERTEX_POINT('',#12336);
#5443=VERTEX_POINT('',#12338);
#5444=VERTEX_POINT('',#12340);
#5445=VERTEX_POINT('',#12342);
#5446=VERTEX_POINT('',#12345);
#5447=VERTEX_POINT('',#12346);
#5448=VERTEX_POINT('',#12348);
#5449=VERTEX_POINT('',#12350);
#5450=VERTEX_POINT('',#12352);
#5451=VERTEX_POINT('',#12354);
#5452=VERTEX_POINT('',#12357);
#5453=VERTEX_POINT('',#12358);
#5454=VERTEX_POINT('',#12360);
#5455=VERTEX_POINT('',#12362);
#5456=VERTEX_POINT('',#12364);
#5457=VERTEX_POINT('',#12366);
#5458=VERTEX_POINT('',#12368);
#5459=VERTEX_POINT('',#12370);
#5460=VERTEX_POINT('',#12373);
#5461=VERTEX_POINT('',#12374);
#5462=VERTEX_POINT('',#12376);
#5463=VERTEX_POINT('',#12378);
#5464=VERTEX_POINT('',#12380);
#5465=VERTEX_POINT('',#12382);
#5466=VERTEX_POINT('',#12384);
#5467=VERTEX_POINT('',#12386);
#5468=VERTEX_POINT('',#12389);
#5469=VERTEX_POINT('',#12390);
#5470=VERTEX_POINT('',#12392);
#5471=VERTEX_POINT('',#12394);
#5472=VERTEX_POINT('',#12396);
#5473=VERTEX_POINT('',#12398);
#5474=VERTEX_POINT('',#12400);
#5475=VERTEX_POINT('',#12402);
#5476=VERTEX_POINT('',#12405);
#5477=VERTEX_POINT('',#12406);
#5478=VERTEX_POINT('',#12408);
#5479=VERTEX_POINT('',#12410);
#5480=VERTEX_POINT('',#12412);
#5481=VERTEX_POINT('',#12414);
#5482=VERTEX_POINT('',#12416);
#5483=VERTEX_POINT('',#12418);
#5484=VERTEX_POINT('',#12421);
#5485=VERTEX_POINT('',#12422);
#5486=VERTEX_POINT('',#12424);
#5487=VERTEX_POINT('',#12426);
#5488=VERTEX_POINT('',#12428);
#5489=VERTEX_POINT('',#12430);
#5490=VERTEX_POINT('',#12432);
#5491=VERTEX_POINT('',#12434);
#5492=VERTEX_POINT('',#12437);
#5493=VERTEX_POINT('',#12438);
#5494=VERTEX_POINT('',#12440);
#5495=VERTEX_POINT('',#12442);
#5496=VERTEX_POINT('',#12444);
#5497=VERTEX_POINT('',#12446);
#5498=VERTEX_POINT('',#12449);
#5499=VERTEX_POINT('',#12450);
#5500=VERTEX_POINT('',#12452);
#5501=VERTEX_POINT('',#12454);
#5502=VERTEX_POINT('',#12456);
#5503=VERTEX_POINT('',#12458);
#5504=VERTEX_POINT('',#12460);
#5505=VERTEX_POINT('',#12462);
#5506=VERTEX_POINT('',#12465);
#5507=VERTEX_POINT('',#12466);
#5508=VERTEX_POINT('',#12468);
#5509=VERTEX_POINT('',#12470);
#5510=VERTEX_POINT('',#12472);
#5511=VERTEX_POINT('',#12474);
#5512=VERTEX_POINT('',#12477);
#5513=VERTEX_POINT('',#12478);
#5514=VERTEX_POINT('',#12480);
#5515=VERTEX_POINT('',#12482);
#5516=VERTEX_POINT('',#12484);
#5517=VERTEX_POINT('',#12486);
#5518=VERTEX_POINT('',#12488);
#5519=VERTEX_POINT('',#12490);
#5520=VERTEX_POINT('',#12493);
#5521=VERTEX_POINT('',#12494);
#5522=VERTEX_POINT('',#12496);
#5523=VERTEX_POINT('',#12498);
#5524=VERTEX_POINT('',#12500);
#5525=VERTEX_POINT('',#12502);
#5526=VERTEX_POINT('',#12504);
#5527=VERTEX_POINT('',#12506);
#5528=VERTEX_POINT('',#12509);
#5529=VERTEX_POINT('',#12510);
#5530=VERTEX_POINT('',#12512);
#5531=VERTEX_POINT('',#12514);
#5532=VERTEX_POINT('',#12516);
#5533=VERTEX_POINT('',#12518);
#5534=VERTEX_POINT('',#12520);
#5535=VERTEX_POINT('',#12522);
#5536=VERTEX_POINT('',#12525);
#5537=VERTEX_POINT('',#12526);
#5538=VERTEX_POINT('',#12528);
#5539=VERTEX_POINT('',#12530);
#5540=VERTEX_POINT('',#12532);
#5541=VERTEX_POINT('',#12534);
#5542=VERTEX_POINT('',#12536);
#5543=VERTEX_POINT('',#12538);
#5544=VERTEX_POINT('',#12541);
#5545=VERTEX_POINT('',#12542);
#5546=VERTEX_POINT('',#12544);
#5547=VERTEX_POINT('',#12546);
#5548=VERTEX_POINT('',#12548);
#5549=VERTEX_POINT('',#12550);
#5550=VERTEX_POINT('',#12552);
#5551=VERTEX_POINT('',#12554);
#5552=VERTEX_POINT('',#12557);
#5553=VERTEX_POINT('',#12558);
#5554=VERTEX_POINT('',#12560);
#5555=VERTEX_POINT('',#12562);
#5556=VERTEX_POINT('',#12564);
#5557=VERTEX_POINT('',#12566);
#5558=VERTEX_POINT('',#12568);
#5559=VERTEX_POINT('',#12570);
#5560=VERTEX_POINT('',#12573);
#5561=VERTEX_POINT('',#12574);
#5562=VERTEX_POINT('',#12576);
#5563=VERTEX_POINT('',#12578);
#5564=VERTEX_POINT('',#12580);
#5565=VERTEX_POINT('',#12582);
#5566=VERTEX_POINT('',#12584);
#5567=VERTEX_POINT('',#12586);
#5568=VERTEX_POINT('',#12589);
#5569=VERTEX_POINT('',#12590);
#5570=VERTEX_POINT('',#12592);
#5571=VERTEX_POINT('',#12594);
#5572=VERTEX_POINT('',#12596);
#5573=VERTEX_POINT('',#12598);
#5574=VERTEX_POINT('',#12600);
#5575=VERTEX_POINT('',#12602);
#5576=VERTEX_POINT('',#12605);
#5577=VERTEX_POINT('',#12606);
#5578=VERTEX_POINT('',#12608);
#5579=VERTEX_POINT('',#12610);
#5580=VERTEX_POINT('',#12612);
#5581=VERTEX_POINT('',#12614);
#5582=VERTEX_POINT('',#12617);
#5583=VERTEX_POINT('',#12618);
#5584=VERTEX_POINT('',#12620);
#5585=VERTEX_POINT('',#12622);
#5586=VERTEX_POINT('',#12624);
#5587=VERTEX_POINT('',#12627);
#5588=VERTEX_POINT('',#12628);
#5589=VERTEX_POINT('',#12630);
#5590=VERTEX_POINT('',#12632);
#5591=VERTEX_POINT('',#12634);
#5592=VERTEX_POINT('',#12636);
#5593=VERTEX_POINT('',#12638);
#5594=VERTEX_POINT('',#12640);
#5595=VERTEX_POINT('',#12643);
#5596=VERTEX_POINT('',#12645);
#5597=VERTEX_POINT('',#12648);
#5598=VERTEX_POINT('',#12650);
#5599=VERTEX_POINT('',#12652);
#5600=VERTEX_POINT('',#12655);
#5601=VERTEX_POINT('',#12657);
#5602=VERTEX_POINT('',#12659);
#5603=VERTEX_POINT('',#12661);
#5604=VERTEX_POINT('',#12663);
#5605=VERTEX_POINT('',#12665);
#5606=VERTEX_POINT('',#12668);
#5607=VERTEX_POINT('',#12670);
#5608=VERTEX_POINT('',#12672);
#5609=VERTEX_POINT('',#12674);
#5610=VERTEX_POINT('',#12676);
#5611=VERTEX_POINT('',#12678);
#5612=VERTEX_POINT('',#12681);
#5613=VERTEX_POINT('',#12683);
#5614=VERTEX_POINT('',#12685);
#5615=VERTEX_POINT('',#12687);
#5616=VERTEX_POINT('',#12689);
#5617=VERTEX_POINT('',#12691);
#5618=VERTEX_POINT('',#12694);
#5619=VERTEX_POINT('',#12696);
#5620=VERTEX_POINT('',#12698);
#5621=VERTEX_POINT('',#12700);
#5622=VERTEX_POINT('',#12702);
#5623=VERTEX_POINT('',#12704);
#5624=VERTEX_POINT('',#12707);
#5625=VERTEX_POINT('',#12709);
#5626=VERTEX_POINT('',#12711);
#5627=VERTEX_POINT('',#12713);
#5628=VERTEX_POINT('',#12715);
#5629=VERTEX_POINT('',#12717);
#5630=VERTEX_POINT('',#12720);
#5631=VERTEX_POINT('',#12722);
#5632=VERTEX_POINT('',#12724);
#5633=VERTEX_POINT('',#12726);
#5634=VERTEX_POINT('',#12728);
#5635=VERTEX_POINT('',#12730);
#5636=VERTEX_POINT('',#12733);
#5637=VERTEX_POINT('',#12735);
#5638=VERTEX_POINT('',#12737);
#5639=VERTEX_POINT('',#12739);
#5640=VERTEX_POINT('',#12741);
#5641=VERTEX_POINT('',#12743);
#5642=VERTEX_POINT('',#12746);
#5643=VERTEX_POINT('',#12748);
#5644=VERTEX_POINT('',#12750);
#5645=VERTEX_POINT('',#12752);
#5646=VERTEX_POINT('',#12754);
#5647=VERTEX_POINT('',#12758);
#5648=VERTEX_POINT('',#12760);
#5649=VERTEX_POINT('',#12764);
#5650=VERTEX_POINT('',#12768);
#5651=VERTEX_POINT('',#12784);
#5652=VERTEX_POINT('',#12789);
#5653=VERTEX_POINT('',#12809);
#5654=VERTEX_POINT('',#12814);
#5655=VERTEX_POINT('',#12829);
#5656=VERTEX_POINT('',#12834);
#5657=VERTEX_POINT('',#12842);
#5658=VERTEX_POINT('',#12851);
#5659=VERTEX_POINT('',#12861);
#5660=VERTEX_POINT('',#12866);
#5661=VERTEX_POINT('',#12879);
#5662=VERTEX_POINT('',#12884);
#5663=VERTEX_POINT('',#12897);
#5664=VERTEX_POINT('',#12902);
#5665=VERTEX_POINT('',#12915);
#5666=VERTEX_POINT('',#12920);
#5667=VERTEX_POINT('',#12935);
#5668=VERTEX_POINT('',#12937);
#5669=VERTEX_POINT('',#12941);
#5670=VERTEX_POINT('',#12945);
#5671=VERTEX_POINT('',#12949);
#5672=VERTEX_POINT('',#12953);
#5673=VERTEX_POINT('',#12957);
#5674=VERTEX_POINT('',#12961);
#5675=VERTEX_POINT('',#12968);
#5676=VERTEX_POINT('',#12970);
#5677=VERTEX_POINT('',#12974);
#5678=VERTEX_POINT('',#12978);
#5679=VERTEX_POINT('',#12982);
#5680=VERTEX_POINT('',#12986);
#5681=VERTEX_POINT('',#12993);
#5682=VERTEX_POINT('',#12995);
#5683=VERTEX_POINT('',#12999);
#5684=VERTEX_POINT('',#13003);
#5685=VERTEX_POINT('',#13007);
#5686=VERTEX_POINT('',#13014);
#5687=VERTEX_POINT('',#13016);
#5688=VERTEX_POINT('',#13020);
#5689=VERTEX_POINT('',#13024);
#5690=VERTEX_POINT('',#13028);
#5691=VERTEX_POINT('',#13032);
#5692=VERTEX_POINT('',#13039);
#5693=VERTEX_POINT('',#13041);
#5694=VERTEX_POINT('',#13045);
#5695=VERTEX_POINT('',#13049);
#5696=VERTEX_POINT('',#13053);
#5697=VERTEX_POINT('',#13057);
#5698=VERTEX_POINT('',#13064);
#5699=VERTEX_POINT('',#13066);
#5700=VERTEX_POINT('',#13070);
#5701=VERTEX_POINT('',#13074);
#5702=VERTEX_POINT('',#13078);
#5703=VERTEX_POINT('',#13082);
#5704=VERTEX_POINT('',#13089);
#5705=VERTEX_POINT('',#13091);
#5706=VERTEX_POINT('',#13095);
#5707=VERTEX_POINT('',#13099);
#5708=VERTEX_POINT('',#13103);
#5709=VERTEX_POINT('',#13107);
#5710=VERTEX_POINT('',#13114);
#5711=VERTEX_POINT('',#13116);
#5712=VERTEX_POINT('',#13120);
#5713=VERTEX_POINT('',#13124);
#5714=VERTEX_POINT('',#13128);
#5715=VERTEX_POINT('',#13132);
#5716=VERTEX_POINT('',#13139);
#5717=VERTEX_POINT('',#13141);
#5718=VERTEX_POINT('',#13145);
#5719=VERTEX_POINT('',#13149);
#5720=VERTEX_POINT('',#13153);
#5721=VERTEX_POINT('',#13157);
#5722=VERTEX_POINT('',#13164);
#5723=VERTEX_POINT('',#13166);
#5724=VERTEX_POINT('',#13170);
#5725=VERTEX_POINT('',#13174);
#5726=VERTEX_POINT('',#13178);
#5727=VERTEX_POINT('',#13185);
#5728=VERTEX_POINT('',#13187);
#5729=VERTEX_POINT('',#13191);
#5730=VERTEX_POINT('',#13195);
#5731=VERTEX_POINT('',#13199);
#5732=VERTEX_POINT('',#13203);
#5733=VERTEX_POINT('',#13210);
#5734=VERTEX_POINT('',#13212);
#5735=VERTEX_POINT('',#13216);
#5736=VERTEX_POINT('',#13220);
#5737=VERTEX_POINT('',#13224);
#5738=VERTEX_POINT('',#13228);
#5739=VERTEX_POINT('',#13232);
#5740=VERTEX_POINT('',#13236);
#5741=VERTEX_POINT('',#13243);
#5742=VERTEX_POINT('',#13245);
#5743=VERTEX_POINT('',#13249);
#5744=VERTEX_POINT('',#13253);
#5745=VERTEX_POINT('',#13257);
#5746=VERTEX_POINT('',#13261);
#5747=VERTEX_POINT('',#13265);
#5748=VERTEX_POINT('',#13269);
#5749=VERTEX_POINT('',#13276);
#5750=VERTEX_POINT('',#13278);
#5751=VERTEX_POINT('',#13282);
#5752=VERTEX_POINT('',#13286);
#5753=VERTEX_POINT('',#13290);
#5754=VERTEX_POINT('',#13294);
#5755=VERTEX_POINT('',#13298);
#5756=VERTEX_POINT('',#13302);
#5757=VERTEX_POINT('',#13309);
#5758=VERTEX_POINT('',#13311);
#5759=VERTEX_POINT('',#13315);
#5760=VERTEX_POINT('',#13319);
#5761=VERTEX_POINT('',#13323);
#5762=VERTEX_POINT('',#13327);
#5763=VERTEX_POINT('',#13331);
#5764=VERTEX_POINT('',#13335);
#5765=VERTEX_POINT('',#13342);
#5766=VERTEX_POINT('',#13344);
#5767=VERTEX_POINT('',#13348);
#5768=VERTEX_POINT('',#13352);
#5769=VERTEX_POINT('',#13356);
#5770=VERTEX_POINT('',#13360);
#5771=VERTEX_POINT('',#13364);
#5772=VERTEX_POINT('',#13368);
#5773=VERTEX_POINT('',#13375);
#5774=VERTEX_POINT('',#13377);
#5775=VERTEX_POINT('',#13381);
#5776=VERTEX_POINT('',#13385);
#5777=VERTEX_POINT('',#13389);
#5778=VERTEX_POINT('',#13393);
#5779=VERTEX_POINT('',#13397);
#5780=VERTEX_POINT('',#13401);
#5781=VERTEX_POINT('',#13408);
#5782=VERTEX_POINT('',#13410);
#5783=VERTEX_POINT('',#13414);
#5784=VERTEX_POINT('',#13418);
#5785=VERTEX_POINT('',#13422);
#5786=VERTEX_POINT('',#13426);
#5787=VERTEX_POINT('',#13430);
#5788=VERTEX_POINT('',#13434);
#5789=VERTEX_POINT('',#13441);
#5790=VERTEX_POINT('',#13443);
#5791=VERTEX_POINT('',#13447);
#5792=VERTEX_POINT('',#13451);
#5793=VERTEX_POINT('',#13455);
#5794=VERTEX_POINT('',#13459);
#5795=VERTEX_POINT('',#13463);
#5796=VERTEX_POINT('',#13467);
#5797=VERTEX_POINT('',#13474);
#5798=VERTEX_POINT('',#13476);
#5799=VERTEX_POINT('',#13480);
#5800=VERTEX_POINT('',#13484);
#5801=VERTEX_POINT('',#13488);
#5802=VERTEX_POINT('',#13492);
#5803=VERTEX_POINT('',#13499);
#5804=VERTEX_POINT('',#13501);
#5805=VERTEX_POINT('',#13505);
#5806=VERTEX_POINT('',#13509);
#5807=VERTEX_POINT('',#13513);
#5808=VERTEX_POINT('',#13517);
#5809=VERTEX_POINT('',#13521);
#5810=VERTEX_POINT('',#13525);
#5811=VERTEX_POINT('',#13532);
#5812=VERTEX_POINT('',#13534);
#5813=VERTEX_POINT('',#13538);
#5814=VERTEX_POINT('',#13542);
#5815=VERTEX_POINT('',#13546);
#5816=VERTEX_POINT('',#13550);
#5817=VERTEX_POINT('',#13557);
#5818=VERTEX_POINT('',#13559);
#5819=VERTEX_POINT('',#13563);
#5820=VERTEX_POINT('',#13567);
#5821=VERTEX_POINT('',#13571);
#5822=VERTEX_POINT('',#13575);
#5823=VERTEX_POINT('',#13579);
#5824=VERTEX_POINT('',#13583);
#5825=VERTEX_POINT('',#13590);
#5826=VERTEX_POINT('',#13592);
#5827=VERTEX_POINT('',#13596);
#5828=VERTEX_POINT('',#13600);
#5829=VERTEX_POINT('',#13604);
#5830=VERTEX_POINT('',#13608);
#5831=VERTEX_POINT('',#13612);
#5832=VERTEX_POINT('',#13616);
#5833=VERTEX_POINT('',#13623);
#5834=VERTEX_POINT('',#13625);
#5835=VERTEX_POINT('',#13629);
#5836=VERTEX_POINT('',#13633);
#5837=VERTEX_POINT('',#13637);
#5838=VERTEX_POINT('',#13641);
#5839=VERTEX_POINT('',#13645);
#5840=VERTEX_POINT('',#13649);
#5841=VERTEX_POINT('',#13656);
#5842=VERTEX_POINT('',#13658);
#5843=VERTEX_POINT('',#13662);
#5844=VERTEX_POINT('',#13666);
#5845=VERTEX_POINT('',#13670);
#5846=VERTEX_POINT('',#13674);
#5847=VERTEX_POINT('',#13678);
#5848=VERTEX_POINT('',#13682);
#5849=VERTEX_POINT('',#13692);
#5850=VERTEX_POINT('',#13694);
#5851=VERTEX_POINT('',#13698);
#5852=VERTEX_POINT('',#13702);
#5853=VERTEX_POINT('',#13706);
#5854=VERTEX_POINT('',#13710);
#5855=VERTEX_POINT('',#13714);
#5856=VERTEX_POINT('',#13718);
#5857=VERTEX_POINT('',#13729);
#5858=VERTEX_POINT('',#13731);
#5859=VERTEX_POINT('',#13735);
#5860=VERTEX_POINT('',#13739);
#5861=VERTEX_POINT('',#13743);
#5862=VERTEX_POINT('',#13747);
#5863=VERTEX_POINT('',#13754);
#5864=VERTEX_POINT('',#13756);
#5865=VERTEX_POINT('',#13760);
#5866=VERTEX_POINT('',#13764);
#5867=VERTEX_POINT('',#13768);
#5868=VERTEX_POINT('',#13772);
#5869=VERTEX_POINT('',#13776);
#5870=VERTEX_POINT('',#13780);
#5871=VERTEX_POINT('',#13787);
#5872=VERTEX_POINT('',#13789);
#5873=VERTEX_POINT('',#13793);
#5874=VERTEX_POINT('',#13797);
#5875=VERTEX_POINT('',#13801);
#5876=VERTEX_POINT('',#13805);
#5877=VERTEX_POINT('',#13809);
#5878=VERTEX_POINT('',#13813);
#5879=VERTEX_POINT('',#13820);
#5880=VERTEX_POINT('',#13822);
#5881=VERTEX_POINT('',#13826);
#5882=VERTEX_POINT('',#13830);
#5883=VERTEX_POINT('',#13834);
#5884=VERTEX_POINT('',#13838);
#5885=VERTEX_POINT('',#13842);
#5886=VERTEX_POINT('',#13846);
#5887=VERTEX_POINT('',#13853);
#5888=VERTEX_POINT('',#13855);
#5889=VERTEX_POINT('',#13859);
#5890=VERTEX_POINT('',#13863);
#5891=VERTEX_POINT('',#13867);
#5892=VERTEX_POINT('',#13871);
#5893=VERTEX_POINT('',#13875);
#5894=VERTEX_POINT('',#13879);
#5895=VERTEX_POINT('',#13886);
#5896=VERTEX_POINT('',#13888);
#5897=VERTEX_POINT('',#13892);
#5898=VERTEX_POINT('',#13896);
#5899=VERTEX_POINT('',#13900);
#5900=VERTEX_POINT('',#13904);
#5901=VERTEX_POINT('',#13908);
#5902=VERTEX_POINT('',#13912);
#5903=VERTEX_POINT('',#13919);
#5904=VERTEX_POINT('',#13921);
#5905=VERTEX_POINT('',#13925);
#5906=VERTEX_POINT('',#13929);
#5907=VERTEX_POINT('',#13933);
#5908=VERTEX_POINT('',#13937);
#5909=VERTEX_POINT('',#13941);
#5910=VERTEX_POINT('',#13945);
#5911=VERTEX_POINT('',#13952);
#5912=VERTEX_POINT('',#13954);
#5913=VERTEX_POINT('',#13958);
#5914=VERTEX_POINT('',#13962);
#5915=VERTEX_POINT('',#13966);
#5916=VERTEX_POINT('',#13970);
#5917=CIRCLE('',#8001,0.003);
#5918=CIRCLE('',#8002,0.003);
#5919=CIRCLE('',#8003,0.003);
#5920=CIRCLE('',#8004,0.003);
#5921=CIRCLE('',#8024,0.003);
#5922=CIRCLE('',#8026,0.003);
#5923=CIRCLE('',#8028,0.003);
#5924=CIRCLE('',#8036,0.0017);
#5925=CIRCLE('',#8037,0.0017);
#5926=CIRCLE('',#8038,0.0017);
#5927=CIRCLE('',#8039,0.0017);
#5928=CIRCLE('',#8041,0.0017);
#5929=CIRCLE('',#8043,0.003);
#5930=CIRCLE('',#8045,0.003);
#5931=CIRCLE('',#8047,0.0017);
#5932=CIRCLE('',#8049,0.003);
#5933=CIRCLE('',#8052,0.0017);
#5934=CIRCLE('',#8054,0.003);
#5935=CIRCLE('',#8057,0.0017);
#5936=CIRCLE('',#8059,0.003);
#5937=CIRCLE('',#8071,0.004);
#5938=CIRCLE('',#8072,0.004);
#5939=CIRCLE('',#8073,0.004);
#5940=CIRCLE('',#8074,0.004);
#5941=CIRCLE('',#8075,0.004);
#5942=CIRCLE('',#8076,0.004);
#5943=CIRCLE('',#8078,0.003);
#5944=CIRCLE('',#8079,0.003);
#5945=CIRCLE('',#8081,0.002);
#5946=CIRCLE('',#8083,0.003);
#5947=CIRCLE('',#8084,0.003);
#5948=CIRCLE('',#8086,0.002);
#5949=CIRCLE('',#8088,0.003);
#5950=CIRCLE('',#8089,0.003);
#5951=CIRCLE('',#8091,0.002);
#5952=CIRCLE('',#8093,0.003);
#5953=CIRCLE('',#8094,0.003);
#5954=CIRCLE('',#8096,0.002);
#5955=CIRCLE('',#8098,0.003);
#5956=CIRCLE('',#8099,0.003);
#5957=CIRCLE('',#8101,0.002);
#5958=CIRCLE('',#8103,0.003);
#5959=CIRCLE('',#8104,0.003);
#5960=CIRCLE('',#8106,0.002);
#5961=CIRCLE('',#8140,0.0025);
#5962=CIRCLE('',#8141,0.0025);
#5963=CIRCLE('',#8142,0.0025);
#5964=CIRCLE('',#8143,0.0025);
#5965=CIRCLE('',#8144,0.0025);
#5966=CIRCLE('',#8145,0.0025);
#5967=CIRCLE('',#8146,0.0025);
#5968=CIRCLE('',#8147,0.0025);
#5969=CIRCLE('',#8148,0.0025);
#5970=CIRCLE('',#8149,0.0025);
#5971=CIRCLE('',#8150,0.00249999999999995);
#5972=CIRCLE('',#8151,0.00250000000000004);
#5973=CIRCLE('',#8152,0.0025);
#5974=CIRCLE('',#8153,0.00250000000000008);
#5975=CIRCLE('',#8154,0.0025);
#5976=CIRCLE('',#8155,0.0025);
#5977=CIRCLE('',#8156,0.00250000000000009);
#5978=CIRCLE('',#8157,0.0025);
#5979=CIRCLE('',#8158,0.0025);
#5980=CIRCLE('',#8159,0.00250000000000011);
#5981=CIRCLE('',#8160,0.0025);
#5982=CIRCLE('',#8161,0.0025);
#5983=CIRCLE('',#8162,0.00250000000000023);
#5984=CIRCLE('',#8163,0.0025);
#5985=CIRCLE('',#8164,0.0025);
#5986=CIRCLE('',#8165,0.00250000000000023);
#5987=CIRCLE('',#8166,0.0025);
#5988=CIRCLE('',#8167,0.0025);
#5989=CIRCLE('',#8168,0.0025);
#5990=CIRCLE('',#8169,0.0025);
#5991=CIRCLE('',#8170,0.0025);
#5992=CIRCLE('',#8171,0.0025);
#5993=CIRCLE('',#8172,0.0025);
#5994=CIRCLE('',#8173,0.0025);
#5995=CIRCLE('',#8174,0.0025);
#5996=CIRCLE('',#8175,0.0025);
#5997=CIRCLE('',#8176,0.0025);
#5998=CIRCLE('',#8177,0.0025);
#5999=CIRCLE('',#8178,0.0025);
#6000=CIRCLE('',#8179,0.0025);
#6001=CIRCLE('',#8180,0.0025);
#6002=CIRCLE('',#8181,0.0025);
#6003=CIRCLE('',#8182,0.0025);
#6004=CIRCLE('',#8183,0.0025);
#6005=CIRCLE('',#8184,0.0025);
#6006=CIRCLE('',#8185,0.0025);
#6007=CIRCLE('',#8186,0.0025);
#6008=CIRCLE('',#8187,0.0025);
#6009=CIRCLE('',#8188,0.0025);
#6010=CIRCLE('',#8189,0.0025);
#6011=CIRCLE('',#8190,0.0025);
#6012=CIRCLE('',#8191,0.0025);
#6013=CIRCLE('',#8192,0.0025);
#6014=CIRCLE('',#8193,0.0025);
#6015=CIRCLE('',#8194,0.0025);
#6016=CIRCLE('',#8195,0.0025);
#6017=CIRCLE('',#8196,0.0025);
#6018=CIRCLE('',#8197,0.0025);
#6019=CIRCLE('',#8198,0.0025);
#6020=CIRCLE('',#8199,0.0025);
#6021=CIRCLE('',#8200,0.0025);
#6022=CIRCLE('',#8201,0.0025);
#6023=CIRCLE('',#8202,0.0025);
#6024=CIRCLE('',#8203,0.0025);
#6025=CIRCLE('',#8204,0.0025);
#6026=CIRCLE('',#8205,0.0025);
#6027=CIRCLE('',#8206,0.0025);
#6028=CIRCLE('',#8207,0.0025);
#6029=CIRCLE('',#8208,0.0025);
#6030=CIRCLE('',#8209,0.0025);
#6031=CIRCLE('',#8210,0.0025);
#6032=CIRCLE('',#8211,0.0025);
#6033=CIRCLE('',#8212,0.0025);
#6034=CIRCLE('',#8213,0.0025);
#6035=CIRCLE('',#8214,0.0025);
#6036=CIRCLE('',#8215,0.0025);
#6037=CIRCLE('',#8216,0.0025);
#6038=CIRCLE('',#8217,0.0025);
#6039=CIRCLE('',#8218,0.0025);
#6040=CIRCLE('',#8219,0.0025);
#6041=CIRCLE('',#8220,0.0025);
#6042=CIRCLE('',#8221,0.0025);
#6043=CIRCLE('',#8222,0.0025);
#6044=CIRCLE('',#8223,0.0025);
#6045=CIRCLE('',#8224,0.0025);
#6046=CIRCLE('',#8225,0.0025);
#6047=CIRCLE('',#8226,0.0025);
#6048=CIRCLE('',#8227,0.0025);
#6049=CIRCLE('',#8228,0.0025);
#6050=CIRCLE('',#8229,0.0025);
#6051=CIRCLE('',#8230,0.0025);
#6052=CIRCLE('',#8231,0.0025);
#6053=CIRCLE('',#8232,0.0025);
#6054=CIRCLE('',#8233,0.0025);
#6055=CIRCLE('',#8234,0.0025);
#6056=CIRCLE('',#8235,0.0025);
#6057=CIRCLE('',#8236,0.0025);
#6058=CIRCLE('',#8237,0.0025);
#6059=CIRCLE('',#8238,0.0025);
#6060=CIRCLE('',#8239,0.0025);
#6061=CIRCLE('',#8240,0.0025);
#6062=CIRCLE('',#8241,0.0025);
#6063=CIRCLE('',#8242,0.0025);
#6064=CIRCLE('',#8243,0.0025);
#6065=CIRCLE('',#8244,0.0025);
#6066=CIRCLE('',#8245,0.0025);
#6067=CIRCLE('',#8246,0.0025);
#6068=CIRCLE('',#8247,0.0025);
#6069=CIRCLE('',#8248,0.0025);
#6070=CIRCLE('',#8249,0.0025);
#6071=CIRCLE('',#8250,0.0025);
#6072=CIRCLE('',#8251,0.0025);
#6073=CIRCLE('',#8252,0.0025);
#6074=CIRCLE('',#8253,0.00249999999999953);
#6075=CIRCLE('',#8254,0.0025);
#6076=CIRCLE('',#8255,0.0025);
#6077=CIRCLE('',#8256,0.0025);
#6078=CIRCLE('',#8257,0.0025);
#6079=CIRCLE('',#8258,0.0025);
#6080=CIRCLE('',#8259,0.0025);
#6081=CIRCLE('',#8260,0.00249999999999997);
#6082=CIRCLE('',#8261,0.0025);
#6083=CIRCLE('',#8262,0.0025);
#6084=CIRCLE('',#8263,0.0025);
#6085=CIRCLE('',#8264,0.0025);
#6086=CIRCLE('',#8265,0.0025);
#6087=CIRCLE('',#8266,0.0025);
#6088=CIRCLE('',#8267,0.0025);
#6089=CIRCLE('',#8268,0.0025);
#6090=CIRCLE('',#8269,0.0025);
#6091=CIRCLE('',#8270,0.0025);
#6092=CIRCLE('',#8271,0.0025);
#6093=CIRCLE('',#8272,0.0025);
#6094=CIRCLE('',#8273,0.0025);
#6095=CIRCLE('',#8274,0.0025);
#6096=CIRCLE('',#8275,0.0025);
#6097=CIRCLE('',#8276,0.0025);
#6098=CIRCLE('',#8277,0.0025);
#6099=CIRCLE('',#8278,0.0025);
#6100=CIRCLE('',#8279,0.0025);
#6101=CIRCLE('',#8280,0.0025);
#6102=CIRCLE('',#8281,0.0025);
#6103=CIRCLE('',#8296,0.0025);
#6104=CIRCLE('',#8308,0.00249999999999997);
#6105=CIRCLE('',#8316,0.0025);
#6106=CIRCLE('',#8323,0.0025);
#6107=CIRCLE('',#8331,0.0025);
#6108=CIRCLE('',#8339,0.0025);
#6109=CIRCLE('',#8347,0.0025);
#6110=CIRCLE('',#8355,0.0025);
#6111=CIRCLE('',#8361,0.0025);
#6112=CIRCLE('',#8364,0.0025);
#6113=CIRCLE('',#8367,0.0025);
#6114=CIRCLE('',#8370,0.0025);
#6115=CIRCLE('',#8375,0.0025);
#6116=CIRCLE('',#8380,0.0025);
#6117=CIRCLE('',#8384,0.0025);
#6118=CIRCLE('',#8388,0.0025);
#6119=CIRCLE('',#8392,0.0025);
#6120=CIRCLE('',#8395,0.00250000000000023);
#6121=CIRCLE('',#8398,0.0025);
#6122=CIRCLE('',#8402,0.0025);
#6123=CIRCLE('',#8405,0.00250000000000023);
#6124=CIRCLE('',#8408,0.0025);
#6125=CIRCLE('',#8412,0.0025);
#6126=CIRCLE('',#8415,0.00250000000000011);
#6127=CIRCLE('',#8418,0.0025);
#6128=CIRCLE('',#8422,0.0025);
#6129=CIRCLE('',#8425,0.00250000000000009);
#6130=CIRCLE('',#8428,0.0025);
#6131=CIRCLE('',#8432,0.00250000000000004);
#6132=CIRCLE('',#8435,0.00250000000000008);
#6133=CIRCLE('',#8438,0.0025);
#6134=CIRCLE('',#8442,0.0025);
#6135=CIRCLE('',#8445,0.00249999999999995);
#6136=CIRCLE('',#8448,0.0025);
#6137=CIRCLE('',#8452,0.00249999999999953);
#6138=CIRCLE('',#8455,0.0025);
#6139=CIRCLE('',#8459,0.0025);
#6140=CIRCLE('',#8464,0.0025);
#6141=CIRCLE('',#8468,0.0025);
#6142=CIRCLE('',#8471,0.0025);
#6143=CIRCLE('',#8474,0.0025);
#6144=CIRCLE('',#8477,0.0025);
#6145=CIRCLE('',#8481,0.0025);
#6146=CIRCLE('',#8484,0.0025);
#6147=CIRCLE('',#8487,0.0025);
#6148=CIRCLE('',#8490,0.0025);
#6149=CIRCLE('',#8494,0.0025);
#6150=CIRCLE('',#8497,0.0025);
#6151=CIRCLE('',#8500,0.0025);
#6152=CIRCLE('',#8503,0.0025);
#6153=CIRCLE('',#8507,0.0025);
#6154=CIRCLE('',#8510,0.0025);
#6155=CIRCLE('',#8513,0.0025);
#6156=CIRCLE('',#8516,0.0025);
#6157=CIRCLE('',#8520,0.0025);
#6158=CIRCLE('',#8523,0.0025);
#6159=CIRCLE('',#8526,0.0025);
#6160=CIRCLE('',#8529,0.0025);
#6161=CIRCLE('',#8533,0.0025);
#6162=CIRCLE('',#8536,0.0025);
#6163=CIRCLE('',#8539,0.0025);
#6164=CIRCLE('',#8542,0.0025);
#6165=CIRCLE('',#8546,0.0025);
#6166=CIRCLE('',#8549,0.0025);
#6167=CIRCLE('',#8552,0.0025);
#6168=CIRCLE('',#8555,0.0025);
#6169=CIRCLE('',#8559,0.0025);
#6170=CIRCLE('',#8562,0.0025);
#6171=CIRCLE('',#8565,0.0025);
#6172=CIRCLE('',#8568,0.0025);
#6173=CIRCLE('',#8572,0.0025);
#6174=CIRCLE('',#8575,0.0025);
#6175=CIRCLE('',#8581,0.0025);
#6176=CIRCLE('',#8584,0.0025);
#6177=CIRCLE('',#8587,0.0025);
#6178=CIRCLE('',#8590,0.0025);
#6179=CIRCLE('',#8594,0.0025);
#6180=CIRCLE('',#8597,0.0025);
#6181=CIRCLE('',#8603,0.0025);
#6182=CIRCLE('',#8606,0.0025);
#6183=CIRCLE('',#8609,0.0025);
#6184=CIRCLE('',#8612,0.0025);
#6185=CIRCLE('',#8616,0.0025);
#6186=CIRCLE('',#8619,0.0025);
#6187=CIRCLE('',#8622,0.0025);
#6188=CIRCLE('',#8625,0.0025);
#6189=CIRCLE('',#8629,0.0025);
#6190=CIRCLE('',#8632,0.0025);
#6191=CIRCLE('',#8635,0.0025);
#6192=CIRCLE('',#8638,0.0025);
#6193=CIRCLE('',#8642,0.0025);
#6194=CIRCLE('',#8645,0.0025);
#6195=CIRCLE('',#8648,0.0025);
#6196=CIRCLE('',#8651,0.0025);
#6197=CIRCLE('',#8658,0.0025);
#6198=CIRCLE('',#8661,0.0025);
#6199=CIRCLE('',#8664,0.0025);
#6200=CIRCLE('',#8667,0.0025);
#6201=CIRCLE('',#8675,0.0025);
#6202=CIRCLE('',#8678,0.0025);
#6203=CIRCLE('',#8684,0.0025);
#6204=CIRCLE('',#8687,0.0025);
#6205=CIRCLE('',#8690,0.0025);
#6206=CIRCLE('',#8693,0.0025);
#6207=CIRCLE('',#8697,0.0025);
#6208=CIRCLE('',#8700,0.0025);
#6209=CIRCLE('',#8703,0.0025);
#6210=CIRCLE('',#8706,0.0025);
#6211=CIRCLE('',#8710,0.0025);
#6212=CIRCLE('',#8713,0.0025);
#6213=CIRCLE('',#8716,0.0025);
#6214=CIRCLE('',#8719,0.0025);
#6215=CIRCLE('',#8724,0.0025);
#6216=CIRCLE('',#8727,0.0025);
#6217=CIRCLE('',#8730,0.0025);
#6218=CIRCLE('',#8733,0.0025);
#6219=CIRCLE('',#8737,0.0025);
#6220=CIRCLE('',#8740,0.0025);
#6221=CIRCLE('',#8743,0.0025);
#6222=CIRCLE('',#8746,0.0025);
#6223=CIRCLE('',#8749,0.0025);
#6224=CIRCLE('',#8752,0.0025);
#6225=CIRCLE('',#8755,0.0025);
#6226=CIRCLE('',#8758,0.0025);
#6227=CIRCLE('',#8762,0.0025);
#6228=CIRCLE('',#8767,0.0025);
#6229=EDGE_LOOP('',(#1760,#1761,#1762,#1763,#1764,#1765,#1766,#1767));
#6230=EDGE_LOOP('',(#1768,#1769,#1770,#1771,#1772,#1773,#1774,#1775,#1776,
#1777,#1778,#1779,#1780,#1781,#1782,#1783,#1784,#1785,#1786,#1787,#1788,
#1789,#1790,#1791,#1792,#1793,#1794,#1795,#1796,#1797,#1798,#1799,#1800,
#1801,#1802,#1803,#1804,#1805,#1806,#1807,#1808,#1809,#1810,#1811,#1812,
#1813,#1814,#1815,#1816,#1817,#1818,#1819,#1820,#1821,#1822,#1823,#1824,
#1825,#1826,#1827,#1828,#1829,#1830,#1831,#1832,#1833,#1834,#1835,#1836,
#1837,#1838,#1839,#1840,#1841,#1842,#1843));
#6231=EDGE_LOOP('',(#1844,#1845,#1846,#1847,#1848,#1849));
#6232=EDGE_LOOP('',(#1850,#1851,#1852,#1853,#1854,#1855,#1856));
#6233=EDGE_LOOP('',(#1857,#1858,#1859,#1860,#1861));
#6234=EDGE_LOOP('',(#1862,#1863,#1864,#1865,#1866,#1867));
#6235=EDGE_LOOP('',(#1868,#1869,#1870,#1871,#1872));
#6236=EDGE_LOOP('',(#1873,#1874,#1875,#1876,#1877,#1878,#1879));
#6237=EDGE_LOOP('',(#1880,#1881,#1882));
#6238=EDGE_LOOP('',(#1883,#1884,#1885));
#6239=EDGE_LOOP('',(#1886,#1887,#1888));
#6240=EDGE_LOOP('',(#1889,#1890,#1891,#1892,#1893,#1894,#1895,#1896));
#6241=EDGE_LOOP('',(#1897,#1898,#1899,#1900,#1901,#1902,#1903,#1904,#1905,
#1906));
#6242=EDGE_LOOP('',(#1907,#1908,#1909,#1910));
#6243=EDGE_LOOP('',(#1911,#1912,#1913,#1914,#1915,#1916,#1917));
#6244=EDGE_LOOP('',(#1918,#1919,#1920,#1921,#1922,#1923,#1924));
#6245=EDGE_LOOP('',(#1925,#1926,#1927,#1928));
#6246=EDGE_LOOP('',(#1929));
#6247=EDGE_LOOP('',(#1930));
#6248=EDGE_LOOP('',(#1931));
#6249=EDGE_LOOP('',(#1932));
#6250=EDGE_LOOP('',(#1933,#1934,#1935,#1936,#1937,#1938,#1939,#1940));
#6251=EDGE_LOOP('',(#1941,#1942,#1943,#1944,#1945,#1946,#1947,#1948));
#6252=EDGE_LOOP('',(#1949));
#6253=EDGE_LOOP('',(#1950));
#6254=EDGE_LOOP('',(#1951));
#6255=EDGE_LOOP('',(#1952));
#6256=EDGE_LOOP('',(#1953,#1954,#1955,#1956,#1957));
#6257=EDGE_LOOP('',(#1958));
#6258=EDGE_LOOP('',(#1959));
#6259=EDGE_LOOP('',(#1960));
#6260=EDGE_LOOP('',(#1961));
#6261=EDGE_LOOP('',(#1962));
#6262=EDGE_LOOP('',(#1963,#1964,#1965,#1966,#1967));
#6263=EDGE_LOOP('',(#1968));
#6264=EDGE_LOOP('',(#1969));
#6265=EDGE_LOOP('',(#1970));
#6266=EDGE_LOOP('',(#1971));
#6267=EDGE_LOOP('',(#1972));
#6268=EDGE_LOOP('',(#1973,#1974,#1975,#1976,#1977));
#6269=EDGE_LOOP('',(#1978));
#6270=EDGE_LOOP('',(#1979));
#6271=EDGE_LOOP('',(#1980));
#6272=EDGE_LOOP('',(#1981));
#6273=EDGE_LOOP('',(#1982));
#6274=EDGE_LOOP('',(#1983,#1984,#1985,#1986,#1987));
#6275=EDGE_LOOP('',(#1988));
#6276=EDGE_LOOP('',(#1989,#1990,#1991,#1992));
#6277=EDGE_LOOP('',(#1993,#1994,#1995,#1996));
#6278=EDGE_LOOP('',(#1997,#1998,#1999,#2000));
#6279=EDGE_LOOP('',(#2001,#2002,#2003,#2004));
#6280=EDGE_LOOP('',(#2005,#2006,#2007,#2008));
#6281=EDGE_LOOP('',(#2009,#2010,#2011,#2012));
#6282=EDGE_LOOP('',(#2013,#2014,#2015,#2016));
#6283=EDGE_LOOP('',(#2017,#2018,#2019,#2020));
#6284=EDGE_LOOP('',(#2021,#2022,#2023));
#6285=EDGE_LOOP('',(#2024));
#6286=EDGE_LOOP('',(#2025));
#6287=EDGE_LOOP('',(#2026));
#6288=EDGE_LOOP('',(#2027));
#6289=EDGE_LOOP('',(#2028));
#6290=EDGE_LOOP('',(#2029));
#6291=EDGE_LOOP('',(#2030,#2031,#2032,#2033));
#6292=EDGE_LOOP('',(#2034));
#6293=EDGE_LOOP('',(#2035));
#6294=EDGE_LOOP('',(#2036));
#6295=EDGE_LOOP('',(#2037));
#6296=EDGE_LOOP('',(#2038));
#6297=EDGE_LOOP('',(#2039));
#6298=EDGE_LOOP('',(#2040));
#6299=EDGE_LOOP('',(#2041));
#6300=EDGE_LOOP('',(#2042));
#6301=EDGE_LOOP('',(#2043));
#6302=EDGE_LOOP('',(#2044));
#6303=EDGE_LOOP('',(#2045));
#6304=EDGE_LOOP('',(#2046));
#6305=EDGE_LOOP('',(#2047));
#6306=EDGE_LOOP('',(#2048));
#6307=EDGE_LOOP('',(#2049));
#6308=EDGE_LOOP('',(#2050));
#6309=EDGE_LOOP('',(#2051));
#6310=EDGE_LOOP('',(#2052));
#6311=EDGE_LOOP('',(#2053));
#6312=EDGE_LOOP('',(#2054));
#6313=EDGE_LOOP('',(#2055));
#6314=EDGE_LOOP('',(#2056));
#6315=EDGE_LOOP('',(#2057));
#6316=EDGE_LOOP('',(#2058));
#6317=EDGE_LOOP('',(#2059));
#6318=EDGE_LOOP('',(#2060));
#6319=EDGE_LOOP('',(#2061));
#6320=EDGE_LOOP('',(#2062));
#6321=EDGE_LOOP('',(#2063));
#6322=EDGE_LOOP('',(#2064));
#6323=EDGE_LOOP('',(#2065));
#6324=EDGE_LOOP('',(#2066));
#6325=EDGE_LOOP('',(#2067));
#6326=EDGE_LOOP('',(#2068));
#6327=EDGE_LOOP('',(#2069));
#6328=EDGE_LOOP('',(#2070));
#6329=EDGE_LOOP('',(#2071));
#6330=EDGE_LOOP('',(#2072));
#6331=EDGE_LOOP('',(#2073));
#6332=EDGE_LOOP('',(#2074));
#6333=EDGE_LOOP('',(#2075));
#6334=EDGE_LOOP('',(#2076,#2077,#2078,#2079));
#6335=EDGE_LOOP('',(#2080,#2081,#2082,#2083));
#6336=EDGE_LOOP('',(#2084,#2085,#2086));
#6337=EDGE_LOOP('',(#2087,#2088,#2089,#2090));
#6338=EDGE_LOOP('',(#2091,#2092,#2093,#2094));
#6339=EDGE_LOOP('',(#2095,#2096,#2097,#2098));
#6340=EDGE_LOOP('',(#2099,#2100,#2101,#2102));
#6341=EDGE_LOOP('',(#2103,#2104,#2105,#2106));
#6342=EDGE_LOOP('',(#2107,#2108,#2109,#2110));
#6343=EDGE_LOOP('',(#2111,#2112,#2113,#2114));
#6344=EDGE_LOOP('',(#2115,#2116,#2117,#2118));
#6345=EDGE_LOOP('',(#2119,#2120,#2121));
#6346=EDGE_LOOP('',(#2122,#2123,#2124));
#6347=EDGE_LOOP('',(#2125,#2126,#2127,#2128));
#6348=EDGE_LOOP('',(#2129,#2130,#2131,#2132));
#6349=EDGE_LOOP('',(#2133,#2134,#2135,#2136));
#6350=EDGE_LOOP('',(#2137,#2138,#2139,#2140));
#6351=EDGE_LOOP('',(#2141,#2142,#2143,#2144));
#6352=EDGE_LOOP('',(#2145,#2146,#2147));
#6353=EDGE_LOOP('',(#2148,#2149,#2150,#2151));
#6354=EDGE_LOOP('',(#2152,#2153,#2154,#2155,#2156,#2157,#2158,#2159));
#6355=EDGE_LOOP('',(#2160,#2161,#2162,#2163,#2164,#2165,#2166,#2167));
#6356=EDGE_LOOP('',(#2168,#2169,#2170,#2171,#2172,#2173));
#6357=EDGE_LOOP('',(#2174,#2175,#2176,#2177,#2178,#2179));
#6358=EDGE_LOOP('',(#2180,#2181,#2182,#2183,#2184,#2185));
#6359=EDGE_LOOP('',(#2186,#2187,#2188,#2189,#2190,#2191));
#6360=EDGE_LOOP('',(#2192,#2193,#2194,#2195,#2196,#2197));
#6361=EDGE_LOOP('',(#2198,#2199,#2200,#2201,#2202,#2203));
#6362=EDGE_LOOP('',(#2204,#2205,#2206,#2207,#2208));
#6363=EDGE_LOOP('',(#2209,#2210,#2211,#2212,#2213,#2214));
#6364=EDGE_LOOP('',(#2215,#2216,#2217,#2218,#2219,#2220));
#6365=EDGE_LOOP('',(#2221,#2222,#2223,#2224,#2225,#2226,#2227,#2228));
#6366=EDGE_LOOP('',(#2229,#2230,#2231,#2232,#2233,#2234,#2235,#2236));
#6367=EDGE_LOOP('',(#2237,#2238,#2239,#2240,#2241,#2242,#2243,#2244));
#6368=EDGE_LOOP('',(#2245,#2246,#2247,#2248,#2249,#2250,#2251,#2252));
#6369=EDGE_LOOP('',(#2253,#2254,#2255,#2256,#2257,#2258));
#6370=EDGE_LOOP('',(#2259,#2260,#2261,#2262,#2263,#2264,#2265,#2266));
#6371=EDGE_LOOP('',(#2267,#2268,#2269,#2270,#2271,#2272,#2273,#2274));
#6372=EDGE_LOOP('',(#2275,#2276,#2277,#2278,#2279,#2280,#2281,#2282));
#6373=EDGE_LOOP('',(#2283,#2284,#2285,#2286,#2287,#2288,#2289,#2290));
#6374=EDGE_LOOP('',(#2291,#2292,#2293,#2294,#2295,#2296,#2297,#2298));
#6375=EDGE_LOOP('',(#2299,#2300,#2301,#2302,#2303,#2304));
#6376=EDGE_LOOP('',(#2305,#2306,#2307,#2308,#2309,#2310,#2311,#2312));
#6377=EDGE_LOOP('',(#2313,#2314,#2315,#2316,#2317,#2318));
#6378=EDGE_LOOP('',(#2319,#2320,#2321,#2322,#2323,#2324,#2325,#2326));
#6379=EDGE_LOOP('',(#2327,#2328,#2329,#2330,#2331,#2332,#2333,#2334));
#6380=EDGE_LOOP('',(#2335,#2336,#2337,#2338,#2339,#2340,#2341,#2342));
#6381=EDGE_LOOP('',(#2343,#2344,#2345,#2346,#2347,#2348,#2349,#2350));
#6382=EDGE_LOOP('',(#2351,#2352,#2353,#2354,#2355,#2356,#2357,#2358));
#6383=EDGE_LOOP('',(#2359,#2360,#2361,#2362,#2363,#2364,#2365,#2366));
#6384=EDGE_LOOP('',(#2367,#2368,#2369,#2370,#2371,#2372,#2373,#2374));
#6385=EDGE_LOOP('',(#2375,#2376,#2377,#2378,#2379,#2380,#2381,#2382));
#6386=EDGE_LOOP('',(#2383,#2384,#2385,#2386,#2387,#2388));
#6387=EDGE_LOOP('',(#2389,#2390,#2391,#2392,#2393));
#6388=EDGE_LOOP('',(#2394,#2395,#2396,#2397,#2398,#2399,#2400,#2401));
#6389=EDGE_LOOP('',(#2402,#2403,#2404,#2405,#2406,#2407,#2408,#2409,#2410,
#2411,#2412,#2413,#2414,#2415,#2416,#2417,#2418,#2419,#2420,#2421,#2422,
#2423,#2424,#2425,#2426,#2427,#2428,#2429,#2430,#2431,#2432,#2433,#2434,
#2435,#2436,#2437,#2438,#2439,#2440,#2441,#2442,#2443,#2444,#2445,#2446,
#2447,#2448,#2449,#2450,#2451,#2452,#2453,#2454,#2455,#2456,#2457,#2458,
#2459,#2460,#2461,#2462,#2463,#2464,#2465,#2466,#2467,#2468,#2469,#2470,
#2471,#2472,#2473));
#6390=EDGE_LOOP('',(#2474,#2475,#2476,#2477));
#6391=EDGE_LOOP('',(#2478,#2479,#2480));
#6392=EDGE_LOOP('',(#2481,#2482,#2483));
#6393=EDGE_LOOP('',(#2484,#2485,#2486,#2487));
#6394=EDGE_LOOP('',(#2488,#2489,#2490,#2491));
#6395=EDGE_LOOP('',(#2492,#2493,#2494,#2495));
#6396=EDGE_LOOP('',(#2496,#2497,#2498,#2499));
#6397=EDGE_LOOP('',(#2500,#2501,#2502));
#6398=EDGE_LOOP('',(#2503,#2504,#2505,#2506));
#6399=EDGE_LOOP('',(#2507,#2508,#2509,#2510,#2511));
#6400=EDGE_LOOP('',(#2512,#2513,#2514,#2515,#2516));
#6401=EDGE_LOOP('',(#2517,#2518,#2519,#2520));
#6402=EDGE_LOOP('',(#2521,#2522,#2523));
#6403=EDGE_LOOP('',(#2524,#2525,#2526,#2527));
#6404=EDGE_LOOP('',(#2528,#2529,#2530,#2531));
#6405=EDGE_LOOP('',(#2532,#2533,#2534,#2535));
#6406=EDGE_LOOP('',(#2536,#2537,#2538));
#6407=EDGE_LOOP('',(#2539,#2540,#2541));
#6408=EDGE_LOOP('',(#2542,#2543,#2544));
#6409=EDGE_LOOP('',(#2545,#2546,#2547,#2548));
#6410=EDGE_LOOP('',(#2549,#2550,#2551,#2552,#2553));
#6411=EDGE_LOOP('',(#2554,#2555,#2556,#2557,#2558));
#6412=EDGE_LOOP('',(#2559,#2560,#2561,#2562));
#6413=EDGE_LOOP('',(#2563,#2564,#2565));
#6414=EDGE_LOOP('',(#2566,#2567,#2568,#2569));
#6415=EDGE_LOOP('',(#2570,#2571,#2572));
#6416=EDGE_LOOP('',(#2573,#2574,#2575));
#6417=EDGE_LOOP('',(#2576,#2577,#2578,#2579));
#6418=EDGE_LOOP('',(#2580,#2581,#2582,#2583,#2584));
#6419=EDGE_LOOP('',(#2585,#2586,#2587,#2588,#2589));
#6420=EDGE_LOOP('',(#2590,#2591,#2592,#2593));
#6421=EDGE_LOOP('',(#2594,#2595,#2596,#2597));
#6422=EDGE_LOOP('',(#2598,#2599,#2600,#2601,#2602));
#6423=EDGE_LOOP('',(#2603,#2604,#2605,#2606));
#6424=EDGE_LOOP('',(#2607,#2608,#2609));
#6425=EDGE_LOOP('',(#2610,#2611,#2612));
#6426=EDGE_LOOP('',(#2613,#2614,#2615,#2616,#2617));
#6427=EDGE_LOOP('',(#2618,#2619,#2620,#2621));
#6428=EDGE_LOOP('',(#2622,#2623,#2624));
#6429=EDGE_LOOP('',(#2625,#2626,#2627,#2628));
#6430=EDGE_LOOP('',(#2629,#2630,#2631,#2632,#2633));
#6431=EDGE_LOOP('',(#2634,#2635,#2636,#2637,#2638));
#6432=EDGE_LOOP('',(#2639,#2640,#2641,#2642));
#6433=EDGE_LOOP('',(#2643,#2644,#2645));
#6434=EDGE_LOOP('',(#2646,#2647,#2648,#2649));
#6435=EDGE_LOOP('',(#2650,#2651,#2652));
#6436=EDGE_LOOP('',(#2653,#2654,#2655,#2656));
#6437=EDGE_LOOP('',(#2657,#2658,#2659,#2660,#2661));
#6438=EDGE_LOOP('',(#2662,#2663,#2664,#2665,#2666));
#6439=EDGE_LOOP('',(#2667,#2668,#2669,#2670));
#6440=EDGE_LOOP('',(#2671,#2672,#2673));
#6441=EDGE_LOOP('',(#2674,#2675,#2676,#2677));
#6442=EDGE_LOOP('',(#2678,#2679,#2680));
#6443=EDGE_LOOP('',(#2681,#2682,#2683,#2684));
#6444=EDGE_LOOP('',(#2685,#2686,#2687,#2688,#2689));
#6445=EDGE_LOOP('',(#2690,#2691,#2692,#2693,#2694));
#6446=EDGE_LOOP('',(#2695,#2696,#2697,#2698));
#6447=EDGE_LOOP('',(#2699,#2700,#2701));
#6448=EDGE_LOOP('',(#2702,#2703,#2704,#2705));
#6449=EDGE_LOOP('',(#2706,#2707,#2708));
#6450=EDGE_LOOP('',(#2709,#2710,#2711,#2712));
#6451=EDGE_LOOP('',(#2713,#2714,#2715,#2716,#2717));
#6452=EDGE_LOOP('',(#2718,#2719,#2720,#2721,#2722));
#6453=EDGE_LOOP('',(#2723,#2724,#2725,#2726));
#6454=EDGE_LOOP('',(#2727,#2728,#2729));
#6455=EDGE_LOOP('',(#2730,#2731,#2732,#2733));
#6456=EDGE_LOOP('',(#2734,#2735,#2736));
#6457=EDGE_LOOP('',(#2737,#2738,#2739,#2740));
#6458=EDGE_LOOP('',(#2741,#2742,#2743));
#6459=EDGE_LOOP('',(#2744,#2745,#2746,#2747));
#6460=EDGE_LOOP('',(#2748,#2749,#2750,#2751));
#6461=EDGE_LOOP('',(#2752,#2753,#2754,#2755));
#6462=EDGE_LOOP('',(#2756,#2757,#2758,#2759));
#6463=EDGE_LOOP('',(#2760,#2761,#2762,#2763));
#6464=EDGE_LOOP('',(#2764,#2765,#2766,#2767));
#6465=EDGE_LOOP('',(#2768,#2769,#2770,#2771));
#6466=EDGE_LOOP('',(#2772,#2773,#2774,#2775));
#6467=EDGE_LOOP('',(#2776,#2777,#2778,#2779));
#6468=EDGE_LOOP('',(#2780,#2781,#2782,#2783,#2784,#2785,#2786,#2787));
#6469=EDGE_LOOP('',(#2788,#2789,#2790,#2791));
#6470=EDGE_LOOP('',(#2792,#2793,#2794,#2795));
#6471=EDGE_LOOP('',(#2796,#2797,#2798,#2799));
#6472=EDGE_LOOP('',(#2800,#2801,#2802,#2803));
#6473=EDGE_LOOP('',(#2804,#2805,#2806,#2807));
#6474=EDGE_LOOP('',(#2808,#2809,#2810,#2811));
#6475=EDGE_LOOP('',(#2812,#2813,#2814,#2815,#2816,#2817));
#6476=EDGE_LOOP('',(#2818,#2819,#2820,#2821));
#6477=EDGE_LOOP('',(#2822,#2823,#2824,#2825));
#6478=EDGE_LOOP('',(#2826,#2827,#2828,#2829));
#6479=EDGE_LOOP('',(#2830,#2831,#2832,#2833));
#6480=EDGE_LOOP('',(#2834,#2835,#2836,#2837));
#6481=EDGE_LOOP('',(#2838,#2839,#2840,#2841,#2842));
#6482=EDGE_LOOP('',(#2843,#2844,#2845,#2846));
#6483=EDGE_LOOP('',(#2847,#2848,#2849,#2850));
#6484=EDGE_LOOP('',(#2851,#2852,#2853,#2854));
#6485=EDGE_LOOP('',(#2855,#2856,#2857,#2858));
#6486=EDGE_LOOP('',(#2859,#2860,#2861,#2862));
#6487=EDGE_LOOP('',(#2863,#2864,#2865,#2866));
#6488=EDGE_LOOP('',(#2867,#2868,#2869,#2870,#2871,#2872));
#6489=EDGE_LOOP('',(#2873,#2874,#2875,#2876));
#6490=EDGE_LOOP('',(#2877,#2878,#2879,#2880));
#6491=EDGE_LOOP('',(#2881,#2882,#2883,#2884));
#6492=EDGE_LOOP('',(#2885,#2886,#2887,#2888));
#6493=EDGE_LOOP('',(#2889,#2890,#2891,#2892));
#6494=EDGE_LOOP('',(#2893,#2894,#2895,#2896));
#6495=EDGE_LOOP('',(#2897,#2898,#2899,#2900,#2901,#2902));
#6496=EDGE_LOOP('',(#2903,#2904,#2905,#2906));
#6497=EDGE_LOOP('',(#2907,#2908,#2909,#2910));
#6498=EDGE_LOOP('',(#2911,#2912,#2913,#2914));
#6499=EDGE_LOOP('',(#2915,#2916,#2917,#2918));
#6500=EDGE_LOOP('',(#2919,#2920,#2921,#2922));
#6501=EDGE_LOOP('',(#2923,#2924,#2925,#2926));
#6502=EDGE_LOOP('',(#2927,#2928,#2929,#2930,#2931,#2932));
#6503=EDGE_LOOP('',(#2933,#2934,#2935,#2936));
#6504=EDGE_LOOP('',(#2937,#2938,#2939,#2940));
#6505=EDGE_LOOP('',(#2941,#2942,#2943,#2944));
#6506=EDGE_LOOP('',(#2945,#2946,#2947,#2948));
#6507=EDGE_LOOP('',(#2949,#2950,#2951,#2952));
#6508=EDGE_LOOP('',(#2953,#2954,#2955,#2956));
#6509=EDGE_LOOP('',(#2957,#2958,#2959,#2960,#2961,#2962));
#6510=EDGE_LOOP('',(#2963,#2964,#2965,#2966));
#6511=EDGE_LOOP('',(#2967,#2968,#2969,#2970));
#6512=EDGE_LOOP('',(#2971,#2972,#2973,#2974));
#6513=EDGE_LOOP('',(#2975,#2976,#2977,#2978));
#6514=EDGE_LOOP('',(#2979,#2980,#2981,#2982));
#6515=EDGE_LOOP('',(#2983,#2984,#2985,#2986));
#6516=EDGE_LOOP('',(#2987,#2988,#2989,#2990,#2991,#2992));
#6517=EDGE_LOOP('',(#2993,#2994,#2995,#2996));
#6518=EDGE_LOOP('',(#2997,#2998,#2999,#3000));
#6519=EDGE_LOOP('',(#3001,#3002,#3003,#3004));
#6520=EDGE_LOOP('',(#3005,#3006,#3007,#3008));
#6521=EDGE_LOOP('',(#3009,#3010,#3011,#3012));
#6522=EDGE_LOOP('',(#3013,#3014,#3015,#3016));
#6523=EDGE_LOOP('',(#3017,#3018,#3019,#3020,#3021,#3022));
#6524=EDGE_LOOP('',(#3023,#3024,#3025,#3026));
#6525=EDGE_LOOP('',(#3027,#3028,#3029,#3030));
#6526=EDGE_LOOP('',(#3031,#3032,#3033,#3034));
#6527=EDGE_LOOP('',(#3035,#3036,#3037,#3038));
#6528=EDGE_LOOP('',(#3039,#3040,#3041,#3042));
#6529=EDGE_LOOP('',(#3043,#3044,#3045,#3046,#3047));
#6530=EDGE_LOOP('',(#3048,#3049,#3050,#3051));
#6531=EDGE_LOOP('',(#3052,#3053,#3054,#3055));
#6532=EDGE_LOOP('',(#3056,#3057,#3058,#3059));
#6533=EDGE_LOOP('',(#3060,#3061,#3062,#3063));
#6534=EDGE_LOOP('',(#3064,#3065,#3066,#3067));
#6535=EDGE_LOOP('',(#3068,#3069,#3070,#3071));
#6536=EDGE_LOOP('',(#3072,#3073,#3074,#3075,#3076,#3077));
#6537=EDGE_LOOP('',(#3078,#3079,#3080,#3081));
#6538=EDGE_LOOP('',(#3082,#3083,#3084,#3085));
#6539=EDGE_LOOP('',(#3086,#3087,#3088,#3089));
#6540=EDGE_LOOP('',(#3090,#3091,#3092,#3093));
#6541=EDGE_LOOP('',(#3094,#3095,#3096,#3097));
#6542=EDGE_LOOP('',(#3098,#3099,#3100,#3101));
#6543=EDGE_LOOP('',(#3102,#3103,#3104,#3105));
#6544=EDGE_LOOP('',(#3106,#3107,#3108,#3109));
#6545=EDGE_LOOP('',(#3110,#3111,#3112,#3113,#3114,#3115,#3116,#3117));
#6546=EDGE_LOOP('',(#3118,#3119,#3120,#3121));
#6547=EDGE_LOOP('',(#3122,#3123,#3124,#3125));
#6548=EDGE_LOOP('',(#3126,#3127,#3128,#3129));
#6549=EDGE_LOOP('',(#3130,#3131,#3132,#3133));
#6550=EDGE_LOOP('',(#3134,#3135,#3136,#3137));
#6551=EDGE_LOOP('',(#3138,#3139,#3140,#3141));
#6552=EDGE_LOOP('',(#3142,#3143,#3144,#3145));
#6553=EDGE_LOOP('',(#3146,#3147,#3148,#3149));
#6554=EDGE_LOOP('',(#3150,#3151,#3152,#3153,#3154,#3155,#3156,#3157));
#6555=EDGE_LOOP('',(#3158,#3159,#3160,#3161));
#6556=EDGE_LOOP('',(#3162,#3163,#3164,#3165));
#6557=EDGE_LOOP('',(#3166,#3167,#3168,#3169));
#6558=EDGE_LOOP('',(#3170,#3171,#3172,#3173));
#6559=EDGE_LOOP('',(#3174,#3175,#3176,#3177));
#6560=EDGE_LOOP('',(#3178,#3179,#3180,#3181));
#6561=EDGE_LOOP('',(#3182,#3183,#3184,#3185));
#6562=EDGE_LOOP('',(#3186,#3187,#3188,#3189));
#6563=EDGE_LOOP('',(#3190,#3191,#3192,#3193,#3194,#3195,#3196,#3197));
#6564=EDGE_LOOP('',(#3198,#3199,#3200,#3201));
#6565=EDGE_LOOP('',(#3202,#3203,#3204,#3205));
#6566=EDGE_LOOP('',(#3206,#3207,#3208,#3209));
#6567=EDGE_LOOP('',(#3210,#3211,#3212,#3213));
#6568=EDGE_LOOP('',(#3214,#3215,#3216,#3217));
#6569=EDGE_LOOP('',(#3218,#3219,#3220,#3221));
#6570=EDGE_LOOP('',(#3222,#3223,#3224,#3225));
#6571=EDGE_LOOP('',(#3226,#3227,#3228,#3229));
#6572=EDGE_LOOP('',(#3230,#3231,#3232,#3233,#3234,#3235,#3236,#3237));
#6573=EDGE_LOOP('',(#3238,#3239,#3240,#3241));
#6574=EDGE_LOOP('',(#3242,#3243,#3244,#3245));
#6575=EDGE_LOOP('',(#3246,#3247,#3248,#3249));
#6576=EDGE_LOOP('',(#3250,#3251,#3252,#3253));
#6577=EDGE_LOOP('',(#3254,#3255,#3256,#3257));
#6578=EDGE_LOOP('',(#3258,#3259,#3260,#3261));
#6579=EDGE_LOOP('',(#3262,#3263,#3264,#3265));
#6580=EDGE_LOOP('',(#3266,#3267,#3268,#3269));
#6581=EDGE_LOOP('',(#3270,#3271,#3272,#3273,#3274,#3275,#3276,#3277));
#6582=EDGE_LOOP('',(#3278,#3279,#3280,#3281));
#6583=EDGE_LOOP('',(#3282,#3283,#3284,#3285));
#6584=EDGE_LOOP('',(#3286,#3287,#3288,#3289));
#6585=EDGE_LOOP('',(#3290,#3291,#3292,#3293));
#6586=EDGE_LOOP('',(#3294,#3295,#3296,#3297));
#6587=EDGE_LOOP('',(#3298,#3299,#3300,#3301));
#6588=EDGE_LOOP('',(#3302,#3303,#3304,#3305));
#6589=EDGE_LOOP('',(#3306,#3307,#3308,#3309));
#6590=EDGE_LOOP('',(#3310,#3311,#3312,#3313,#3314,#3315,#3316,#3317));
#6591=EDGE_LOOP('',(#3318,#3319,#3320,#3321));
#6592=EDGE_LOOP('',(#3322,#3323,#3324,#3325));
#6593=EDGE_LOOP('',(#3326,#3327,#3328,#3329));
#6594=EDGE_LOOP('',(#3330,#3331,#3332,#3333));
#6595=EDGE_LOOP('',(#3334,#3335,#3336,#3337));
#6596=EDGE_LOOP('',(#3338,#3339,#3340,#3341));
#6597=EDGE_LOOP('',(#3342,#3343,#3344,#3345));
#6598=EDGE_LOOP('',(#3346,#3347,#3348,#3349));
#6599=EDGE_LOOP('',(#3350,#3351,#3352,#3353,#3354,#3355,#3356,#3357));
#6600=EDGE_LOOP('',(#3358,#3359,#3360,#3361));
#6601=EDGE_LOOP('',(#3362,#3363,#3364,#3365));
#6602=EDGE_LOOP('',(#3366,#3367,#3368,#3369));
#6603=EDGE_LOOP('',(#3370,#3371,#3372,#3373));
#6604=EDGE_LOOP('',(#3374,#3375,#3376,#3377));
#6605=EDGE_LOOP('',(#3378,#3379,#3380,#3381));
#6606=EDGE_LOOP('',(#3382,#3383,#3384,#3385));
#6607=EDGE_LOOP('',(#3386,#3387,#3388,#3389));
#6608=EDGE_LOOP('',(#3390,#3391,#3392,#3393,#3394,#3395,#3396,#3397));
#6609=EDGE_LOOP('',(#3398,#3399,#3400,#3401));
#6610=EDGE_LOOP('',(#3402,#3403,#3404,#3405));
#6611=EDGE_LOOP('',(#3406,#3407,#3408,#3409));
#6612=EDGE_LOOP('',(#3410,#3411,#3412,#3413));
#6613=EDGE_LOOP('',(#3414,#3415,#3416,#3417));
#6614=EDGE_LOOP('',(#3418,#3419,#3420,#3421));
#6615=EDGE_LOOP('',(#3422,#3423,#3424,#3425,#3426,#3427));
#6616=EDGE_LOOP('',(#3428,#3429,#3430,#3431));
#6617=EDGE_LOOP('',(#3432,#3433,#3434,#3435));
#6618=EDGE_LOOP('',(#3436,#3437,#3438,#3439));
#6619=EDGE_LOOP('',(#3440,#3441,#3442,#3443));
#6620=EDGE_LOOP('',(#3444,#3445,#3446,#3447));
#6621=EDGE_LOOP('',(#3448,#3449,#3450,#3451));
#6622=EDGE_LOOP('',(#3452,#3453,#3454,#3455));
#6623=EDGE_LOOP('',(#3456,#3457,#3458,#3459));
#6624=EDGE_LOOP('',(#3460,#3461,#3462,#3463,#3464,#3465,#3466,#3467));
#6625=EDGE_LOOP('',(#3468,#3469,#3470,#3471));
#6626=EDGE_LOOP('',(#3472,#3473,#3474,#3475));
#6627=EDGE_LOOP('',(#3476,#3477,#3478,#3479));
#6628=EDGE_LOOP('',(#3480,#3481,#3482,#3483));
#6629=EDGE_LOOP('',(#3484,#3485,#3486,#3487));
#6630=EDGE_LOOP('',(#3488,#3489,#3490,#3491));
#6631=EDGE_LOOP('',(#3492,#3493,#3494,#3495,#3496,#3497));
#6632=EDGE_LOOP('',(#3498,#3499,#3500,#3501));
#6633=EDGE_LOOP('',(#3502,#3503,#3504,#3505));
#6634=EDGE_LOOP('',(#3506,#3507,#3508,#3509));
#6635=EDGE_LOOP('',(#3510,#3511,#3512,#3513));
#6636=EDGE_LOOP('',(#3514,#3515,#3516,#3517));
#6637=EDGE_LOOP('',(#3518,#3519,#3520,#3521));
#6638=EDGE_LOOP('',(#3522,#3523,#3524,#3525));
#6639=EDGE_LOOP('',(#3526,#3527,#3528,#3529));
#6640=EDGE_LOOP('',(#3530,#3531,#3532,#3533,#3534,#3535,#3536,#3537));
#6641=EDGE_LOOP('',(#3538,#3539,#3540,#3541));
#6642=EDGE_LOOP('',(#3542,#3543,#3544,#3545));
#6643=EDGE_LOOP('',(#3546,#3547,#3548,#3549));
#6644=EDGE_LOOP('',(#3550,#3551,#3552,#3553));
#6645=EDGE_LOOP('',(#3554,#3555,#3556,#3557));
#6646=EDGE_LOOP('',(#3558,#3559,#3560,#3561));
#6647=EDGE_LOOP('',(#3562,#3563,#3564,#3565));
#6648=EDGE_LOOP('',(#3566,#3567,#3568,#3569));
#6649=EDGE_LOOP('',(#3570,#3571,#3572,#3573,#3574,#3575,#3576,#3577));
#6650=EDGE_LOOP('',(#3578,#3579,#3580,#3581));
#6651=EDGE_LOOP('',(#3582,#3583,#3584,#3585));
#6652=EDGE_LOOP('',(#3586,#3587,#3588,#3589));
#6653=EDGE_LOOP('',(#3590,#3591,#3592,#3593));
#6654=EDGE_LOOP('',(#3594,#3595,#3596,#3597));
#6655=EDGE_LOOP('',(#3598,#3599,#3600,#3601));
#6656=EDGE_LOOP('',(#3602,#3603,#3604,#3605));
#6657=EDGE_LOOP('',(#3606,#3607,#3608,#3609));
#6658=EDGE_LOOP('',(#3610,#3611,#3612,#3613,#3614,#3615,#3616,#3617));
#6659=EDGE_LOOP('',(#3618,#3619,#3620,#3621));
#6660=EDGE_LOOP('',(#3622,#3623,#3624,#3625));
#6661=EDGE_LOOP('',(#3626,#3627,#3628,#3629));
#6662=EDGE_LOOP('',(#3630,#3631,#3632,#3633));
#6663=EDGE_LOOP('',(#3634,#3635,#3636,#3637));
#6664=EDGE_LOOP('',(#3638,#3639,#3640,#3641));
#6665=EDGE_LOOP('',(#3642,#3643,#3644,#3645));
#6666=EDGE_LOOP('',(#3646,#3647,#3648,#3649));
#6667=EDGE_LOOP('',(#3650,#3651,#3652,#3653,#3654,#3655,#3656,#3657));
#6668=EDGE_LOOP('',(#3658,#3659,#3660,#3661));
#6669=EDGE_LOOP('',(#3662,#3663,#3664,#3665));
#6670=EDGE_LOOP('',(#3666,#3667,#3668,#3669));
#6671=EDGE_LOOP('',(#3670,#3671,#3672,#3673));
#6672=EDGE_LOOP('',(#3674,#3675,#3676,#3677));
#6673=EDGE_LOOP('',(#3678,#3679,#3680,#3681));
#6674=EDGE_LOOP('',(#3682,#3683,#3684,#3685));
#6675=EDGE_LOOP('',(#3686,#3687,#3688,#3689));
#6676=EDGE_LOOP('',(#3690,#3691,#3692,#3693));
#6677=EDGE_LOOP('',(#3694,#3695,#3696,#3697));
#6678=EDGE_LOOP('',(#3698,#3699,#3700,#3701));
#6679=EDGE_LOOP('',(#3702,#3703,#3704,#3705,#3706,#3707,#3708,#3709));
#6680=EDGE_LOOP('',(#3710,#3711,#3712,#3713));
#6681=EDGE_LOOP('',(#3714,#3715,#3716,#3717));
#6682=EDGE_LOOP('',(#3718,#3719,#3720,#3721));
#6683=EDGE_LOOP('',(#3722,#3723,#3724,#3725));
#6684=EDGE_LOOP('',(#3726,#3727,#3728,#3729));
#6685=EDGE_LOOP('',(#3730,#3731,#3732,#3733));
#6686=EDGE_LOOP('',(#3734,#3735,#3736,#3737));
#6687=EDGE_LOOP('',(#3738,#3739,#3740,#3741));
#6688=EDGE_LOOP('',(#3742,#3743,#3744,#3745));
#6689=EDGE_LOOP('',(#3746,#3747,#3748,#3749));
#6690=EDGE_LOOP('',(#3750,#3751,#3752,#3753,#3754,#3755));
#6691=EDGE_LOOP('',(#3756,#3757,#3758,#3759));
#6692=EDGE_LOOP('',(#3760,#3761,#3762,#3763));
#6693=EDGE_LOOP('',(#3764,#3765,#3766,#3767));
#6694=EDGE_LOOP('',(#3768,#3769,#3770,#3771));
#6695=EDGE_LOOP('',(#3772,#3773,#3774,#3775));
#6696=EDGE_LOOP('',(#3776,#3777,#3778,#3779));
#6697=EDGE_LOOP('',(#3780,#3781,#3782,#3783));
#6698=EDGE_LOOP('',(#3784,#3785,#3786,#3787));
#6699=EDGE_LOOP('',(#3788,#3789,#3790,#3791,#3792,#3793,#3794,#3795));
#6700=EDGE_LOOP('',(#3796,#3797,#3798,#3799));
#6701=EDGE_LOOP('',(#3800,#3801,#3802,#3803));
#6702=EDGE_LOOP('',(#3804,#3805,#3806,#3807));
#6703=EDGE_LOOP('',(#3808,#3809,#3810,#3811));
#6704=EDGE_LOOP('',(#3812,#3813,#3814,#3815));
#6705=EDGE_LOOP('',(#3816,#3817,#3818,#3819));
#6706=EDGE_LOOP('',(#3820,#3821,#3822,#3823));
#6707=EDGE_LOOP('',(#3824,#3825,#3826,#3827));
#6708=EDGE_LOOP('',(#3828,#3829,#3830,#3831,#3832,#3833,#3834,#3835));
#6709=EDGE_LOOP('',(#3836,#3837,#3838,#3839));
#6710=EDGE_LOOP('',(#3840,#3841,#3842,#3843));
#6711=EDGE_LOOP('',(#3844,#3845,#3846,#3847));
#6712=EDGE_LOOP('',(#3848,#3849,#3850,#3851));
#6713=EDGE_LOOP('',(#3852,#3853,#3854,#3855));
#6714=EDGE_LOOP('',(#3856,#3857,#3858,#3859));
#6715=EDGE_LOOP('',(#3860,#3861,#3862,#3863));
#6716=EDGE_LOOP('',(#3864,#3865,#3866,#3867));
#6717=EDGE_LOOP('',(#3868,#3869,#3870,#3871,#3872,#3873,#3874,#3875));
#6718=EDGE_LOOP('',(#3876,#3877,#3878,#3879));
#6719=EDGE_LOOP('',(#3880,#3881,#3882,#3883));
#6720=EDGE_LOOP('',(#3884,#3885,#3886,#3887));
#6721=EDGE_LOOP('',(#3888,#3889,#3890,#3891));
#6722=EDGE_LOOP('',(#3892,#3893,#3894,#3895));
#6723=EDGE_LOOP('',(#3896,#3897,#3898,#3899));
#6724=EDGE_LOOP('',(#3900,#3901,#3902,#3903));
#6725=EDGE_LOOP('',(#3904,#3905,#3906,#3907));
#6726=EDGE_LOOP('',(#3908,#3909,#3910,#3911,#3912,#3913,#3914,#3915));
#6727=EDGE_LOOP('',(#3916,#3917,#3918,#3919));
#6728=EDGE_LOOP('',(#3920,#3921,#3922,#3923));
#6729=EDGE_LOOP('',(#3924,#3925,#3926,#3927));
#6730=EDGE_LOOP('',(#3928,#3929,#3930,#3931));
#6731=EDGE_LOOP('',(#3932,#3933,#3934,#3935));
#6732=EDGE_LOOP('',(#3936,#3937,#3938,#3939));
#6733=EDGE_LOOP('',(#3940,#3941,#3942,#3943));
#6734=EDGE_LOOP('',(#3944,#3945,#3946,#3947));
#6735=EDGE_LOOP('',(#3948,#3949,#3950,#3951,#3952,#3953,#3954,#3955));
#6736=EDGE_LOOP('',(#3956,#3957,#3958,#3959));
#6737=EDGE_LOOP('',(#3960,#3961,#3962,#3963));
#6738=EDGE_LOOP('',(#3964,#3965,#3966,#3967));
#6739=EDGE_LOOP('',(#3968,#3969,#3970,#3971));
#6740=EDGE_LOOP('',(#3972,#3973,#3974,#3975));
#6741=EDGE_LOOP('',(#3976,#3977,#3978,#3979));
#6742=EDGE_LOOP('',(#3980,#3981,#3982,#3983));
#6743=EDGE_LOOP('',(#3984,#3985,#3986,#3987));
#6744=EDGE_LOOP('',(#3988,#3989,#3990,#3991,#3992,#3993,#3994,#3995));
#6745=EDGE_LOOP('',(#3996,#3997,#3998,#3999));
#6746=EDGE_LOOP('',(#4000,#4001,#4002,#4003));
#6747=EDGE_LOOP('',(#4004,#4005,#4006,#4007));
#6748=EDGE_LOOP('',(#4008,#4009,#4010,#4011));
#6749=EDGE_LOOP('',(#4012,#4013,#4014,#4015));
#6750=EDGE_LOOP('',(#4016,#4017,#4018,#4019));
#6751=EDGE_LOOP('',(#4020,#4021,#4022,#4023,#4024,#4025));
#6752=FACE_BOUND('',#6229,.T.);
#6753=FACE_BOUND('',#6230,.T.);
#6754=FACE_BOUND('',#6231,.T.);
#6755=FACE_BOUND('',#6232,.T.);
#6756=FACE_BOUND('',#6233,.T.);
#6757=FACE_BOUND('',#6234,.T.);
#6758=FACE_BOUND('',#6235,.T.);
#6759=FACE_BOUND('',#6236,.T.);
#6760=FACE_BOUND('',#6237,.T.);
#6761=FACE_BOUND('',#6238,.T.);
#6762=FACE_BOUND('',#6239,.T.);
#6763=FACE_BOUND('',#6240,.T.);
#6764=FACE_BOUND('',#6241,.T.);
#6765=FACE_BOUND('',#6242,.T.);
#6766=FACE_BOUND('',#6243,.T.);
#6767=FACE_BOUND('',#6244,.T.);
#6768=FACE_BOUND('',#6245,.T.);
#6769=FACE_BOUND('',#6246,.T.);
#6770=FACE_BOUND('',#6247,.T.);
#6771=FACE_BOUND('',#6248,.T.);
#6772=FACE_BOUND('',#6249,.T.);
#6773=FACE_BOUND('',#6250,.T.);
#6774=FACE_BOUND('',#6251,.T.);
#6775=FACE_BOUND('',#6252,.T.);
#6776=FACE_BOUND('',#6253,.T.);
#6777=FACE_BOUND('',#6254,.T.);
#6778=FACE_BOUND('',#6255,.T.);
#6779=FACE_BOUND('',#6256,.T.);
#6780=FACE_BOUND('',#6257,.T.);
#6781=FACE_BOUND('',#6258,.T.);
#6782=FACE_BOUND('',#6259,.T.);
#6783=FACE_BOUND('',#6260,.T.);
#6784=FACE_BOUND('',#6261,.T.);
#6785=FACE_BOUND('',#6262,.T.);
#6786=FACE_BOUND('',#6263,.T.);
#6787=FACE_BOUND('',#6264,.T.);
#6788=FACE_BOUND('',#6265,.T.);
#6789=FACE_BOUND('',#6266,.T.);
#6790=FACE_BOUND('',#6267,.T.);
#6791=FACE_BOUND('',#6268,.T.);
#6792=FACE_BOUND('',#6269,.T.);
#6793=FACE_BOUND('',#6270,.T.);
#6794=FACE_BOUND('',#6271,.T.);
#6795=FACE_BOUND('',#6272,.T.);
#6796=FACE_BOUND('',#6273,.T.);
#6797=FACE_BOUND('',#6274,.T.);
#6798=FACE_BOUND('',#6275,.T.);
#6799=FACE_BOUND('',#6276,.T.);
#6800=FACE_BOUND('',#6277,.T.);
#6801=FACE_BOUND('',#6278,.T.);
#6802=FACE_BOUND('',#6279,.T.);
#6803=FACE_BOUND('',#6280,.T.);
#6804=FACE_BOUND('',#6281,.T.);
#6805=FACE_BOUND('',#6282,.T.);
#6806=FACE_BOUND('',#6283,.T.);
#6807=FACE_BOUND('',#6284,.T.);
#6808=FACE_BOUND('',#6285,.T.);
#6809=FACE_BOUND('',#6286,.T.);
#6810=FACE_BOUND('',#6287,.T.);
#6811=FACE_BOUND('',#6288,.T.);
#6812=FACE_BOUND('',#6289,.T.);
#6813=FACE_BOUND('',#6290,.T.);
#6814=FACE_BOUND('',#6291,.T.);
#6815=FACE_BOUND('',#6292,.T.);
#6816=FACE_BOUND('',#6293,.T.);
#6817=FACE_BOUND('',#6294,.T.);
#6818=FACE_BOUND('',#6295,.T.);
#6819=FACE_BOUND('',#6296,.T.);
#6820=FACE_BOUND('',#6297,.T.);
#6821=FACE_BOUND('',#6298,.T.);
#6822=FACE_BOUND('',#6299,.T.);
#6823=FACE_BOUND('',#6300,.T.);
#6824=FACE_BOUND('',#6301,.T.);
#6825=FACE_BOUND('',#6302,.T.);
#6826=FACE_BOUND('',#6303,.T.);
#6827=FACE_BOUND('',#6304,.T.);
#6828=FACE_BOUND('',#6305,.T.);
#6829=FACE_BOUND('',#6306,.T.);
#6830=FACE_BOUND('',#6307,.T.);
#6831=FACE_BOUND('',#6308,.T.);
#6832=FACE_BOUND('',#6309,.T.);
#6833=FACE_BOUND('',#6310,.T.);
#6834=FACE_BOUND('',#6311,.T.);
#6835=FACE_BOUND('',#6312,.T.);
#6836=FACE_BOUND('',#6313,.T.);
#6837=FACE_BOUND('',#6314,.T.);
#6838=FACE_BOUND('',#6315,.T.);
#6839=FACE_BOUND('',#6316,.T.);
#6840=FACE_BOUND('',#6317,.T.);
#6841=FACE_BOUND('',#6318,.T.);
#6842=FACE_BOUND('',#6319,.T.);
#6843=FACE_BOUND('',#6320,.T.);
#6844=FACE_BOUND('',#6321,.T.);
#6845=FACE_BOUND('',#6322,.T.);
#6846=FACE_BOUND('',#6323,.T.);
#6847=FACE_BOUND('',#6324,.T.);
#6848=FACE_BOUND('',#6325,.T.);
#6849=FACE_BOUND('',#6326,.T.);
#6850=FACE_BOUND('',#6327,.T.);
#6851=FACE_BOUND('',#6328,.T.);
#6852=FACE_BOUND('',#6329,.T.);
#6853=FACE_BOUND('',#6330,.T.);
#6854=FACE_BOUND('',#6331,.T.);
#6855=FACE_BOUND('',#6332,.T.);
#6856=FACE_BOUND('',#6333,.T.);
#6857=FACE_BOUND('',#6334,.T.);
#6858=FACE_BOUND('',#6335,.T.);
#6859=FACE_BOUND('',#6336,.T.);
#6860=FACE_BOUND('',#6337,.T.);
#6861=FACE_BOUND('',#6338,.T.);
#6862=FACE_BOUND('',#6339,.T.);
#6863=FACE_BOUND('',#6340,.T.);
#6864=FACE_BOUND('',#6341,.T.);
#6865=FACE_BOUND('',#6342,.T.);
#6866=FACE_BOUND('',#6343,.T.);
#6867=FACE_BOUND('',#6344,.T.);
#6868=FACE_BOUND('',#6345,.T.);
#6869=FACE_BOUND('',#6346,.T.);
#6870=FACE_BOUND('',#6347,.T.);
#6871=FACE_BOUND('',#6348,.T.);
#6872=FACE_BOUND('',#6349,.T.);
#6873=FACE_BOUND('',#6350,.T.);
#6874=FACE_BOUND('',#6351,.T.);
#6875=FACE_BOUND('',#6352,.T.);
#6876=FACE_BOUND('',#6353,.T.);
#6877=FACE_BOUND('',#6354,.T.);
#6878=FACE_BOUND('',#6355,.T.);
#6879=FACE_BOUND('',#6356,.T.);
#6880=FACE_BOUND('',#6357,.T.);
#6881=FACE_BOUND('',#6358,.T.);
#6882=FACE_BOUND('',#6359,.T.);
#6883=FACE_BOUND('',#6360,.T.);
#6884=FACE_BOUND('',#6361,.T.);
#6885=FACE_BOUND('',#6362,.T.);
#6886=FACE_BOUND('',#6363,.T.);
#6887=FACE_BOUND('',#6364,.T.);
#6888=FACE_BOUND('',#6365,.T.);
#6889=FACE_BOUND('',#6366,.T.);
#6890=FACE_BOUND('',#6367,.T.);
#6891=FACE_BOUND('',#6368,.T.);
#6892=FACE_BOUND('',#6369,.T.);
#6893=FACE_BOUND('',#6370,.T.);
#6894=FACE_BOUND('',#6371,.T.);
#6895=FACE_BOUND('',#6372,.T.);
#6896=FACE_BOUND('',#6373,.T.);
#6897=FACE_BOUND('',#6374,.T.);
#6898=FACE_BOUND('',#6375,.T.);
#6899=FACE_BOUND('',#6376,.T.);
#6900=FACE_BOUND('',#6377,.T.);
#6901=FACE_BOUND('',#6378,.T.);
#6902=FACE_BOUND('',#6379,.T.);
#6903=FACE_BOUND('',#6380,.T.);
#6904=FACE_BOUND('',#6381,.T.);
#6905=FACE_BOUND('',#6382,.T.);
#6906=FACE_BOUND('',#6383,.T.);
#6907=FACE_BOUND('',#6384,.T.);
#6908=FACE_BOUND('',#6385,.T.);
#6909=FACE_BOUND('',#6386,.T.);
#6910=FACE_BOUND('',#6387,.T.);
#6911=FACE_BOUND('',#6388,.T.);
#6912=FACE_BOUND('',#6389,.T.);
#6913=FACE_BOUND('',#6390,.T.);
#6914=FACE_BOUND('',#6391,.T.);
#6915=FACE_BOUND('',#6392,.T.);
#6916=FACE_BOUND('',#6393,.T.);
#6917=FACE_BOUND('',#6394,.T.);
#6918=FACE_BOUND('',#6395,.T.);
#6919=FACE_BOUND('',#6396,.T.);
#6920=FACE_BOUND('',#6397,.T.);
#6921=FACE_BOUND('',#6398,.T.);
#6922=FACE_BOUND('',#6399,.T.);
#6923=FACE_BOUND('',#6400,.T.);
#6924=FACE_BOUND('',#6401,.T.);
#6925=FACE_BOUND('',#6402,.T.);
#6926=FACE_BOUND('',#6403,.T.);
#6927=FACE_BOUND('',#6404,.T.);
#6928=FACE_BOUND('',#6405,.T.);
#6929=FACE_BOUND('',#6406,.T.);
#6930=FACE_BOUND('',#6407,.T.);
#6931=FACE_BOUND('',#6408,.T.);
#6932=FACE_BOUND('',#6409,.T.);
#6933=FACE_BOUND('',#6410,.T.);
#6934=FACE_BOUND('',#6411,.T.);
#6935=FACE_BOUND('',#6412,.T.);
#6936=FACE_BOUND('',#6413,.T.);
#6937=FACE_BOUND('',#6414,.T.);
#6938=FACE_BOUND('',#6415,.T.);
#6939=FACE_BOUND('',#6416,.T.);
#6940=FACE_BOUND('',#6417,.T.);
#6941=FACE_BOUND('',#6418,.T.);
#6942=FACE_BOUND('',#6419,.T.);
#6943=FACE_BOUND('',#6420,.T.);
#6944=FACE_BOUND('',#6421,.T.);
#6945=FACE_BOUND('',#6422,.T.);
#6946=FACE_BOUND('',#6423,.T.);
#6947=FACE_BOUND('',#6424,.T.);
#6948=FACE_BOUND('',#6425,.T.);
#6949=FACE_BOUND('',#6426,.T.);
#6950=FACE_BOUND('',#6427,.T.);
#6951=FACE_BOUND('',#6428,.T.);
#6952=FACE_BOUND('',#6429,.T.);
#6953=FACE_BOUND('',#6430,.T.);
#6954=FACE_BOUND('',#6431,.T.);
#6955=FACE_BOUND('',#6432,.T.);
#6956=FACE_BOUND('',#6433,.T.);
#6957=FACE_BOUND('',#6434,.T.);
#6958=FACE_BOUND('',#6435,.T.);
#6959=FACE_BOUND('',#6436,.T.);
#6960=FACE_BOUND('',#6437,.T.);
#6961=FACE_BOUND('',#6438,.T.);
#6962=FACE_BOUND('',#6439,.T.);
#6963=FACE_BOUND('',#6440,.T.);
#6964=FACE_BOUND('',#6441,.T.);
#6965=FACE_BOUND('',#6442,.T.);
#6966=FACE_BOUND('',#6443,.T.);
#6967=FACE_BOUND('',#6444,.T.);
#6968=FACE_BOUND('',#6445,.T.);
#6969=FACE_BOUND('',#6446,.T.);
#6970=FACE_BOUND('',#6447,.T.);
#6971=FACE_BOUND('',#6448,.T.);
#6972=FACE_BOUND('',#6449,.T.);
#6973=FACE_BOUND('',#6450,.T.);
#6974=FACE_BOUND('',#6451,.T.);
#6975=FACE_BOUND('',#6452,.T.);
#6976=FACE_BOUND('',#6453,.T.);
#6977=FACE_BOUND('',#6454,.T.);
#6978=FACE_BOUND('',#6455,.T.);
#6979=FACE_BOUND('',#6456,.T.);
#6980=FACE_BOUND('',#6457,.T.);
#6981=FACE_BOUND('',#6458,.T.);
#6982=FACE_BOUND('',#6459,.T.);
#6983=FACE_BOUND('',#6460,.T.);
#6984=FACE_BOUND('',#6461,.T.);
#6985=FACE_BOUND('',#6462,.T.);
#6986=FACE_BOUND('',#6463,.T.);
#6987=FACE_BOUND('',#6464,.T.);
#6988=FACE_BOUND('',#6465,.T.);
#6989=FACE_BOUND('',#6466,.T.);
#6990=FACE_BOUND('',#6467,.T.);
#6991=FACE_BOUND('',#6468,.T.);
#6992=FACE_BOUND('',#6469,.T.);
#6993=FACE_BOUND('',#6470,.T.);
#6994=FACE_BOUND('',#6471,.T.);
#6995=FACE_BOUND('',#6472,.T.);
#6996=FACE_BOUND('',#6473,.T.);
#6997=FACE_BOUND('',#6474,.T.);
#6998=FACE_BOUND('',#6475,.T.);
#6999=FACE_BOUND('',#6476,.T.);
#7000=FACE_BOUND('',#6477,.T.);
#7001=FACE_BOUND('',#6478,.T.);
#7002=FACE_BOUND('',#6479,.T.);
#7003=FACE_BOUND('',#6480,.T.);
#7004=FACE_BOUND('',#6481,.T.);
#7005=FACE_BOUND('',#6482,.T.);
#7006=FACE_BOUND('',#6483,.T.);
#7007=FACE_BOUND('',#6484,.T.);
#7008=FACE_BOUND('',#6485,.T.);
#7009=FACE_BOUND('',#6486,.T.);
#7010=FACE_BOUND('',#6487,.T.);
#7011=FACE_BOUND('',#6488,.T.);
#7012=FACE_BOUND('',#6489,.T.);
#7013=FACE_BOUND('',#6490,.T.);
#7014=FACE_BOUND('',#6491,.T.);
#7015=FACE_BOUND('',#6492,.T.);
#7016=FACE_BOUND('',#6493,.T.);
#7017=FACE_BOUND('',#6494,.T.);
#7018=FACE_BOUND('',#6495,.T.);
#7019=FACE_BOUND('',#6496,.T.);
#7020=FACE_BOUND('',#6497,.T.);
#7021=FACE_BOUND('',#6498,.T.);
#7022=FACE_BOUND('',#6499,.T.);
#7023=FACE_BOUND('',#6500,.T.);
#7024=FACE_BOUND('',#6501,.T.);
#7025=FACE_BOUND('',#6502,.T.);
#7026=FACE_BOUND('',#6503,.T.);
#7027=FACE_BOUND('',#6504,.T.);
#7028=FACE_BOUND('',#6505,.T.);
#7029=FACE_BOUND('',#6506,.T.);
#7030=FACE_BOUND('',#6507,.T.);
#7031=FACE_BOUND('',#6508,.T.);
#7032=FACE_BOUND('',#6509,.T.);
#7033=FACE_BOUND('',#6510,.T.);
#7034=FACE_BOUND('',#6511,.T.);
#7035=FACE_BOUND('',#6512,.T.);
#7036=FACE_BOUND('',#6513,.T.);
#7037=FACE_BOUND('',#6514,.T.);
#7038=FACE_BOUND('',#6515,.T.);
#7039=FACE_BOUND('',#6516,.T.);
#7040=FACE_BOUND('',#6517,.T.);
#7041=FACE_BOUND('',#6518,.T.);
#7042=FACE_BOUND('',#6519,.T.);
#7043=FACE_BOUND('',#6520,.T.);
#7044=FACE_BOUND('',#6521,.T.);
#7045=FACE_BOUND('',#6522,.T.);
#7046=FACE_BOUND('',#6523,.T.);
#7047=FACE_BOUND('',#6524,.T.);
#7048=FACE_BOUND('',#6525,.T.);
#7049=FACE_BOUND('',#6526,.T.);
#7050=FACE_BOUND('',#6527,.T.);
#7051=FACE_BOUND('',#6528,.T.);
#7052=FACE_BOUND('',#6529,.T.);
#7053=FACE_BOUND('',#6530,.T.);
#7054=FACE_BOUND('',#6531,.T.);
#7055=FACE_BOUND('',#6532,.T.);
#7056=FACE_BOUND('',#6533,.T.);
#7057=FACE_BOUND('',#6534,.T.);
#7058=FACE_BOUND('',#6535,.T.);
#7059=FACE_BOUND('',#6536,.T.);
#7060=FACE_BOUND('',#6537,.T.);
#7061=FACE_BOUND('',#6538,.T.);
#7062=FACE_BOUND('',#6539,.T.);
#7063=FACE_BOUND('',#6540,.T.);
#7064=FACE_BOUND('',#6541,.T.);
#7065=FACE_BOUND('',#6542,.T.);
#7066=FACE_BOUND('',#6543,.T.);
#7067=FACE_BOUND('',#6544,.T.);
#7068=FACE_BOUND('',#6545,.T.);
#7069=FACE_BOUND('',#6546,.T.);
#7070=FACE_BOUND('',#6547,.T.);
#7071=FACE_BOUND('',#6548,.T.);
#7072=FACE_BOUND('',#6549,.T.);
#7073=FACE_BOUND('',#6550,.T.);
#7074=FACE_BOUND('',#6551,.T.);
#7075=FACE_BOUND('',#6552,.T.);
#7076=FACE_BOUND('',#6553,.T.);
#7077=FACE_BOUND('',#6554,.T.);
#7078=FACE_BOUND('',#6555,.T.);
#7079=FACE_BOUND('',#6556,.T.);
#7080=FACE_BOUND('',#6557,.T.);
#7081=FACE_BOUND('',#6558,.T.);
#7082=FACE_BOUND('',#6559,.T.);
#7083=FACE_BOUND('',#6560,.T.);
#7084=FACE_BOUND('',#6561,.T.);
#7085=FACE_BOUND('',#6562,.T.);
#7086=FACE_BOUND('',#6563,.T.);
#7087=FACE_BOUND('',#6564,.T.);
#7088=FACE_BOUND('',#6565,.T.);
#7089=FACE_BOUND('',#6566,.T.);
#7090=FACE_BOUND('',#6567,.T.);
#7091=FACE_BOUND('',#6568,.T.);
#7092=FACE_BOUND('',#6569,.T.);
#7093=FACE_BOUND('',#6570,.T.);
#7094=FACE_BOUND('',#6571,.T.);
#7095=FACE_BOUND('',#6572,.T.);
#7096=FACE_BOUND('',#6573,.T.);
#7097=FACE_BOUND('',#6574,.T.);
#7098=FACE_BOUND('',#6575,.T.);
#7099=FACE_BOUND('',#6576,.T.);
#7100=FACE_BOUND('',#6577,.T.);
#7101=FACE_BOUND('',#6578,.T.);
#7102=FACE_BOUND('',#6579,.T.);
#7103=FACE_BOUND('',#6580,.T.);
#7104=FACE_BOUND('',#6581,.T.);
#7105=FACE_BOUND('',#6582,.T.);
#7106=FACE_BOUND('',#6583,.T.);
#7107=FACE_BOUND('',#6584,.T.);
#7108=FACE_BOUND('',#6585,.T.);
#7109=FACE_BOUND('',#6586,.T.);
#7110=FACE_BOUND('',#6587,.T.);
#7111=FACE_BOUND('',#6588,.T.);
#7112=FACE_BOUND('',#6589,.T.);
#7113=FACE_BOUND('',#6590,.T.);
#7114=FACE_BOUND('',#6591,.T.);
#7115=FACE_BOUND('',#6592,.T.);
#7116=FACE_BOUND('',#6593,.T.);
#7117=FACE_BOUND('',#6594,.T.);
#7118=FACE_BOUND('',#6595,.T.);
#7119=FACE_BOUND('',#6596,.T.);
#7120=FACE_BOUND('',#6597,.T.);
#7121=FACE_BOUND('',#6598,.T.);
#7122=FACE_BOUND('',#6599,.T.);
#7123=FACE_BOUND('',#6600,.T.);
#7124=FACE_BOUND('',#6601,.T.);
#7125=FACE_BOUND('',#6602,.T.);
#7126=FACE_BOUND('',#6603,.T.);
#7127=FACE_BOUND('',#6604,.T.);
#7128=FACE_BOUND('',#6605,.T.);
#7129=FACE_BOUND('',#6606,.T.);
#7130=FACE_BOUND('',#6607,.T.);
#7131=FACE_BOUND('',#6608,.T.);
#7132=FACE_BOUND('',#6609,.T.);
#7133=FACE_BOUND('',#6610,.T.);
#7134=FACE_BOUND('',#6611,.T.);
#7135=FACE_BOUND('',#6612,.T.);
#7136=FACE_BOUND('',#6613,.T.);
#7137=FACE_BOUND('',#6614,.T.);
#7138=FACE_BOUND('',#6615,.T.);
#7139=FACE_BOUND('',#6616,.T.);
#7140=FACE_BOUND('',#6617,.T.);
#7141=FACE_BOUND('',#6618,.T.);
#7142=FACE_BOUND('',#6619,.T.);
#7143=FACE_BOUND('',#6620,.T.);
#7144=FACE_BOUND('',#6621,.T.);
#7145=FACE_BOUND('',#6622,.T.);
#7146=FACE_BOUND('',#6623,.T.);
#7147=FACE_BOUND('',#6624,.T.);
#7148=FACE_BOUND('',#6625,.T.);
#7149=FACE_BOUND('',#6626,.T.);
#7150=FACE_BOUND('',#6627,.T.);
#7151=FACE_BOUND('',#6628,.T.);
#7152=FACE_BOUND('',#6629,.T.);
#7153=FACE_BOUND('',#6630,.T.);
#7154=FACE_BOUND('',#6631,.T.);
#7155=FACE_BOUND('',#6632,.T.);
#7156=FACE_BOUND('',#6633,.T.);
#7157=FACE_BOUND('',#6634,.T.);
#7158=FACE_BOUND('',#6635,.T.);
#7159=FACE_BOUND('',#6636,.T.);
#7160=FACE_BOUND('',#6637,.T.);
#7161=FACE_BOUND('',#6638,.T.);
#7162=FACE_BOUND('',#6639,.T.);
#7163=FACE_BOUND('',#6640,.T.);
#7164=FACE_BOUND('',#6641,.T.);
#7165=FACE_BOUND('',#6642,.T.);
#7166=FACE_BOUND('',#6643,.T.);
#7167=FACE_BOUND('',#6644,.T.);
#7168=FACE_BOUND('',#6645,.T.);
#7169=FACE_BOUND('',#6646,.T.);
#7170=FACE_BOUND('',#6647,.T.);
#7171=FACE_BOUND('',#6648,.T.);
#7172=FACE_BOUND('',#6649,.T.);
#7173=FACE_BOUND('',#6650,.T.);
#7174=FACE_BOUND('',#6651,.T.);
#7175=FACE_BOUND('',#6652,.T.);
#7176=FACE_BOUND('',#6653,.T.);
#7177=FACE_BOUND('',#6654,.T.);
#7178=FACE_BOUND('',#6655,.T.);
#7179=FACE_BOUND('',#6656,.T.);
#7180=FACE_BOUND('',#6657,.T.);
#7181=FACE_BOUND('',#6658,.T.);
#7182=FACE_BOUND('',#6659,.T.);
#7183=FACE_BOUND('',#6660,.T.);
#7184=FACE_BOUND('',#6661,.T.);
#7185=FACE_BOUND('',#6662,.T.);
#7186=FACE_BOUND('',#6663,.T.);
#7187=FACE_BOUND('',#6664,.T.);
#7188=FACE_BOUND('',#6665,.T.);
#7189=FACE_BOUND('',#6666,.T.);
#7190=FACE_BOUND('',#6667,.T.);
#7191=FACE_BOUND('',#6668,.T.);
#7192=FACE_BOUND('',#6669,.T.);
#7193=FACE_BOUND('',#6670,.T.);
#7194=FACE_BOUND('',#6671,.T.);
#7195=FACE_BOUND('',#6672,.T.);
#7196=FACE_BOUND('',#6673,.T.);
#7197=FACE_BOUND('',#6674,.T.);
#7198=FACE_BOUND('',#6675,.T.);
#7199=FACE_BOUND('',#6676,.T.);
#7200=FACE_BOUND('',#6677,.T.);
#7201=FACE_BOUND('',#6678,.T.);
#7202=FACE_BOUND('',#6679,.T.);
#7203=FACE_BOUND('',#6680,.T.);
#7204=FACE_BOUND('',#6681,.T.);
#7205=FACE_BOUND('',#6682,.T.);
#7206=FACE_BOUND('',#6683,.T.);
#7207=FACE_BOUND('',#6684,.T.);
#7208=FACE_BOUND('',#6685,.T.);
#7209=FACE_BOUND('',#6686,.T.);
#7210=FACE_BOUND('',#6687,.T.);
#7211=FACE_BOUND('',#6688,.T.);
#7212=FACE_BOUND('',#6689,.T.);
#7213=FACE_BOUND('',#6690,.T.);
#7214=FACE_BOUND('',#6691,.T.);
#7215=FACE_BOUND('',#6692,.T.);
#7216=FACE_BOUND('',#6693,.T.);
#7217=FACE_BOUND('',#6694,.T.);
#7218=FACE_BOUND('',#6695,.T.);
#7219=FACE_BOUND('',#6696,.T.);
#7220=FACE_BOUND('',#6697,.T.);
#7221=FACE_BOUND('',#6698,.T.);
#7222=FACE_BOUND('',#6699,.T.);
#7223=FACE_BOUND('',#6700,.T.);
#7224=FACE_BOUND('',#6701,.T.);
#7225=FACE_BOUND('',#6702,.T.);
#7226=FACE_BOUND('',#6703,.T.);
#7227=FACE_BOUND('',#6704,.T.);
#7228=FACE_BOUND('',#6705,.T.);
#7229=FACE_BOUND('',#6706,.T.);
#7230=FACE_BOUND('',#6707,.T.);
#7231=FACE_BOUND('',#6708,.T.);
#7232=FACE_BOUND('',#6709,.T.);
#7233=FACE_BOUND('',#6710,.T.);
#7234=FACE_BOUND('',#6711,.T.);
#7235=FACE_BOUND('',#6712,.T.);
#7236=FACE_BOUND('',#6713,.T.);
#7237=FACE_BOUND('',#6714,.T.);
#7238=FACE_BOUND('',#6715,.T.);
#7239=FACE_BOUND('',#6716,.T.);
#7240=FACE_BOUND('',#6717,.T.);
#7241=FACE_BOUND('',#6718,.T.);
#7242=FACE_BOUND('',#6719,.T.);
#7243=FACE_BOUND('',#6720,.T.);
#7244=FACE_BOUND('',#6721,.T.);
#7245=FACE_BOUND('',#6722,.T.);
#7246=FACE_BOUND('',#6723,.T.);
#7247=FACE_BOUND('',#6724,.T.);
#7248=FACE_BOUND('',#6725,.T.);
#7249=FACE_BOUND('',#6726,.T.);
#7250=FACE_BOUND('',#6727,.T.);
#7251=FACE_BOUND('',#6728,.T.);
#7252=FACE_BOUND('',#6729,.T.);
#7253=FACE_BOUND('',#6730,.T.);
#7254=FACE_BOUND('',#6731,.T.);
#7255=FACE_BOUND('',#6732,.T.);
#7256=FACE_BOUND('',#6733,.T.);
#7257=FACE_BOUND('',#6734,.T.);
#7258=FACE_BOUND('',#6735,.T.);
#7259=FACE_BOUND('',#6736,.T.);
#7260=FACE_BOUND('',#6737,.T.);
#7261=FACE_BOUND('',#6738,.T.);
#7262=FACE_BOUND('',#6739,.T.);
#7263=FACE_BOUND('',#6740,.T.);
#7264=FACE_BOUND('',#6741,.T.);
#7265=FACE_BOUND('',#6742,.T.);
#7266=FACE_BOUND('',#6743,.T.);
#7267=FACE_BOUND('',#6744,.T.);
#7268=FACE_BOUND('',#6745,.T.);
#7269=FACE_BOUND('',#6746,.T.);
#7270=FACE_BOUND('',#6747,.T.);
#7271=FACE_BOUND('',#6748,.T.);
#7272=FACE_BOUND('',#6749,.T.);
#7273=FACE_BOUND('',#6750,.T.);
#7274=FACE_BOUND('',#6751,.T.);
#7275=PLANE('',#8000);
#7276=PLANE('',#8023);
#7277=PLANE('',#8025);
#7278=PLANE('',#8027);
#7279=PLANE('',#8035);
#7280=PLANE('',#8042);
#7281=PLANE('',#8048);
#7282=PLANE('',#8053);
#7283=PLANE('',#8058);
#7284=PLANE('',#8061);
#7285=PLANE('',#8062);
#7286=PLANE('',#8063);
#7287=PLANE('',#8064);
#7288=PLANE('',#8065);
#7289=PLANE('',#8066);
#7290=PLANE('',#8067);
#7291=PLANE('',#8068);
#7292=PLANE('',#8069);
#7293=PLANE('',#8070);
#7294=PLANE('',#8080);
#7295=PLANE('',#8085);
#7296=PLANE('',#8090);
#7297=PLANE('',#8095);
#7298=PLANE('',#8100);
#7299=PLANE('',#8105);
#7300=PLANE('',#8119);
#7301=PLANE('',#8120);
#7302=PLANE('',#8121);
#7303=PLANE('',#8122);
#7304=PLANE('',#8123);
#7305=PLANE('',#8124);
#7306=PLANE('',#8125);
#7307=PLANE('',#8126);
#7308=PLANE('',#8127);
#7309=PLANE('',#8128);
#7310=PLANE('',#8129);
#7311=PLANE('',#8130);
#7312=PLANE('',#8131);
#7313=PLANE('',#8132);
#7314=PLANE('',#8133);
#7315=PLANE('',#8134);
#7316=PLANE('',#8135);
#7317=PLANE('',#8136);
#7318=PLANE('',#8137);
#7319=PLANE('',#8138);
#7320=PLANE('',#8139);
#7321=PLANE('',#8282);
#7322=PLANE('',#8283);
#7323=PLANE('',#8284);
#7324=PLANE('',#8285);
#7325=PLANE('',#8286);
#7326=PLANE('',#8287);
#7327=PLANE('',#8288);
#7328=PLANE('',#8289);
#7329=PLANE('',#8291);
#7330=PLANE('',#8292);
#7331=PLANE('',#8294);
#7332=PLANE('',#8295);
#7333=PLANE('',#8298);
#7334=PLANE('',#8299);
#7335=PLANE('',#8300);
#7336=PLANE('',#8301);
#7337=PLANE('',#8303);
#7338=PLANE('',#8304);
#7339=PLANE('',#8306);
#7340=PLANE('',#8307);
#7341=PLANE('',#8309);
#7342=PLANE('',#8310);
#7343=PLANE('',#8312);
#7344=PLANE('',#8313);
#7345=PLANE('',#8315);
#7346=PLANE('',#8317);
#7347=PLANE('',#8319);
#7348=PLANE('',#8320);
#7349=PLANE('',#8321);
#7350=PLANE('',#8322);
#7351=PLANE('',#8324);
#7352=PLANE('',#8326);
#7353=PLANE('',#8327);
#7354=PLANE('',#8329);
#7355=PLANE('',#8330);
#7356=PLANE('',#8332);
#7357=PLANE('',#8334);
#7358=PLANE('',#8335);
#7359=PLANE('',#8337);
#7360=PLANE('',#8338);
#7361=PLANE('',#8340);
#7362=PLANE('',#8342);
#7363=PLANE('',#8343);
#7364=PLANE('',#8345);
#7365=PLANE('',#8346);
#7366=PLANE('',#8348);
#7367=PLANE('',#8350);
#7368=PLANE('',#8351);
#7369=PLANE('',#8353);
#7370=PLANE('',#8354);
#7371=PLANE('',#8356);
#7372=PLANE('',#8357);
#7373=PLANE('',#8358);
#7374=PLANE('',#8362);
#7375=PLANE('',#8365);
#7376=PLANE('',#8368);
#7377=PLANE('',#8371);
#7378=PLANE('',#8372);
#7379=PLANE('',#8373);
#7380=PLANE('',#8376);
#7381=PLANE('',#8377);
#7382=PLANE('',#8378);
#7383=PLANE('',#8381);
#7384=PLANE('',#8382);
#7385=PLANE('',#8385);
#7386=PLANE('',#8386);
#7387=PLANE('',#8389);
#7388=PLANE('',#8390);
#7389=PLANE('',#8393);
#7390=PLANE('',#8396);
#7391=PLANE('',#8399);
#7392=PLANE('',#8400);
#7393=PLANE('',#8403);
#7394=PLANE('',#8406);
#7395=PLANE('',#8409);
#7396=PLANE('',#8410);
#7397=PLANE('',#8413);
#7398=PLANE('',#8416);
#7399=PLANE('',#8419);
#7400=PLANE('',#8420);
#7401=PLANE('',#8423);
#7402=PLANE('',#8426);
#7403=PLANE('',#8429);
#7404=PLANE('',#8430);
#7405=PLANE('',#8433);
#7406=PLANE('',#8436);
#7407=PLANE('',#8439);
#7408=PLANE('',#8440);
#7409=PLANE('',#8443);
#7410=PLANE('',#8446);
#7411=PLANE('',#8449);
#7412=PLANE('',#8450);
#7413=PLANE('',#8453);
#7414=PLANE('',#8456);
#7415=PLANE('',#8457);
#7416=PLANE('',#8460);
#7417=PLANE('',#8461);
#7418=PLANE('',#8462);
#7419=PLANE('',#8465);
#7420=PLANE('',#8466);
#7421=PLANE('',#8469);
#7422=PLANE('',#8472);
#7423=PLANE('',#8475);
#7424=PLANE('',#8478);
#7425=PLANE('',#8479);
#7426=PLANE('',#8482);
#7427=PLANE('',#8485);
#7428=PLANE('',#8488);
#7429=PLANE('',#8491);
#7430=PLANE('',#8492);
#7431=PLANE('',#8495);
#7432=PLANE('',#8498);
#7433=PLANE('',#8501);
#7434=PLANE('',#8504);
#7435=PLANE('',#8505);
#7436=PLANE('',#8508);
#7437=PLANE('',#8511);
#7438=PLANE('',#8514);
#7439=PLANE('',#8517);
#7440=PLANE('',#8518);
#7441=PLANE('',#8521);
#7442=PLANE('',#8524);
#7443=PLANE('',#8527);
#7444=PLANE('',#8530);
#7445=PLANE('',#8531);
#7446=PLANE('',#8534);
#7447=PLANE('',#8537);
#7448=PLANE('',#8540);
#7449=PLANE('',#8543);
#7450=PLANE('',#8544);
#7451=PLANE('',#8547);
#7452=PLANE('',#8550);
#7453=PLANE('',#8553);
#7454=PLANE('',#8556);
#7455=PLANE('',#8557);
#7456=PLANE('',#8560);
#7457=PLANE('',#8563);
#7458=PLANE('',#8566);
#7459=PLANE('',#8569);
#7460=PLANE('',#8570);
#7461=PLANE('',#8573);
#7462=PLANE('',#8576);
#7463=PLANE('',#8577);
#7464=PLANE('',#8578);
#7465=PLANE('',#8579);
#7466=PLANE('',#8582);
#7467=PLANE('',#8585);
#7468=PLANE('',#8588);
#7469=PLANE('',#8591);
#7470=PLANE('',#8592);
#7471=PLANE('',#8595);
#7472=PLANE('',#8598);
#7473=PLANE('',#8599);
#7474=PLANE('',#8600);
#7475=PLANE('',#8601);
#7476=PLANE('',#8604);
#7477=PLANE('',#8607);
#7478=PLANE('',#8610);
#7479=PLANE('',#8613);
#7480=PLANE('',#8614);
#7481=PLANE('',#8617);
#7482=PLANE('',#8620);
#7483=PLANE('',#8623);
#7484=PLANE('',#8626);
#7485=PLANE('',#8627);
#7486=PLANE('',#8630);
#7487=PLANE('',#8633);
#7488=PLANE('',#8636);
#7489=PLANE('',#8639);
#7490=PLANE('',#8640);
#7491=PLANE('',#8643);
#7492=PLANE('',#8646);
#7493=PLANE('',#8649);
#7494=PLANE('',#8652);
#7495=PLANE('',#8653);
#7496=PLANE('',#8659);
#7497=PLANE('',#8662);
#7498=PLANE('',#8665);
#7499=PLANE('',#8668);
#7500=PLANE('',#8669);
#7501=PLANE('',#8676);
#7502=PLANE('',#8679);
#7503=PLANE('',#8680);
#7504=PLANE('',#8681);
#7505=PLANE('',#8682);
#7506=PLANE('',#8685);
#7507=PLANE('',#8688);
#7508=PLANE('',#8691);
#7509=PLANE('',#8694);
#7510=PLANE('',#8695);
#7511=PLANE('',#8698);
#7512=PLANE('',#8701);
#7513=PLANE('',#8704);
#7514=PLANE('',#8707);
#7515=PLANE('',#8708);
#7516=PLANE('',#8711);
#7517=PLANE('',#8714);
#7518=PLANE('',#8717);
#7519=PLANE('',#8720);
#7520=PLANE('',#8721);
#7521=PLANE('',#8722);
#7522=PLANE('',#8725);
#7523=PLANE('',#8728);
#7524=PLANE('',#8731);
#7525=PLANE('',#8734);
#7526=PLANE('',#8735);
#7527=PLANE('',#8738);
#7528=PLANE('',#8741);
#7529=PLANE('',#8744);
#7530=PLANE('',#8747);
#7531=PLANE('',#8750);
#7532=PLANE('',#8753);
#7533=PLANE('',#8756);
#7534=PLANE('',#8759);
#7535=PLANE('',#8760);
#7536=PLANE('',#8763);
#7537=PLANE('',#8764);
#7538=PLANE('',#8765);
#7539=PLANE('',#8768);
#7540=PLANE('',#8769);
#7541=ADVANCED_FACE('',(#6752,#6753),#7275,.F.);
#7542=ADVANCED_FACE('',(#6754),#28,.T.);
#7543=ADVANCED_FACE('',(#6755),#24,.T.);
#7544=ADVANCED_FACE('',(#6756),#25,.T.);
#7545=ADVANCED_FACE('',(#6757),#29,.T.);
#7546=ADVANCED_FACE('',(#6758),#26,.T.);
#7547=ADVANCED_FACE('',(#6759),#27,.T.);
#7548=ADVANCED_FACE('',(#6760),#7276,.F.);
#7549=ADVANCED_FACE('',(#6761),#7277,.F.);
#7550=ADVANCED_FACE('',(#6762),#7278,.F.);
#7551=ADVANCED_FACE('',(#6763),#30,.T.);
#7552=ADVANCED_FACE('',(#6764),#31,.T.);
#7553=ADVANCED_FACE('',(#6765),#32,.T.);
#7554=ADVANCED_FACE('',(#6766),#33,.T.);
#7555=ADVANCED_FACE('',(#6767),#34,.T.);
#7556=ADVANCED_FACE('',(#6768),#35,.T.);
#7557=ADVANCED_FACE('',(#6769,#6770,#6771,#6772,#6773,#6774),#7279,.T.);
#7558=ADVANCED_FACE('',(#6775,#6776),#36,.F.);
#7559=ADVANCED_FACE('',(#6777,#6778),#7280,.F.);
#7560=ADVANCED_FACE('',(#6779,#6780),#37,.F.);
#7561=ADVANCED_FACE('',(#6781,#6782),#38,.F.);
#7562=ADVANCED_FACE('',(#6783,#6784),#7281,.F.);
#7563=ADVANCED_FACE('',(#6785,#6786),#39,.F.);
#7564=ADVANCED_FACE('',(#6787,#6788),#40,.F.);
#7565=ADVANCED_FACE('',(#6789,#6790),#7282,.F.);
#7566=ADVANCED_FACE('',(#6791,#6792),#41,.F.);
#7567=ADVANCED_FACE('',(#6793,#6794),#42,.F.);
#7568=ADVANCED_FACE('',(#6795,#6796),#7283,.F.);
#7569=ADVANCED_FACE('',(#6797,#6798),#43,.F.);
#7570=ADVANCED_FACE('',(#6799),#7284,.T.);
#7571=ADVANCED_FACE('',(#6800),#7285,.F.);
#7572=ADVANCED_FACE('',(#6801),#7286,.F.);
#7573=ADVANCED_FACE('',(#6802),#7287,.T.);
#7574=ADVANCED_FACE('',(#6803),#7288,.F.);
#7575=ADVANCED_FACE('',(#6804),#7289,.F.);
#7576=ADVANCED_FACE('',(#6805),#7290,.T.);
#7577=ADVANCED_FACE('',(#6806),#7291,.T.);
#7578=ADVANCED_FACE('',(#6807),#7292,.F.);
#7579=ADVANCED_FACE('',(#6808,#6809,#6810,#6811,#6812,#6813,#6814),#7293,
 .T.);
#7580=ADVANCED_FACE('',(#6815,#6816),#44,.T.);
#7581=ADVANCED_FACE('',(#6817),#7294,.T.);
#7582=ADVANCED_FACE('',(#6818,#6819),#45,.T.);
#7583=ADVANCED_FACE('',(#6820),#7295,.T.);
#7584=ADVANCED_FACE('',(#6821,#6822),#46,.T.);
#7585=ADVANCED_FACE('',(#6823),#7296,.T.);
#7586=ADVANCED_FACE('',(#6824,#6825),#47,.T.);
#7587=ADVANCED_FACE('',(#6826),#7297,.T.);
#7588=ADVANCED_FACE('',(#6827,#6828),#48,.T.);
#7589=ADVANCED_FACE('',(#6829),#7298,.T.);
#7590=ADVANCED_FACE('',(#6830,#6831),#49,.T.);
#7591=ADVANCED_FACE('',(#6832),#7299,.T.);
#7592=ADVANCED_FACE('',(#6833,#6834),#12,.T.);
#7593=ADVANCED_FACE('',(#6835,#6836),#13,.T.);
#7594=ADVANCED_FACE('',(#6837,#6838),#14,.T.);
#7595=ADVANCED_FACE('',(#6839,#6840),#15,.T.);
#7596=ADVANCED_FACE('',(#6841,#6842),#16,.T.);
#7597=ADVANCED_FACE('',(#6843,#6844),#17,.T.);
#7598=ADVANCED_FACE('',(#6845,#6846),#18,.T.);
#7599=ADVANCED_FACE('',(#6847,#6848),#19,.T.);
#7600=ADVANCED_FACE('',(#6849,#6850),#20,.T.);
#7601=ADVANCED_FACE('',(#6851,#6852),#21,.T.);
#7602=ADVANCED_FACE('',(#6853,#6854),#22,.T.);
#7603=ADVANCED_FACE('',(#6855,#6856),#23,.T.);
#7604=ADVANCED_FACE('',(#6857),#7300,.F.);
#7605=ADVANCED_FACE('',(#6858),#7301,.T.);
#7606=ADVANCED_FACE('',(#6859),#7302,.T.);
#7607=ADVANCED_FACE('',(#6860),#7303,.T.);
#7608=ADVANCED_FACE('',(#6861),#7304,.F.);
#7609=ADVANCED_FACE('',(#6862),#7305,.T.);
#7610=ADVANCED_FACE('',(#6863),#7306,.T.);
#7611=ADVANCED_FACE('',(#6864),#7307,.F.);
#7612=ADVANCED_FACE('',(#6865),#7308,.T.);
#7613=ADVANCED_FACE('',(#6866),#7309,.T.);
#7614=ADVANCED_FACE('',(#6867),#7310,.T.);
#7615=ADVANCED_FACE('',(#6868),#7311,.T.);
#7616=ADVANCED_FACE('',(#6869),#7312,.T.);
#7617=ADVANCED_FACE('',(#6870),#7313,.T.);
#7618=ADVANCED_FACE('',(#6871),#7314,.F.);
#7619=ADVANCED_FACE('',(#6872),#7315,.T.);
#7620=ADVANCED_FACE('',(#6873),#7316,.F.);
#7621=ADVANCED_FACE('',(#6874),#7317,.T.);
#7622=ADVANCED_FACE('',(#6875),#7318,.T.);
#7623=ADVANCED_FACE('',(#6876),#7319,.F.);
#7624=ADVANCED_FACE('',(#6877,#6878,#6879,#6880,#6881,#6882,#6883,#6884,
#6885,#6886,#6887,#6888,#6889,#6890,#6891,#6892,#6893,#6894,#6895,#6896,
#6897,#6898,#6899,#6900,#6901,#6902,#6903,#6904,#6905,#6906,#6907,#6908,
#6909,#6910,#6911,#6912),#7320,.T.);
#7625=ADVANCED_FACE('',(#6913),#7321,.F.);
#7626=ADVANCED_FACE('',(#6914),#7322,.F.);
#7627=ADVANCED_FACE('',(#6915),#7323,.T.);
#7628=ADVANCED_FACE('',(#6916),#7324,.F.);
#7629=ADVANCED_FACE('',(#6917),#7325,.T.);
#7630=ADVANCED_FACE('',(#6918),#7326,.F.);
#7631=ADVANCED_FACE('',(#6919),#7327,.T.);
#7632=ADVANCED_FACE('',(#6920),#7328,.T.);
#7633=ADVANCED_FACE('',(#6921),#50,.T.);
#7634=ADVANCED_FACE('',(#6922),#7329,.F.);
#7635=ADVANCED_FACE('',(#6923),#7330,.F.);
#7636=ADVANCED_FACE('',(#6924),#51,.T.);
#7637=ADVANCED_FACE('',(#6925),#7331,.T.);
#7638=ADVANCED_FACE('',(#6926),#7332,.T.);
#7639=ADVANCED_FACE('',(#6927),#52,.T.);
#7640=ADVANCED_FACE('',(#6928),#7333,.F.);
#7641=ADVANCED_FACE('',(#6929),#7334,.F.);
#7642=ADVANCED_FACE('',(#6930),#7335,.T.);
#7643=ADVANCED_FACE('',(#6931),#7336,.T.);
#7644=ADVANCED_FACE('',(#6932),#53,.T.);
#7645=ADVANCED_FACE('',(#6933),#7337,.F.);
#7646=ADVANCED_FACE('',(#6934),#7338,.F.);
#7647=ADVANCED_FACE('',(#6935),#54,.T.);
#7648=ADVANCED_FACE('',(#6936),#7339,.T.);
#7649=ADVANCED_FACE('',(#6937),#7340,.T.);
#7650=ADVANCED_FACE('',(#6938),#7341,.T.);
#7651=ADVANCED_FACE('',(#6939),#7342,.T.);
#7652=ADVANCED_FACE('',(#6940),#55,.T.);
#7653=ADVANCED_FACE('',(#6941),#7343,.T.);
#7654=ADVANCED_FACE('',(#6942),#7344,.F.);
#7655=ADVANCED_FACE('',(#6943),#56,.T.);
#7656=ADVANCED_FACE('',(#6944),#7345,.T.);
#7657=ADVANCED_FACE('',(#6945),#7346,.F.);
#7658=ADVANCED_FACE('',(#6946),#57,.T.);
#7659=ADVANCED_FACE('',(#6947),#7347,.F.);
#7660=ADVANCED_FACE('',(#6948),#7348,.T.);
#7661=ADVANCED_FACE('',(#6949),#7349,.T.);
#7662=ADVANCED_FACE('',(#6950),#7350,.T.);
#7663=ADVANCED_FACE('',(#6951),#7351,.T.);
#7664=ADVANCED_FACE('',(#6952),#58,.T.);
#7665=ADVANCED_FACE('',(#6953),#7352,.F.);
#7666=ADVANCED_FACE('',(#6954),#7353,.F.);
#7667=ADVANCED_FACE('',(#6955),#59,.T.);
#7668=ADVANCED_FACE('',(#6956),#7354,.T.);
#7669=ADVANCED_FACE('',(#6957),#7355,.T.);
#7670=ADVANCED_FACE('',(#6958),#7356,.T.);
#7671=ADVANCED_FACE('',(#6959),#60,.T.);
#7672=ADVANCED_FACE('',(#6960),#7357,.F.);
#7673=ADVANCED_FACE('',(#6961),#7358,.F.);
#7674=ADVANCED_FACE('',(#6962),#61,.T.);
#7675=ADVANCED_FACE('',(#6963),#7359,.T.);
#7676=ADVANCED_FACE('',(#6964),#7360,.T.);
#7677=ADVANCED_FACE('',(#6965),#7361,.T.);
#7678=ADVANCED_FACE('',(#6966),#62,.T.);
#7679=ADVANCED_FACE('',(#6967),#7362,.F.);
#7680=ADVANCED_FACE('',(#6968),#7363,.F.);
#7681=ADVANCED_FACE('',(#6969),#63,.T.);
#7682=ADVANCED_FACE('',(#6970),#7364,.T.);
#7683=ADVANCED_FACE('',(#6971),#7365,.T.);
#7684=ADVANCED_FACE('',(#6972),#7366,.T.);
#7685=ADVANCED_FACE('',(#6973),#64,.T.);
#7686=ADVANCED_FACE('',(#6974),#7367,.F.);
#7687=ADVANCED_FACE('',(#6975),#7368,.F.);
#7688=ADVANCED_FACE('',(#6976),#65,.T.);
#7689=ADVANCED_FACE('',(#6977),#7369,.T.);
#7690=ADVANCED_FACE('',(#6978),#7370,.T.);
#7691=ADVANCED_FACE('',(#6979),#7371,.T.);
#7692=ADVANCED_FACE('',(#6980),#7372,.T.);
#7693=ADVANCED_FACE('',(#6981),#7373,.T.);
#7694=ADVANCED_FACE('',(#6982),#66,.T.);
#7695=ADVANCED_FACE('',(#6983),#67,.T.);
#7696=ADVANCED_FACE('',(#6984),#7374,.F.);
#7697=ADVANCED_FACE('',(#6985),#68,.T.);
#7698=ADVANCED_FACE('',(#6986),#7375,.T.);
#7699=ADVANCED_FACE('',(#6987),#69,.T.);
#7700=ADVANCED_FACE('',(#6988),#7376,.T.);
#7701=ADVANCED_FACE('',(#6989),#70,.T.);
#7702=ADVANCED_FACE('',(#6990),#7377,.T.);
#7703=ADVANCED_FACE('',(#6991),#7378,.T.);
#7704=ADVANCED_FACE('',(#6992),#7379,.T.);
#7705=ADVANCED_FACE('',(#6993),#71,.T.);
#7706=ADVANCED_FACE('',(#6994),#7380,.F.);
#7707=ADVANCED_FACE('',(#6995),#7381,.F.);
#7708=ADVANCED_FACE('',(#6996),#7382,.T.);
#7709=ADVANCED_FACE('',(#6997),#72,.T.);
#7710=ADVANCED_FACE('',(#6998),#7383,.T.);
#7711=ADVANCED_FACE('',(#6999),#7384,.T.);
#7712=ADVANCED_FACE('',(#7000),#73,.T.);
#7713=ADVANCED_FACE('',(#7001),#7385,.T.);
#7714=ADVANCED_FACE('',(#7002),#7386,.F.);
#7715=ADVANCED_FACE('',(#7003),#74,.T.);
#7716=ADVANCED_FACE('',(#7004),#7387,.T.);
#7717=ADVANCED_FACE('',(#7005),#7388,.T.);
#7718=ADVANCED_FACE('',(#7006),#75,.T.);
#7719=ADVANCED_FACE('',(#7007),#7389,.T.);
#7720=ADVANCED_FACE('',(#7008),#76,.T.);
#7721=ADVANCED_FACE('',(#7009),#7390,.F.);
#7722=ADVANCED_FACE('',(#7010),#77,.T.);
#7723=ADVANCED_FACE('',(#7011),#7391,.T.);
#7724=ADVANCED_FACE('',(#7012),#7392,.T.);
#7725=ADVANCED_FACE('',(#7013),#78,.T.);
#7726=ADVANCED_FACE('',(#7014),#7393,.T.);
#7727=ADVANCED_FACE('',(#7015),#79,.T.);
#7728=ADVANCED_FACE('',(#7016),#7394,.F.);
#7729=ADVANCED_FACE('',(#7017),#80,.T.);
#7730=ADVANCED_FACE('',(#7018),#7395,.T.);
#7731=ADVANCED_FACE('',(#7019),#7396,.T.);
#7732=ADVANCED_FACE('',(#7020),#81,.T.);
#7733=ADVANCED_FACE('',(#7021),#7397,.T.);
#7734=ADVANCED_FACE('',(#7022),#82,.T.);
#7735=ADVANCED_FACE('',(#7023),#7398,.F.);
#7736=ADVANCED_FACE('',(#7024),#83,.T.);
#7737=ADVANCED_FACE('',(#7025),#7399,.T.);
#7738=ADVANCED_FACE('',(#7026),#7400,.T.);
#7739=ADVANCED_FACE('',(#7027),#84,.T.);
#7740=ADVANCED_FACE('',(#7028),#7401,.T.);
#7741=ADVANCED_FACE('',(#7029),#85,.T.);
#7742=ADVANCED_FACE('',(#7030),#7402,.F.);
#7743=ADVANCED_FACE('',(#7031),#86,.T.);
#7744=ADVANCED_FACE('',(#7032),#7403,.T.);
#7745=ADVANCED_FACE('',(#7033),#7404,.T.);
#7746=ADVANCED_FACE('',(#7034),#87,.T.);
#7747=ADVANCED_FACE('',(#7035),#7405,.T.);
#7748=ADVANCED_FACE('',(#7036),#88,.T.);
#7749=ADVANCED_FACE('',(#7037),#7406,.F.);
#7750=ADVANCED_FACE('',(#7038),#89,.T.);
#7751=ADVANCED_FACE('',(#7039),#7407,.T.);
#7752=ADVANCED_FACE('',(#7040),#7408,.T.);
#7753=ADVANCED_FACE('',(#7041),#90,.T.);
#7754=ADVANCED_FACE('',(#7042),#7409,.T.);
#7755=ADVANCED_FACE('',(#7043),#91,.T.);
#7756=ADVANCED_FACE('',(#7044),#7410,.F.);
#7757=ADVANCED_FACE('',(#7045),#92,.T.);
#7758=ADVANCED_FACE('',(#7046),#7411,.T.);
#7759=ADVANCED_FACE('',(#7047),#7412,.T.);
#7760=ADVANCED_FACE('',(#7048),#93,.T.);
#7761=ADVANCED_FACE('',(#7049),#7413,.F.);
#7762=ADVANCED_FACE('',(#7050),#94,.T.);
#7763=ADVANCED_FACE('',(#7051),#7414,.T.);
#7764=ADVANCED_FACE('',(#7052),#7415,.T.);
#7765=ADVANCED_FACE('',(#7053),#95,.T.);
#7766=ADVANCED_FACE('',(#7054),#7416,.F.);
#7767=ADVANCED_FACE('',(#7055),#7417,.F.);
#7768=ADVANCED_FACE('',(#7056),#7418,.T.);
#7769=ADVANCED_FACE('',(#7057),#96,.T.);
#7770=ADVANCED_FACE('',(#7058),#7419,.T.);
#7771=ADVANCED_FACE('',(#7059),#7420,.T.);
#7772=ADVANCED_FACE('',(#7060),#97,.T.);
#7773=ADVANCED_FACE('',(#7061),#7421,.F.);
#7774=ADVANCED_FACE('',(#7062),#98,.T.);
#7775=ADVANCED_FACE('',(#7063),#7422,.T.);
#7776=ADVANCED_FACE('',(#7064),#99,.T.);
#7777=ADVANCED_FACE('',(#7065),#7423,.T.);
#7778=ADVANCED_FACE('',(#7066),#100,.T.);
#7779=ADVANCED_FACE('',(#7067),#7424,.F.);
#7780=ADVANCED_FACE('',(#7068),#7425,.T.);
#7781=ADVANCED_FACE('',(#7069),#101,.T.);
#7782=ADVANCED_FACE('',(#7070),#7426,.F.);
#7783=ADVANCED_FACE('',(#7071),#102,.T.);
#7784=ADVANCED_FACE('',(#7072),#7427,.F.);
#7785=ADVANCED_FACE('',(#7073),#103,.T.);
#7786=ADVANCED_FACE('',(#7074),#7428,.T.);
#7787=ADVANCED_FACE('',(#7075),#104,.T.);
#7788=ADVANCED_FACE('',(#7076),#7429,.T.);
#7789=ADVANCED_FACE('',(#7077),#7430,.T.);
#7790=ADVANCED_FACE('',(#7078),#105,.T.);
#7791=ADVANCED_FACE('',(#7079),#7431,.F.);
#7792=ADVANCED_FACE('',(#7080),#106,.T.);
#7793=ADVANCED_FACE('',(#7081),#7432,.T.);
#7794=ADVANCED_FACE('',(#7082),#107,.T.);
#7795=ADVANCED_FACE('',(#7083),#7433,.T.);
#7796=ADVANCED_FACE('',(#7084),#108,.T.);
#7797=ADVANCED_FACE('',(#7085),#7434,.T.);
#7798=ADVANCED_FACE('',(#7086),#7435,.T.);
#7799=ADVANCED_FACE('',(#7087),#109,.T.);
#7800=ADVANCED_FACE('',(#7088),#7436,.F.);
#7801=ADVANCED_FACE('',(#7089),#110,.T.);
#7802=ADVANCED_FACE('',(#7090),#7437,.F.);
#7803=ADVANCED_FACE('',(#7091),#111,.T.);
#7804=ADVANCED_FACE('',(#7092),#7438,.T.);
#7805=ADVANCED_FACE('',(#7093),#112,.T.);
#7806=ADVANCED_FACE('',(#7094),#7439,.T.);
#7807=ADVANCED_FACE('',(#7095),#7440,.T.);
#7808=ADVANCED_FACE('',(#7096),#113,.T.);
#7809=ADVANCED_FACE('',(#7097),#7441,.F.);
#7810=ADVANCED_FACE('',(#7098),#114,.T.);
#7811=ADVANCED_FACE('',(#7099),#7442,.F.);
#7812=ADVANCED_FACE('',(#7100),#115,.T.);
#7813=ADVANCED_FACE('',(#7101),#7443,.T.);
#7814=ADVANCED_FACE('',(#7102),#116,.T.);
#7815=ADVANCED_FACE('',(#7103),#7444,.T.);
#7816=ADVANCED_FACE('',(#7104),#7445,.T.);
#7817=ADVANCED_FACE('',(#7105),#117,.T.);
#7818=ADVANCED_FACE('',(#7106),#7446,.F.);
#7819=ADVANCED_FACE('',(#7107),#118,.T.);
#7820=ADVANCED_FACE('',(#7108),#7447,.F.);
#7821=ADVANCED_FACE('',(#7109),#119,.T.);
#7822=ADVANCED_FACE('',(#7110),#7448,.T.);
#7823=ADVANCED_FACE('',(#7111),#120,.T.);
#7824=ADVANCED_FACE('',(#7112),#7449,.T.);
#7825=ADVANCED_FACE('',(#7113),#7450,.T.);
#7826=ADVANCED_FACE('',(#7114),#121,.T.);
#7827=ADVANCED_FACE('',(#7115),#7451,.F.);
#7828=ADVANCED_FACE('',(#7116),#122,.T.);
#7829=ADVANCED_FACE('',(#7117),#7452,.F.);
#7830=ADVANCED_FACE('',(#7118),#123,.T.);
#7831=ADVANCED_FACE('',(#7119),#7453,.T.);
#7832=ADVANCED_FACE('',(#7120),#124,.T.);
#7833=ADVANCED_FACE('',(#7121),#7454,.T.);
#7834=ADVANCED_FACE('',(#7122),#7455,.T.);
#7835=ADVANCED_FACE('',(#7123),#125,.T.);
#7836=ADVANCED_FACE('',(#7124),#7456,.F.);
#7837=ADVANCED_FACE('',(#7125),#126,.T.);
#7838=ADVANCED_FACE('',(#7126),#7457,.F.);
#7839=ADVANCED_FACE('',(#7127),#127,.T.);
#7840=ADVANCED_FACE('',(#7128),#7458,.T.);
#7841=ADVANCED_FACE('',(#7129),#128,.T.);
#7842=ADVANCED_FACE('',(#7130),#7459,.T.);
#7843=ADVANCED_FACE('',(#7131),#7460,.T.);
#7844=ADVANCED_FACE('',(#7132),#129,.T.);
#7845=ADVANCED_FACE('',(#7133),#7461,.F.);
#7846=ADVANCED_FACE('',(#7134),#130,.T.);
#7847=ADVANCED_FACE('',(#7135),#7462,.F.);
#7848=ADVANCED_FACE('',(#7136),#7463,.T.);
#7849=ADVANCED_FACE('',(#7137),#7464,.T.);
#7850=ADVANCED_FACE('',(#7138),#7465,.T.);
#7851=ADVANCED_FACE('',(#7139),#131,.T.);
#7852=ADVANCED_FACE('',(#7140),#7466,.F.);
#7853=ADVANCED_FACE('',(#7141),#132,.T.);
#7854=ADVANCED_FACE('',(#7142),#7467,.F.);
#7855=ADVANCED_FACE('',(#7143),#133,.T.);
#7856=ADVANCED_FACE('',(#7144),#7468,.T.);
#7857=ADVANCED_FACE('',(#7145),#134,.T.);
#7858=ADVANCED_FACE('',(#7146),#7469,.T.);
#7859=ADVANCED_FACE('',(#7147),#7470,.T.);
#7860=ADVANCED_FACE('',(#7148),#135,.T.);
#7861=ADVANCED_FACE('',(#7149),#7471,.F.);
#7862=ADVANCED_FACE('',(#7150),#136,.T.);
#7863=ADVANCED_FACE('',(#7151),#7472,.F.);
#7864=ADVANCED_FACE('',(#7152),#7473,.T.);
#7865=ADVANCED_FACE('',(#7153),#7474,.T.);
#7866=ADVANCED_FACE('',(#7154),#7475,.T.);
#7867=ADVANCED_FACE('',(#7155),#137,.T.);
#7868=ADVANCED_FACE('',(#7156),#7476,.F.);
#7869=ADVANCED_FACE('',(#7157),#138,.T.);
#7870=ADVANCED_FACE('',(#7158),#7477,.F.);
#7871=ADVANCED_FACE('',(#7159),#139,.T.);
#7872=ADVANCED_FACE('',(#7160),#7478,.T.);
#7873=ADVANCED_FACE('',(#7161),#140,.T.);
#7874=ADVANCED_FACE('',(#7162),#7479,.T.);
#7875=ADVANCED_FACE('',(#7163),#7480,.T.);
#7876=ADVANCED_FACE('',(#7164),#141,.T.);
#7877=ADVANCED_FACE('',(#7165),#7481,.F.);
#7878=ADVANCED_FACE('',(#7166),#142,.T.);
#7879=ADVANCED_FACE('',(#7167),#7482,.F.);
#7880=ADVANCED_FACE('',(#7168),#143,.T.);
#7881=ADVANCED_FACE('',(#7169),#7483,.T.);
#7882=ADVANCED_FACE('',(#7170),#144,.T.);
#7883=ADVANCED_FACE('',(#7171),#7484,.T.);
#7884=ADVANCED_FACE('',(#7172),#7485,.T.);
#7885=ADVANCED_FACE('',(#7173),#145,.T.);
#7886=ADVANCED_FACE('',(#7174),#7486,.F.);
#7887=ADVANCED_FACE('',(#7175),#146,.T.);
#7888=ADVANCED_FACE('',(#7176),#7487,.F.);
#7889=ADVANCED_FACE('',(#7177),#147,.T.);
#7890=ADVANCED_FACE('',(#7178),#7488,.T.);
#7891=ADVANCED_FACE('',(#7179),#148,.T.);
#7892=ADVANCED_FACE('',(#7180),#7489,.T.);
#7893=ADVANCED_FACE('',(#7181),#7490,.T.);
#7894=ADVANCED_FACE('',(#7182),#149,.T.);
#7895=ADVANCED_FACE('',(#7183),#7491,.F.);
#7896=ADVANCED_FACE('',(#7184),#150,.T.);
#7897=ADVANCED_FACE('',(#7185),#7492,.F.);
#7898=ADVANCED_FACE('',(#7186),#151,.T.);
#7899=ADVANCED_FACE('',(#7187),#7493,.T.);
#7900=ADVANCED_FACE('',(#7188),#152,.T.);
#7901=ADVANCED_FACE('',(#7189),#7494,.T.);
#7902=ADVANCED_FACE('',(#7190),#7495,.T.);
#7903=ADVANCED_FACE('',(#7191),#153,.T.);
#7904=ADVANCED_FACE('',(#7192),#154,.T.);
#7905=ADVANCED_FACE('',(#7193),#155,.T.);
#7906=ADVANCED_FACE('',(#7194),#156,.T.);
#7907=ADVANCED_FACE('',(#7195),#7496,.F.);
#7908=ADVANCED_FACE('',(#7196),#157,.T.);
#7909=ADVANCED_FACE('',(#7197),#7497,.F.);
#7910=ADVANCED_FACE('',(#7198),#158,.T.);
#7911=ADVANCED_FACE('',(#7199),#7498,.T.);
#7912=ADVANCED_FACE('',(#7200),#159,.T.);
#7913=ADVANCED_FACE('',(#7201),#7499,.T.);
#7914=ADVANCED_FACE('',(#7202),#7500,.T.);
#7915=ADVANCED_FACE('',(#7203),#160,.T.);
#7916=ADVANCED_FACE('',(#7204),#161,.T.);
#7917=ADVANCED_FACE('',(#7205),#162,.T.);
#7918=ADVANCED_FACE('',(#7206),#163,.T.);
#7919=ADVANCED_FACE('',(#7207),#164,.T.);
#7920=ADVANCED_FACE('',(#7208),#7501,.F.);
#7921=ADVANCED_FACE('',(#7209),#165,.T.);
#7922=ADVANCED_FACE('',(#7210),#7502,.F.);
#7923=ADVANCED_FACE('',(#7211),#7503,.T.);
#7924=ADVANCED_FACE('',(#7212),#7504,.T.);
#7925=ADVANCED_FACE('',(#7213),#7505,.T.);
#7926=ADVANCED_FACE('',(#7214),#166,.T.);
#7927=ADVANCED_FACE('',(#7215),#7506,.F.);
#7928=ADVANCED_FACE('',(#7216),#167,.T.);
#7929=ADVANCED_FACE('',(#7217),#7507,.F.);
#7930=ADVANCED_FACE('',(#7218),#168,.T.);
#7931=ADVANCED_FACE('',(#7219),#7508,.T.);
#7932=ADVANCED_FACE('',(#7220),#169,.T.);
#7933=ADVANCED_FACE('',(#7221),#7509,.T.);
#7934=ADVANCED_FACE('',(#7222),#7510,.T.);
#7935=ADVANCED_FACE('',(#7223),#170,.T.);
#7936=ADVANCED_FACE('',(#7224),#7511,.F.);
#7937=ADVANCED_FACE('',(#7225),#171,.T.);
#7938=ADVANCED_FACE('',(#7226),#7512,.T.);
#7939=ADVANCED_FACE('',(#7227),#172,.T.);
#7940=ADVANCED_FACE('',(#7228),#7513,.T.);
#7941=ADVANCED_FACE('',(#7229),#173,.T.);
#7942=ADVANCED_FACE('',(#7230),#7514,.T.);
#7943=ADVANCED_FACE('',(#7231),#7515,.T.);
#7944=ADVANCED_FACE('',(#7232),#174,.T.);
#7945=ADVANCED_FACE('',(#7233),#7516,.F.);
#7946=ADVANCED_FACE('',(#7234),#175,.T.);
#7947=ADVANCED_FACE('',(#7235),#7517,.F.);
#7948=ADVANCED_FACE('',(#7236),#176,.T.);
#7949=ADVANCED_FACE('',(#7237),#7518,.T.);
#7950=ADVANCED_FACE('',(#7238),#177,.T.);
#7951=ADVANCED_FACE('',(#7239),#7519,.T.);
#7952=ADVANCED_FACE('',(#7240),#7520,.T.);
#7953=ADVANCED_FACE('',(#7241),#7521,.T.);
#7954=ADVANCED_FACE('',(#7242),#178,.T.);
#7955=ADVANCED_FACE('',(#7243),#7522,.T.);
#7956=ADVANCED_FACE('',(#7244),#179,.T.);
#7957=ADVANCED_FACE('',(#7245),#7523,.F.);
#7958=ADVANCED_FACE('',(#7246),#180,.T.);
#7959=ADVANCED_FACE('',(#7247),#7524,.F.);
#7960=ADVANCED_FACE('',(#7248),#181,.T.);
#7961=ADVANCED_FACE('',(#7249),#7525,.T.);
#7962=ADVANCED_FACE('',(#7250),#7526,.T.);
#7963=ADVANCED_FACE('',(#7251),#182,.T.);
#7964=ADVANCED_FACE('',(#7252),#7527,.T.);
#7965=ADVANCED_FACE('',(#7253),#183,.T.);
#7966=ADVANCED_FACE('',(#7254),#7528,.F.);
#7967=ADVANCED_FACE('',(#7255),#184,.T.);
#7968=ADVANCED_FACE('',(#7256),#7529,.F.);
#7969=ADVANCED_FACE('',(#7257),#185,.T.);
#7970=ADVANCED_FACE('',(#7258),#7530,.T.);
#7971=ADVANCED_FACE('',(#7259),#186,.T.);
#7972=ADVANCED_FACE('',(#7260),#7531,.F.);
#7973=ADVANCED_FACE('',(#7261),#187,.T.);
#7974=ADVANCED_FACE('',(#7262),#7532,.F.);
#7975=ADVANCED_FACE('',(#7263),#188,.T.);
#7976=ADVANCED_FACE('',(#7264),#7533,.T.);
#7977=ADVANCED_FACE('',(#7265),#189,.T.);
#7978=ADVANCED_FACE('',(#7266),#7534,.T.);
#7979=ADVANCED_FACE('',(#7267),#7535,.T.);
#7980=ADVANCED_FACE('',(#7268),#190,.T.);
#7981=ADVANCED_FACE('',(#7269),#7536,.F.);
#7982=ADVANCED_FACE('',(#7270),#7537,.F.);
#7983=ADVANCED_FACE('',(#7271),#7538,.T.);
#7984=ADVANCED_FACE('',(#7272),#191,.T.);
#7985=ADVANCED_FACE('',(#7273),#7539,.T.);
#7986=ADVANCED_FACE('',(#7274),#7540,.T.);
#7987=CLOSED_SHELL('',(#7541,#7542,#7543,#7544,#7545,#7546,#7547,#7548,
#7549,#7550,#7551,#7552,#7553,#7554,#7555,#7556,#7557,#7558,#7559,#7560,
#7561,#7562,#7563,#7564,#7565,#7566,#7567,#7568,#7569,#7570,#7571,#7572,
#7573,#7574,#7575,#7576,#7577,#7578,#7579,#7580,#7581,#7582,#7583,#7584,
#7585,#7586,#7587,#7588,#7589,#7590,#7591,#7592,#7593,#7594,#7595,#7596,
#7597,#7598,#7599,#7600,#7601,#7602,#7603,#7604,#7605,#7606,#7607,#7608,
#7609,#7610,#7611,#7612,#7613,#7614,#7615,#7616,#7617,#7618,#7619,#7620,
#7621,#7622,#7623,#7624,#7625,#7626,#7627,#7628,#7629,#7630,#7631,#7632,
#7633,#7634,#7635,#7636,#7637,#7638,#7639,#7640,#7641,#7642,#7643,#7644,
#7645,#7646,#7647,#7648,#7649,#7650,#7651,#7652,#7653,#7654,#7655,#7656,
#7657,#7658,#7659,#7660,#7661,#7662,#7663,#7664,#7665,#7666,#7667,#7668,
#7669,#7670,#7671,#7672,#7673,#7674,#7675,#7676,#7677,#7678,#7679,#7680,
#7681,#7682,#7683,#7684,#7685,#7686,#7687,#7688,#7689,#7690,#7691,#7692,
#7693,#7694,#7695,#7696,#7697,#7698,#7699,#7700,#7701,#7702,#7703,#7704,
#7705,#7706,#7707,#7708,#7709,#7710,#7711,#7712,#7713,#7714,#7715,#7716,
#7717,#7718,#7719,#7720,#7721,#7722,#7723,#7724,#7725,#7726,#7727,#7728,
#7729,#7730,#7731,#7732,#7733,#7734,#7735,#7736,#7737,#7738,#7739,#7740,
#7741,#7742,#7743,#7744,#7745,#7746,#7747,#7748,#7749,#7750,#7751,#7752,
#7753,#7754,#7755,#7756,#7757,#7758,#7759,#7760,#7761,#7762,#7763,#7764,
#7765,#7766,#7767,#7768,#7769,#7770,#7771,#7772,#7773,#7774,#7775,#7776,
#7777,#7778,#7779,#7780,#7781,#7782,#7783,#7784,#7785,#7786,#7787,#7788,
#7789,#7790,#7791,#7792,#7793,#7794,#7795,#7796,#7797,#7798,#7799,#7800,
#7801,#7802,#7803,#7804,#7805,#7806,#7807,#7808,#7809,#7810,#7811,#7812,
#7813,#7814,#7815,#7816,#7817,#7818,#7819,#7820,#7821,#7822,#7823,#7824,
#7825,#7826,#7827,#7828,#7829,#7830,#7831,#7832,#7833,#7834,#7835,#7836,
#7837,#7838,#7839,#7840,#7841,#7842,#7843,#7844,#7845,#7846,#7847,#7848,
#7849,#7850,#7851,#7852,#7853,#7854,#7855,#7856,#7857,#7858,#7859,#7860,
#7861,#7862,#7863,#7864,#7865,#7866,#7867,#7868,#7869,#7870,#7871,#7872,
#7873,#7874,#7875,#7876,#7877,#7878,#7879,#7880,#7881,#7882,#7883,#7884,
#7885,#7886,#7887,#7888,#7889,#7890,#7891,#7892,#7893,#7894,#7895,#7896,
#7897,#7898,#7899,#7900,#7901,#7902,#7903,#7904,#7905,#7906,#7907,#7908,
#7909,#7910,#7911,#7912,#7913,#7914,#7915,#7916,#7917,#7918,#7919,#7920,
#7921,#7922,#7923,#7924,#7925,#7926,#7927,#7928,#7929,#7930,#7931,#7932,
#7933,#7934,#7935,#7936,#7937,#7938,#7939,#7940,#7941,#7942,#7943,#7944,
#7945,#7946,#7947,#7948,#7949,#7950,#7951,#7952,#7953,#7954,#7955,#7956,
#7957,#7958,#7959,#7960,#7961,#7962,#7963,#7964,#7965,#7966,#7967,#7968,
#7969,#7970,#7971,#7972,#7973,#7974,#7975,#7976,#7977,#7978,#7979,#7980,
#7981,#7982,#7983,#7984,#7985,#7986));
#7988=STYLED_ITEM('',(#7989),#7996);
#7989=PRESENTATION_STYLE_ASSIGNMENT((#7990));
#7990=SURFACE_STYLE_USAGE(.BOTH.,#7991);
#7991=SURFACE_SIDE_STYLE('',(#7992));
#7992=SURFACE_STYLE_FILL_AREA(#7993);
#7993=FILL_AREA_STYLE('',(#7994));
#7994=FILL_AREA_STYLE_COLOUR('',#7995);
#7995=COLOUR_RGB('',0.0627450980392157,0.266666666666666,0.490196078431373);
#7996=MANIFOLD_SOLID_BREP('Part 6',#7987);
#7997=SHAPE_DEFINITION_REPRESENTATION(#13981,#7998);
#7998=SHAPE_REPRESENTATION('Part 6',(#7999),#13976);
#7999=AXIS2_PLACEMENT_3D('',#11059,#8770,#8771);
#8000=AXIS2_PLACEMENT_3D('',#11060,#8772,#8773);
#8001=AXIS2_PLACEMENT_3D('',#11061,#8774,#8775);
#8002=AXIS2_PLACEMENT_3D('',#11069,#8776,#8777);
#8003=AXIS2_PLACEMENT_3D('',#11076,#8778,#8779);
#8004=AXIS2_PLACEMENT_3D('',#11083,#8780,#8781);
#8005=AXIS2_PLACEMENT_3D('',#11096,#8785,#8786);
#8006=AXIS2_PLACEMENT_3D('',#11104,#8790,#8791);
#8007=AXIS2_PLACEMENT_3D('',#11112,#8795,#8796);
#8008=AXIS2_PLACEMENT_3D('',#11120,#8800,#8801);
#8009=AXIS2_PLACEMENT_3D('',#11152,#8817,#8818);
#8010=AXIS2_PLACEMENT_3D('',#11160,#8822,#8823);
#8011=AXIS2_PLACEMENT_3D('',#11168,#8827,#8828);
#8012=AXIS2_PLACEMENT_3D('',#11176,#8832,#8833);
#8013=AXIS2_PLACEMENT_3D('',#11184,#8837,#8838);
#8014=AXIS2_PLACEMENT_3D('',#11192,#8842,#8843);
#8015=AXIS2_PLACEMENT_3D('',#11200,#8847,#8848);
#8016=AXIS2_PLACEMENT_3D('',#11208,#8852,#8853);
#8017=AXIS2_PLACEMENT_3D('',#11216,#8857,#8858);
#8018=AXIS2_PLACEMENT_3D('',#11224,#8862,#8863);
#8019=AXIS2_PLACEMENT_3D('',#11232,#8867,#8868);
#8020=AXIS2_PLACEMENT_3D('',#11240,#8872,#8873);
#8021=AXIS2_PLACEMENT_3D('',#11241,#8874,#8875);
#8022=AXIS2_PLACEMENT_3D('',#11493,#8876,#8877);
#8023=AXIS2_PLACEMENT_3D('',#11787,#8878,#8879);
#8024=AXIS2_PLACEMENT_3D('',#11793,#8880,#8881);
#8025=AXIS2_PLACEMENT_3D('',#11794,#8882,#8883);
#8026=AXIS2_PLACEMENT_3D('',#11800,#8884,#8885);
#8027=AXIS2_PLACEMENT_3D('',#11801,#8886,#8887);
#8028=AXIS2_PLACEMENT_3D('',#11802,#8888,#8889);
#8029=AXIS2_PLACEMENT_3D('',#11808,#8890,#8891);
#8030=AXIS2_PLACEMENT_3D('',#11828,#8892,#8893);
#8031=AXIS2_PLACEMENT_3D('',#11853,#8894,#8895);
#8032=AXIS2_PLACEMENT_3D('',#11869,#8896,#8897);
#8033=AXIS2_PLACEMENT_3D('',#11885,#8898,#8899);
#8034=AXIS2_PLACEMENT_3D('',#11901,#8900,#8901);
#8035=AXIS2_PLACEMENT_3D('',#11917,#8902,#8903);
#8036=AXIS2_PLACEMENT_3D('',#11918,#8904,#8905);
#8037=AXIS2_PLACEMENT_3D('',#11920,#8906,#8907);
#8038=AXIS2_PLACEMENT_3D('',#11922,#8908,#8909);
#8039=AXIS2_PLACEMENT_3D('',#11924,#8910,#8911);
#8040=AXIS2_PLACEMENT_3D('',#11946,#8924,#8925);
#8041=AXIS2_PLACEMENT_3D('',#11947,#8926,#8927);
#8042=AXIS2_PLACEMENT_3D('',#11949,#8928,#8929);
#8043=AXIS2_PLACEMENT_3D('',#11950,#8930,#8931);
#8044=AXIS2_PLACEMENT_3D('',#11952,#8932,#8933);
#8045=AXIS2_PLACEMENT_3D('',#11953,#8934,#8935);
#8046=AXIS2_PLACEMENT_3D('',#11954,#8936,#8937);
#8047=AXIS2_PLACEMENT_3D('',#11955,#8938,#8939);
#8048=AXIS2_PLACEMENT_3D('',#11957,#8940,#8941);
#8049=AXIS2_PLACEMENT_3D('',#11958,#8942,#8943);
#8050=AXIS2_PLACEMENT_3D('',#11960,#8944,#8945);
#8051=AXIS2_PLACEMENT_3D('',#11961,#8946,#8947);
#8052=AXIS2_PLACEMENT_3D('',#11962,#8948,#8949);
#8053=AXIS2_PLACEMENT_3D('',#11964,#8950,#8951);
#8054=AXIS2_PLACEMENT_3D('',#11965,#8952,#8953);
#8055=AXIS2_PLACEMENT_3D('',#11967,#8954,#8955);
#8056=AXIS2_PLACEMENT_3D('',#11968,#8956,#8957);
#8057=AXIS2_PLACEMENT_3D('',#11969,#8958,#8959);
#8058=AXIS2_PLACEMENT_3D('',#11971,#8960,#8961);
#8059=AXIS2_PLACEMENT_3D('',#11972,#8962,#8963);
#8060=AXIS2_PLACEMENT_3D('',#11974,#8964,#8965);
#8061=AXIS2_PLACEMENT_3D('',#11975,#8966,#8967);
#8062=AXIS2_PLACEMENT_3D('',#11976,#8968,#8969);
#8063=AXIS2_PLACEMENT_3D('',#11977,#8970,#8971);
#8064=AXIS2_PLACEMENT_3D('',#11978,#8972,#8973);
#8065=AXIS2_PLACEMENT_3D('',#11987,#8978,#8979);
#8066=AXIS2_PLACEMENT_3D('',#11996,#8984,#8985);
#8067=AXIS2_PLACEMENT_3D('',#12005,#8990,#8991);
#8068=AXIS2_PLACEMENT_3D('',#12014,#8996,#8997);
#8069=AXIS2_PLACEMENT_3D('',#12015,#8998,#8999);
#8070=AXIS2_PLACEMENT_3D('',#12016,#9000,#9001);
#8071=AXIS2_PLACEMENT_3D('',#12017,#9002,#9003);
#8072=AXIS2_PLACEMENT_3D('',#12019,#9004,#9005);
#8073=AXIS2_PLACEMENT_3D('',#12021,#9006,#9007);
#8074=AXIS2_PLACEMENT_3D('',#12023,#9008,#9009);
#8075=AXIS2_PLACEMENT_3D('',#12025,#9010,#9011);
#8076=AXIS2_PLACEMENT_3D('',#12027,#9012,#9013);
#8077=AXIS2_PLACEMENT_3D('',#12037,#9018,#9019);
#8078=AXIS2_PLACEMENT_3D('',#12038,#9020,#9021);
#8079=AXIS2_PLACEMENT_3D('',#12040,#9022,#9023);
#8080=AXIS2_PLACEMENT_3D('',#12042,#9024,#9025);
#8081=AXIS2_PLACEMENT_3D('',#12043,#9026,#9027);
#8082=AXIS2_PLACEMENT_3D('',#12045,#9028,#9029);
#8083=AXIS2_PLACEMENT_3D('',#12046,#9030,#9031);
#8084=AXIS2_PLACEMENT_3D('',#12048,#9032,#9033);
#8085=AXIS2_PLACEMENT_3D('',#12050,#9034,#9035);
#8086=AXIS2_PLACEMENT_3D('',#12051,#9036,#9037);
#8087=AXIS2_PLACEMENT_3D('',#12053,#9038,#9039);
#8088=AXIS2_PLACEMENT_3D('',#12054,#9040,#9041);
#8089=AXIS2_PLACEMENT_3D('',#12056,#9042,#9043);
#8090=AXIS2_PLACEMENT_3D('',#12058,#9044,#9045);
#8091=AXIS2_PLACEMENT_3D('',#12059,#9046,#9047);
#8092=AXIS2_PLACEMENT_3D('',#12061,#9048,#9049);
#8093=AXIS2_PLACEMENT_3D('',#12062,#9050,#9051);
#8094=AXIS2_PLACEMENT_3D('',#12064,#9052,#9053);
#8095=AXIS2_PLACEMENT_3D('',#12066,#9054,#9055);
#8096=AXIS2_PLACEMENT_3D('',#12067,#9056,#9057);
#8097=AXIS2_PLACEMENT_3D('',#12069,#9058,#9059);
#8098=AXIS2_PLACEMENT_3D('',#12070,#9060,#9061);
#8099=AXIS2_PLACEMENT_3D('',#12072,#9062,#9063);
#8100=AXIS2_PLACEMENT_3D('',#12074,#9064,#9065);
#8101=AXIS2_PLACEMENT_3D('',#12075,#9066,#9067);
#8102=AXIS2_PLACEMENT_3D('',#12077,#9068,#9069);
#8103=AXIS2_PLACEMENT_3D('',#12078,#9070,#9071);
#8104=AXIS2_PLACEMENT_3D('',#12080,#9072,#9073);
#8105=AXIS2_PLACEMENT_3D('',#12082,#9074,#9075);
#8106=AXIS2_PLACEMENT_3D('',#12083,#9076,#9077);
#8107=AXIS2_PLACEMENT_3D('',#12085,#9078,#9079);
#8108=AXIS2_PLACEMENT_3D('',#12086,#9080,#9081);
#8109=AXIS2_PLACEMENT_3D('',#12087,#9082,#9083);
#8110=AXIS2_PLACEMENT_3D('',#12088,#9084,#9085);
#8111=AXIS2_PLACEMENT_3D('',#12089,#9086,#9087);
#8112=AXIS2_PLACEMENT_3D('',#12090,#9088,#9089);
#8113=AXIS2_PLACEMENT_3D('',#12091,#9090,#9091);
#8114=AXIS2_PLACEMENT_3D('',#12092,#9092,#9093);
#8115=AXIS2_PLACEMENT_3D('',#12093,#9094,#9095);
#8116=AXIS2_PLACEMENT_3D('',#12094,#9096,#9097);
#8117=AXIS2_PLACEMENT_3D('',#12095,#9098,#9099);
#8118=AXIS2_PLACEMENT_3D('',#12096,#9100,#9101);
#8119=AXIS2_PLACEMENT_3D('',#12097,#9102,#9103);
#8120=AXIS2_PLACEMENT_3D('',#12100,#9106,#9107);
#8121=AXIS2_PLACEMENT_3D('',#12103,#9110,#9111);
#8122=AXIS2_PLACEMENT_3D('',#12106,#9114,#9115);
#8123=AXIS2_PLACEMENT_3D('',#12108,#9117,#9118);
#8124=AXIS2_PLACEMENT_3D('',#12110,#9120,#9121);
#8125=AXIS2_PLACEMENT_3D('',#12113,#9124,#9125);
#8126=AXIS2_PLACEMENT_3D('',#12115,#9127,#9128);
#8127=AXIS2_PLACEMENT_3D('',#12117,#9130,#9131);
#8128=AXIS2_PLACEMENT_3D('',#12120,#9134,#9135);
#8129=AXIS2_PLACEMENT_3D('',#12122,#9137,#9138);
#8130=AXIS2_PLACEMENT_3D('',#12124,#9140,#9141);
#8131=AXIS2_PLACEMENT_3D('',#12126,#9143,#9144);
#8132=AXIS2_PLACEMENT_3D('',#12128,#9146,#9147);
#8133=AXIS2_PLACEMENT_3D('',#12130,#9149,#9150);
#8134=AXIS2_PLACEMENT_3D('',#12132,#9152,#9153);
#8135=AXIS2_PLACEMENT_3D('',#12134,#9155,#9156);
#8136=AXIS2_PLACEMENT_3D('',#12136,#9158,#9159);
#8137=AXIS2_PLACEMENT_3D('',#12138,#9161,#9162);
#8138=AXIS2_PLACEMENT_3D('',#12140,#9164,#9165);
#8139=AXIS2_PLACEMENT_3D('',#12141,#9166,#9167);
#8140=AXIS2_PLACEMENT_3D('',#12145,#9169,#9170);
#8141=AXIS2_PLACEMENT_3D('',#12149,#9172,#9173);
#8142=AXIS2_PLACEMENT_3D('',#12153,#9175,#9176);
#8143=AXIS2_PLACEMENT_3D('',#12157,#9178,#9179);
#8144=AXIS2_PLACEMENT_3D('',#12161,#9181,#9182);
#8145=AXIS2_PLACEMENT_3D('',#12165,#9184,#9185);
#8146=AXIS2_PLACEMENT_3D('',#12169,#9187,#9188);
#8147=AXIS2_PLACEMENT_3D('',#12173,#9190,#9191);
#8148=AXIS2_PLACEMENT_3D('',#12177,#9193,#9194);
#8149=AXIS2_PLACEMENT_3D('',#12181,#9196,#9197);
#8150=AXIS2_PLACEMENT_3D('',#12185,#9199,#9200);
#8151=AXIS2_PLACEMENT_3D('',#12189,#9202,#9203);
#8152=AXIS2_PLACEMENT_3D('',#12193,#9205,#9206);
#8153=AXIS2_PLACEMENT_3D('',#12197,#9208,#9209);
#8154=AXIS2_PLACEMENT_3D('',#12201,#9211,#9212);
#8155=AXIS2_PLACEMENT_3D('',#12205,#9214,#9215);
#8156=AXIS2_PLACEMENT_3D('',#12209,#9217,#9218);
#8157=AXIS2_PLACEMENT_3D('',#12213,#9220,#9221);
#8158=AXIS2_PLACEMENT_3D('',#12217,#9223,#9224);
#8159=AXIS2_PLACEMENT_3D('',#12221,#9226,#9227);
#8160=AXIS2_PLACEMENT_3D('',#12225,#9229,#9230);
#8161=AXIS2_PLACEMENT_3D('',#12229,#9232,#9233);
#8162=AXIS2_PLACEMENT_3D('',#12233,#9235,#9236);
#8163=AXIS2_PLACEMENT_3D('',#12237,#9238,#9239);
#8164=AXIS2_PLACEMENT_3D('',#12241,#9241,#9242);
#8165=AXIS2_PLACEMENT_3D('',#12245,#9244,#9245);
#8166=AXIS2_PLACEMENT_3D('',#12249,#9247,#9248);
#8167=AXIS2_PLACEMENT_3D('',#12253,#9250,#9251);
#8168=AXIS2_PLACEMENT_3D('',#12259,#9254,#9255);
#8169=AXIS2_PLACEMENT_3D('',#12263,#9257,#9258);
#8170=AXIS2_PLACEMENT_3D('',#12271,#9262,#9263);
#8171=AXIS2_PLACEMENT_3D('',#12275,#9265,#9266);
#8172=AXIS2_PLACEMENT_3D('',#12283,#9270,#9271);
#8173=AXIS2_PLACEMENT_3D('',#12287,#9273,#9274);
#8174=AXIS2_PLACEMENT_3D('',#12291,#9276,#9277);
#8175=AXIS2_PLACEMENT_3D('',#12295,#9279,#9280);
#8176=AXIS2_PLACEMENT_3D('',#12299,#9282,#9283);
#8177=AXIS2_PLACEMENT_3D('',#12303,#9285,#9286);
#8178=AXIS2_PLACEMENT_3D('',#12307,#9288,#9289);
#8179=AXIS2_PLACEMENT_3D('',#12311,#9291,#9292);
#8180=AXIS2_PLACEMENT_3D('',#12315,#9294,#9295);
#8181=AXIS2_PLACEMENT_3D('',#12319,#9297,#9298);
#8182=AXIS2_PLACEMENT_3D('',#12323,#9300,#9301);
#8183=AXIS2_PLACEMENT_3D('',#12327,#9303,#9304);
#8184=AXIS2_PLACEMENT_3D('',#12331,#9306,#9307);
#8185=AXIS2_PLACEMENT_3D('',#12335,#9309,#9310);
#8186=AXIS2_PLACEMENT_3D('',#12339,#9312,#9313);
#8187=AXIS2_PLACEMENT_3D('',#12343,#9315,#9316);
#8188=AXIS2_PLACEMENT_3D('',#12347,#9318,#9319);
#8189=AXIS2_PLACEMENT_3D('',#12355,#9323,#9324);
#8190=AXIS2_PLACEMENT_3D('',#12359,#9326,#9327);
#8191=AXIS2_PLACEMENT_3D('',#12363,#9329,#9330);
#8192=AXIS2_PLACEMENT_3D('',#12367,#9332,#9333);
#8193=AXIS2_PLACEMENT_3D('',#12371,#9335,#9336);
#8194=AXIS2_PLACEMENT_3D('',#12375,#9338,#9339);
#8195=AXIS2_PLACEMENT_3D('',#12379,#9341,#9342);
#8196=AXIS2_PLACEMENT_3D('',#12383,#9344,#9345);
#8197=AXIS2_PLACEMENT_3D('',#12387,#9347,#9348);
#8198=AXIS2_PLACEMENT_3D('',#12391,#9350,#9351);
#8199=AXIS2_PLACEMENT_3D('',#12395,#9353,#9354);
#8200=AXIS2_PLACEMENT_3D('',#12399,#9356,#9357);
#8201=AXIS2_PLACEMENT_3D('',#12403,#9359,#9360);
#8202=AXIS2_PLACEMENT_3D('',#12407,#9362,#9363);
#8203=AXIS2_PLACEMENT_3D('',#12411,#9365,#9366);
#8204=AXIS2_PLACEMENT_3D('',#12415,#9368,#9369);
#8205=AXIS2_PLACEMENT_3D('',#12419,#9371,#9372);
#8206=AXIS2_PLACEMENT_3D('',#12423,#9374,#9375);
#8207=AXIS2_PLACEMENT_3D('',#12427,#9377,#9378);
#8208=AXIS2_PLACEMENT_3D('',#12431,#9380,#9381);
#8209=AXIS2_PLACEMENT_3D('',#12435,#9383,#9384);
#8210=AXIS2_PLACEMENT_3D('',#12439,#9386,#9387);
#8211=AXIS2_PLACEMENT_3D('',#12447,#9391,#9392);
#8212=AXIS2_PLACEMENT_3D('',#12451,#9394,#9395);
#8213=AXIS2_PLACEMENT_3D('',#12455,#9397,#9398);
#8214=AXIS2_PLACEMENT_3D('',#12459,#9400,#9401);
#8215=AXIS2_PLACEMENT_3D('',#12463,#9403,#9404);
#8216=AXIS2_PLACEMENT_3D('',#12467,#9406,#9407);
#8217=AXIS2_PLACEMENT_3D('',#12475,#9411,#9412);
#8218=AXIS2_PLACEMENT_3D('',#12479,#9414,#9415);
#8219=AXIS2_PLACEMENT_3D('',#12483,#9417,#9418);
#8220=AXIS2_PLACEMENT_3D('',#12487,#9420,#9421);
#8221=AXIS2_PLACEMENT_3D('',#12491,#9423,#9424);
#8222=AXIS2_PLACEMENT_3D('',#12495,#9426,#9427);
#8223=AXIS2_PLACEMENT_3D('',#12499,#9429,#9430);
#8224=AXIS2_PLACEMENT_3D('',#12503,#9432,#9433);
#8225=AXIS2_PLACEMENT_3D('',#12507,#9435,#9436);
#8226=AXIS2_PLACEMENT_3D('',#12511,#9438,#9439);
#8227=AXIS2_PLACEMENT_3D('',#12515,#9441,#9442);
#8228=AXIS2_PLACEMENT_3D('',#12519,#9444,#9445);
#8229=AXIS2_PLACEMENT_3D('',#12523,#9447,#9448);
#8230=AXIS2_PLACEMENT_3D('',#12527,#9450,#9451);
#8231=AXIS2_PLACEMENT_3D('',#12531,#9453,#9454);
#8232=AXIS2_PLACEMENT_3D('',#12535,#9456,#9457);
#8233=AXIS2_PLACEMENT_3D('',#12539,#9459,#9460);
#8234=AXIS2_PLACEMENT_3D('',#12543,#9462,#9463);
#8235=AXIS2_PLACEMENT_3D('',#12547,#9465,#9466);
#8236=AXIS2_PLACEMENT_3D('',#12551,#9468,#9469);
#8237=AXIS2_PLACEMENT_3D('',#12555,#9471,#9472);
#8238=AXIS2_PLACEMENT_3D('',#12559,#9474,#9475);
#8239=AXIS2_PLACEMENT_3D('',#12563,#9477,#9478);
#8240=AXIS2_PLACEMENT_3D('',#12567,#9480,#9481);
#8241=AXIS2_PLACEMENT_3D('',#12571,#9483,#9484);
#8242=AXIS2_PLACEMENT_3D('',#12575,#9486,#9487);
#8243=AXIS2_PLACEMENT_3D('',#12579,#9489,#9490);
#8244=AXIS2_PLACEMENT_3D('',#12583,#9492,#9493);
#8245=AXIS2_PLACEMENT_3D('',#12587,#9495,#9496);
#8246=AXIS2_PLACEMENT_3D('',#12591,#9498,#9499);
#8247=AXIS2_PLACEMENT_3D('',#12595,#9501,#9502);
#8248=AXIS2_PLACEMENT_3D('',#12599,#9504,#9505);
#8249=AXIS2_PLACEMENT_3D('',#12603,#9507,#9508);
#8250=AXIS2_PLACEMENT_3D('',#12607,#9510,#9511);
#8251=AXIS2_PLACEMENT_3D('',#12611,#9513,#9514);
#8252=AXIS2_PLACEMENT_3D('',#12619,#9518,#9519);
#8253=AXIS2_PLACEMENT_3D('',#12623,#9521,#9522);
#8254=AXIS2_PLACEMENT_3D('',#12629,#9525,#9526);
#8255=AXIS2_PLACEMENT_3D('',#12633,#9528,#9529);
#8256=AXIS2_PLACEMENT_3D('',#12637,#9531,#9532);
#8257=AXIS2_PLACEMENT_3D('',#12641,#9534,#9535);
#8258=AXIS2_PLACEMENT_3D('',#12651,#9541,#9542);
#8259=AXIS2_PLACEMENT_3D('',#12656,#9545,#9546);
#8260=AXIS2_PLACEMENT_3D('',#12660,#9548,#9549);
#8261=AXIS2_PLACEMENT_3D('',#12664,#9551,#9552);
#8262=AXIS2_PLACEMENT_3D('',#12669,#9555,#9556);
#8263=AXIS2_PLACEMENT_3D('',#12673,#9558,#9559);
#8264=AXIS2_PLACEMENT_3D('',#12677,#9561,#9562);
#8265=AXIS2_PLACEMENT_3D('',#12682,#9565,#9566);
#8266=AXIS2_PLACEMENT_3D('',#12686,#9568,#9569);
#8267=AXIS2_PLACEMENT_3D('',#12690,#9571,#9572);
#8268=AXIS2_PLACEMENT_3D('',#12695,#9575,#9576);
#8269=AXIS2_PLACEMENT_3D('',#12699,#9578,#9579);
#8270=AXIS2_PLACEMENT_3D('',#12703,#9581,#9582);
#8271=AXIS2_PLACEMENT_3D('',#12708,#9585,#9586);
#8272=AXIS2_PLACEMENT_3D('',#12712,#9588,#9589);
#8273=AXIS2_PLACEMENT_3D('',#12716,#9591,#9592);
#8274=AXIS2_PLACEMENT_3D('',#12721,#9595,#9596);
#8275=AXIS2_PLACEMENT_3D('',#12725,#9598,#9599);
#8276=AXIS2_PLACEMENT_3D('',#12729,#9601,#9602);
#8277=AXIS2_PLACEMENT_3D('',#12734,#9605,#9606);
#8278=AXIS2_PLACEMENT_3D('',#12738,#9608,#9609);
#8279=AXIS2_PLACEMENT_3D('',#12742,#9611,#9612);
#8280=AXIS2_PLACEMENT_3D('',#12747,#9615,#9616);
#8281=AXIS2_PLACEMENT_3D('',#12751,#9618,#9619);
#8282=AXIS2_PLACEMENT_3D('',#12756,#9622,#9623);
#8283=AXIS2_PLACEMENT_3D('',#12762,#9627,#9628);
#8284=AXIS2_PLACEMENT_3D('',#12766,#9631,#9632);
#8285=AXIS2_PLACEMENT_3D('',#12770,#9635,#9636);
#8286=AXIS2_PLACEMENT_3D('',#12772,#9638,#9639);
#8287=AXIS2_PLACEMENT_3D('',#12774,#9641,#9642);
#8288=AXIS2_PLACEMENT_3D('',#12776,#9644,#9645);
#8289=AXIS2_PLACEMENT_3D('',#12778,#9647,#9648);
#8290=AXIS2_PLACEMENT_3D('',#12780,#9650,#9651);
#8291=AXIS2_PLACEMENT_3D('',#12782,#9653,#9654);
#8292=AXIS2_PLACEMENT_3D('',#12786,#9657,#9658);
#8293=AXIS2_PLACEMENT_3D('',#12791,#9662,#9663);
#8294=AXIS2_PLACEMENT_3D('',#12793,#9665,#9666);
#8295=AXIS2_PLACEMENT_3D('',#12794,#9667,#9668);
#8296=AXIS2_PLACEMENT_3D('',#12795,#9669,#9670);
#8297=AXIS2_PLACEMENT_3D('',#12796,#9671,#9672);
#8298=AXIS2_PLACEMENT_3D('',#12799,#9675,#9676);
#8299=AXIS2_PLACEMENT_3D('',#12801,#9678,#9679);
#8300=AXIS2_PLACEMENT_3D('',#12802,#9680,#9681);
#8301=AXIS2_PLACEMENT_3D('',#12803,#9682,#9683);
#8302=AXIS2_PLACEMENT_3D('',#12805,#9685,#9686);
#8303=AXIS2_PLACEMENT_3D('',#12807,#9688,#9689);
#8304=AXIS2_PLACEMENT_3D('',#12811,#9692,#9693);
#8305=AXIS2_PLACEMENT_3D('',#12816,#9697,#9698);
#8306=AXIS2_PLACEMENT_3D('',#12818,#9700,#9701);
#8307=AXIS2_PLACEMENT_3D('',#12819,#9702,#9703);
#8308=AXIS2_PLACEMENT_3D('',#12820,#9704,#9705);
#8309=AXIS2_PLACEMENT_3D('',#12821,#9706,#9707);
#8310=AXIS2_PLACEMENT_3D('',#12823,#9709,#9710);
#8311=AXIS2_PLACEMENT_3D('',#12825,#9712,#9713);
#8312=AXIS2_PLACEMENT_3D('',#12827,#9715,#9716);
#8313=AXIS2_PLACEMENT_3D('',#12831,#9719,#9720);
#8314=AXIS2_PLACEMENT_3D('',#12836,#9724,#9725);
#8315=AXIS2_PLACEMENT_3D('',#12837,#9726,#9727);
#8316=AXIS2_PLACEMENT_3D('',#12838,#9728,#9729);
#8317=AXIS2_PLACEMENT_3D('',#12839,#9730,#9731);
#8318=AXIS2_PLACEMENT_3D('',#12844,#9735,#9736);
#8319=AXIS2_PLACEMENT_3D('',#12846,#9738,#9739);
#8320=AXIS2_PLACEMENT_3D('',#12847,#9740,#9741);
#8321=AXIS2_PLACEMENT_3D('',#12849,#9743,#9744);
#8322=AXIS2_PLACEMENT_3D('',#12853,#9747,#9748);
#8323=AXIS2_PLACEMENT_3D('',#12854,#9749,#9750);
#8324=AXIS2_PLACEMENT_3D('',#12855,#9751,#9752);
#8325=AXIS2_PLACEMENT_3D('',#12857,#9754,#9755);
#8326=AXIS2_PLACEMENT_3D('',#12859,#9757,#9758);
#8327=AXIS2_PLACEMENT_3D('',#12863,#9761,#9762);
#8328=AXIS2_PLACEMENT_3D('',#12868,#9766,#9767);
#8329=AXIS2_PLACEMENT_3D('',#12870,#9769,#9770);
#8330=AXIS2_PLACEMENT_3D('',#12871,#9771,#9772);
#8331=AXIS2_PLACEMENT_3D('',#12872,#9773,#9774);
#8332=AXIS2_PLACEMENT_3D('',#12873,#9775,#9776);
#8333=AXIS2_PLACEMENT_3D('',#12875,#9778,#9779);
#8334=AXIS2_PLACEMENT_3D('',#12877,#9781,#9782);
#8335=AXIS2_PLACEMENT_3D('',#12881,#9785,#9786);
#8336=AXIS2_PLACEMENT_3D('',#12886,#9790,#9791);
#8337=AXIS2_PLACEMENT_3D('',#12888,#9793,#9794);
#8338=AXIS2_PLACEMENT_3D('',#12889,#9795,#9796);
#8339=AXIS2_PLACEMENT_3D('',#12890,#9797,#9798);
#8340=AXIS2_PLACEMENT_3D('',#12891,#9799,#9800);
#8341=AXIS2_PLACEMENT_3D('',#12893,#9802,#9803);
#8342=AXIS2_PLACEMENT_3D('',#12895,#9805,#9806);
#8343=AXIS2_PLACEMENT_3D('',#12899,#9809,#9810);
#8344=AXIS2_PLACEMENT_3D('',#12904,#9814,#9815);
#8345=AXIS2_PLACEMENT_3D('',#12906,#9817,#9818);
#8346=AXIS2_PLACEMENT_3D('',#12907,#9819,#9820);
#8347=AXIS2_PLACEMENT_3D('',#12908,#9821,#9822);
#8348=AXIS2_PLACEMENT_3D('',#12909,#9823,#9824);
#8349=AXIS2_PLACEMENT_3D('',#12911,#9826,#9827);
#8350=AXIS2_PLACEMENT_3D('',#12913,#9829,#9830);
#8351=AXIS2_PLACEMENT_3D('',#12917,#9833,#9834);
#8352=AXIS2_PLACEMENT_3D('',#12922,#9838,#9839);
#8353=AXIS2_PLACEMENT_3D('',#12924,#9841,#9842);
#8354=AXIS2_PLACEMENT_3D('',#12925,#9843,#9844);
#8355=AXIS2_PLACEMENT_3D('',#12926,#9845,#9846);
#8356=AXIS2_PLACEMENT_3D('',#12927,#9847,#9848);
#8357=AXIS2_PLACEMENT_3D('',#12929,#9850,#9851);
#8358=AXIS2_PLACEMENT_3D('',#12931,#9853,#9854);
#8359=AXIS2_PLACEMENT_3D('',#12932,#9855,#9856);
#8360=AXIS2_PLACEMENT_3D('',#12933,#9857,#9858);
#8361=AXIS2_PLACEMENT_3D('',#12936,#9860,#9861);
#8362=AXIS2_PLACEMENT_3D('',#12939,#9863,#9864);
#8363=AXIS2_PLACEMENT_3D('',#12943,#9867,#9868);
#8364=AXIS2_PLACEMENT_3D('',#12946,#9870,#9871);
#8365=AXIS2_PLACEMENT_3D('',#12947,#9872,#9873);
#8366=AXIS2_PLACEMENT_3D('',#12951,#9876,#9877);
#8367=AXIS2_PLACEMENT_3D('',#12954,#9879,#9880);
#8368=AXIS2_PLACEMENT_3D('',#12955,#9881,#9882);
#8369=AXIS2_PLACEMENT_3D('',#12959,#9885,#9886);
#8370=AXIS2_PLACEMENT_3D('',#12962,#9888,#9889);
#8371=AXIS2_PLACEMENT_3D('',#12963,#9890,#9891);
#8372=AXIS2_PLACEMENT_3D('',#12965,#9893,#9894);
#8373=AXIS2_PLACEMENT_3D('',#12966,#9895,#9896);
#8374=AXIS2_PLACEMENT_3D('',#12972,#9900,#9901);
#8375=AXIS2_PLACEMENT_3D('',#12975,#9903,#9904);
#8376=AXIS2_PLACEMENT_3D('',#12976,#9905,#9906);
#8377=AXIS2_PLACEMENT_3D('',#12980,#9909,#9910);
#8378=AXIS2_PLACEMENT_3D('',#12984,#9913,#9914);
#8379=AXIS2_PLACEMENT_3D('',#12988,#9917,#9918);
#8380=AXIS2_PLACEMENT_3D('',#12989,#9919,#9920);
#8381=AXIS2_PLACEMENT_3D('',#12990,#9921,#9922);
#8382=AXIS2_PLACEMENT_3D('',#12991,#9923,#9924);
#8383=AXIS2_PLACEMENT_3D('',#12997,#9928,#9929);
#8384=AXIS2_PLACEMENT_3D('',#13000,#9931,#9932);
#8385=AXIS2_PLACEMENT_3D('',#13001,#9933,#9934);
#8386=AXIS2_PLACEMENT_3D('',#13005,#9937,#9938);
#8387=AXIS2_PLACEMENT_3D('',#13009,#9941,#9942);
#8388=AXIS2_PLACEMENT_3D('',#13010,#9943,#9944);
#8389=AXIS2_PLACEMENT_3D('',#13011,#9945,#9946);
#8390=AXIS2_PLACEMENT_3D('',#13012,#9947,#9948);
#8391=AXIS2_PLACEMENT_3D('',#13018,#9952,#9953);
#8392=AXIS2_PLACEMENT_3D('',#13021,#9955,#9956);
#8393=AXIS2_PLACEMENT_3D('',#13022,#9957,#9958);
#8394=AXIS2_PLACEMENT_3D('',#13026,#9961,#9962);
#8395=AXIS2_PLACEMENT_3D('',#13029,#9964,#9965);
#8396=AXIS2_PLACEMENT_3D('',#13030,#9966,#9967);
#8397=AXIS2_PLACEMENT_3D('',#13034,#9970,#9971);
#8398=AXIS2_PLACEMENT_3D('',#13035,#9972,#9973);
#8399=AXIS2_PLACEMENT_3D('',#13036,#9974,#9975);
#8400=AXIS2_PLACEMENT_3D('',#13037,#9976,#9977);
#8401=AXIS2_PLACEMENT_3D('',#13043,#9981,#9982);
#8402=AXIS2_PLACEMENT_3D('',#13046,#9984,#9985);
#8403=AXIS2_PLACEMENT_3D('',#13047,#9986,#9987);
#8404=AXIS2_PLACEMENT_3D('',#13051,#9990,#9991);
#8405=AXIS2_PLACEMENT_3D('',#13054,#9993,#9994);
#8406=AXIS2_PLACEMENT_3D('',#13055,#9995,#9996);
#8407=AXIS2_PLACEMENT_3D('',#13059,#9999,#10000);
#8408=AXIS2_PLACEMENT_3D('',#13060,#10001,#10002);
#8409=AXIS2_PLACEMENT_3D('',#13061,#10003,#10004);
#8410=AXIS2_PLACEMENT_3D('',#13062,#10005,#10006);
#8411=AXIS2_PLACEMENT_3D('',#13068,#10010,#10011);
#8412=AXIS2_PLACEMENT_3D('',#13071,#10013,#10014);
#8413=AXIS2_PLACEMENT_3D('',#13072,#10015,#10016);
#8414=AXIS2_PLACEMENT_3D('',#13076,#10019,#10020);
#8415=AXIS2_PLACEMENT_3D('',#13079,#10022,#10023);
#8416=AXIS2_PLACEMENT_3D('',#13080,#10024,#10025);
#8417=AXIS2_PLACEMENT_3D('',#13084,#10028,#10029);
#8418=AXIS2_PLACEMENT_3D('',#13085,#10030,#10031);
#8419=AXIS2_PLACEMENT_3D('',#13086,#10032,#10033);
#8420=AXIS2_PLACEMENT_3D('',#13087,#10034,#10035);
#8421=AXIS2_PLACEMENT_3D('',#13093,#10039,#10040);
#8422=AXIS2_PLACEMENT_3D('',#13096,#10042,#10043);
#8423=AXIS2_PLACEMENT_3D('',#13097,#10044,#10045);
#8424=AXIS2_PLACEMENT_3D('',#13101,#10048,#10049);
#8425=AXIS2_PLACEMENT_3D('',#13104,#10051,#10052);
#8426=AXIS2_PLACEMENT_3D('',#13105,#10053,#10054);
#8427=AXIS2_PLACEMENT_3D('',#13109,#10057,#10058);
#8428=AXIS2_PLACEMENT_3D('',#13110,#10059,#10060);
#8429=AXIS2_PLACEMENT_3D('',#13111,#10061,#10062);
#8430=AXIS2_PLACEMENT_3D('',#13112,#10063,#10064);
#8431=AXIS2_PLACEMENT_3D('',#13118,#10068,#10069);
#8432=AXIS2_PLACEMENT_3D('',#13121,#10071,#10072);
#8433=AXIS2_PLACEMENT_3D('',#13122,#10073,#10074);
#8434=AXIS2_PLACEMENT_3D('',#13126,#10077,#10078);
#8435=AXIS2_PLACEMENT_3D('',#13129,#10080,#10081);
#8436=AXIS2_PLACEMENT_3D('',#13130,#10082,#10083);
#8437=AXIS2_PLACEMENT_3D('',#13134,#10086,#10087);
#8438=AXIS2_PLACEMENT_3D('',#13135,#10088,#10089);
#8439=AXIS2_PLACEMENT_3D('',#13136,#10090,#10091);
#8440=AXIS2_PLACEMENT_3D('',#13137,#10092,#10093);
#8441=AXIS2_PLACEMENT_3D('',#13143,#10097,#10098);
#8442=AXIS2_PLACEMENT_3D('',#13146,#10100,#10101);
#8443=AXIS2_PLACEMENT_3D('',#13147,#10102,#10103);
#8444=AXIS2_PLACEMENT_3D('',#13151,#10106,#10107);
#8445=AXIS2_PLACEMENT_3D('',#13154,#10109,#10110);
#8446=AXIS2_PLACEMENT_3D('',#13155,#10111,#10112);
#8447=AXIS2_PLACEMENT_3D('',#13159,#10115,#10116);
#8448=AXIS2_PLACEMENT_3D('',#13160,#10117,#10118);
#8449=AXIS2_PLACEMENT_3D('',#13161,#10119,#10120);
#8450=AXIS2_PLACEMENT_3D('',#13162,#10121,#10122);
#8451=AXIS2_PLACEMENT_3D('',#13168,#10126,#10127);
#8452=AXIS2_PLACEMENT_3D('',#13171,#10129,#10130);
#8453=AXIS2_PLACEMENT_3D('',#13172,#10131,#10132);
#8454=AXIS2_PLACEMENT_3D('',#13176,#10135,#10136);
#8455=AXIS2_PLACEMENT_3D('',#13179,#10138,#10139);
#8456=AXIS2_PLACEMENT_3D('',#13180,#10140,#10141);
#8457=AXIS2_PLACEMENT_3D('',#13182,#10143,#10144);
#8458=AXIS2_PLACEMENT_3D('',#13183,#10145,#10146);
#8459=AXIS2_PLACEMENT_3D('',#13186,#10148,#10149);
#8460=AXIS2_PLACEMENT_3D('',#13189,#10151,#10152);
#8461=AXIS2_PLACEMENT_3D('',#13193,#10155,#10156);
#8462=AXIS2_PLACEMENT_3D('',#13197,#10159,#10160);
#8463=AXIS2_PLACEMENT_3D('',#13201,#10163,#10164);
#8464=AXIS2_PLACEMENT_3D('',#13204,#10166,#10167);
#8465=AXIS2_PLACEMENT_3D('',#13205,#10168,#10169);
#8466=AXIS2_PLACEMENT_3D('',#13207,#10171,#10172);
#8467=AXIS2_PLACEMENT_3D('',#13208,#10173,#10174);
#8468=AXIS2_PLACEMENT_3D('',#13211,#10176,#10177);
#8469=AXIS2_PLACEMENT_3D('',#13214,#10179,#10180);
#8470=AXIS2_PLACEMENT_3D('',#13218,#10183,#10184);
#8471=AXIS2_PLACEMENT_3D('',#13221,#10186,#10187);
#8472=AXIS2_PLACEMENT_3D('',#13222,#10188,#10189);
#8473=AXIS2_PLACEMENT_3D('',#13226,#10192,#10193);
#8474=AXIS2_PLACEMENT_3D('',#13229,#10195,#10196);
#8475=AXIS2_PLACEMENT_3D('',#13230,#10197,#10198);
#8476=AXIS2_PLACEMENT_3D('',#13234,#10201,#10202);
#8477=AXIS2_PLACEMENT_3D('',#13237,#10204,#10205);
#8478=AXIS2_PLACEMENT_3D('',#13238,#10206,#10207);
#8479=AXIS2_PLACEMENT_3D('',#13240,#10209,#10210);
#8480=AXIS2_PLACEMENT_3D('',#13241,#10211,#10212);
#8481=AXIS2_PLACEMENT_3D('',#13244,#10214,#10215);
#8482=AXIS2_PLACEMENT_3D('',#13247,#10217,#10218);
#8483=AXIS2_PLACEMENT_3D('',#13251,#10221,#10222);
#8484=AXIS2_PLACEMENT_3D('',#13254,#10224,#10225);
#8485=AXIS2_PLACEMENT_3D('',#13255,#10226,#10227);
#8486=AXIS2_PLACEMENT_3D('',#13259,#10230,#10231);
#8487=AXIS2_PLACEMENT_3D('',#13262,#10233,#10234);
#8488=AXIS2_PLACEMENT_3D('',#13263,#10235,#10236);
#8489=AXIS2_PLACEMENT_3D('',#13267,#10239,#10240);
#8490=AXIS2_PLACEMENT_3D('',#13270,#10242,#10243);
#8491=AXIS2_PLACEMENT_3D('',#13271,#10244,#10245);
#8492=AXIS2_PLACEMENT_3D('',#13273,#10247,#10248);
#8493=AXIS2_PLACEMENT_3D('',#13274,#10249,#10250);
#8494=AXIS2_PLACEMENT_3D('',#13277,#10252,#10253);
#8495=AXIS2_PLACEMENT_3D('',#13280,#10255,#10256);
#8496=AXIS2_PLACEMENT_3D('',#13284,#10259,#10260);
#8497=AXIS2_PLACEMENT_3D('',#13287,#10262,#10263);
#8498=AXIS2_PLACEMENT_3D('',#13288,#10264,#10265);
#8499=AXIS2_PLACEMENT_3D('',#13292,#10268,#10269);
#8500=AXIS2_PLACEMENT_3D('',#13295,#10271,#10272);
#8501=AXIS2_PLACEMENT_3D('',#13296,#10273,#10274);
#8502=AXIS2_PLACEMENT_3D('',#13300,#10277,#10278);
#8503=AXIS2_PLACEMENT_3D('',#13303,#10280,#10281);
#8504=AXIS2_PLACEMENT_3D('',#13304,#10282,#10283);
#8505=AXIS2_PLACEMENT_3D('',#13306,#10285,#10286);
#8506=AXIS2_PLACEMENT_3D('',#13307,#10287,#10288);
#8507=AXIS2_PLACEMENT_3D('',#13310,#10290,#10291);
#8508=AXIS2_PLACEMENT_3D('',#13313,#10293,#10294);
#8509=AXIS2_PLACEMENT_3D('',#13317,#10297,#10298);
#8510=AXIS2_PLACEMENT_3D('',#13320,#10300,#10301);
#8511=AXIS2_PLACEMENT_3D('',#13321,#10302,#10303);
#8512=AXIS2_PLACEMENT_3D('',#13325,#10306,#10307);
#8513=AXIS2_PLACEMENT_3D('',#13328,#10309,#10310);
#8514=AXIS2_PLACEMENT_3D('',#13329,#10311,#10312);
#8515=AXIS2_PLACEMENT_3D('',#13333,#10315,#10316);
#8516=AXIS2_PLACEMENT_3D('',#13336,#10318,#10319);
#8517=AXIS2_PLACEMENT_3D('',#13337,#10320,#10321);
#8518=AXIS2_PLACEMENT_3D('',#13339,#10323,#10324);
#8519=AXIS2_PLACEMENT_3D('',#13340,#10325,#10326);
#8520=AXIS2_PLACEMENT_3D('',#13343,#10328,#10329);
#8521=AXIS2_PLACEMENT_3D('',#13346,#10331,#10332);
#8522=AXIS2_PLACEMENT_3D('',#13350,#10335,#10336);
#8523=AXIS2_PLACEMENT_3D('',#13353,#10338,#10339);
#8524=AXIS2_PLACEMENT_3D('',#13354,#10340,#10341);
#8525=AXIS2_PLACEMENT_3D('',#13358,#10344,#10345);
#8526=AXIS2_PLACEMENT_3D('',#13361,#10347,#10348);
#8527=AXIS2_PLACEMENT_3D('',#13362,#10349,#10350);
#8528=AXIS2_PLACEMENT_3D('',#13366,#10353,#10354);
#8529=AXIS2_PLACEMENT_3D('',#13369,#10356,#10357);
#8530=AXIS2_PLACEMENT_3D('',#13370,#10358,#10359);
#8531=AXIS2_PLACEMENT_3D('',#13372,#10361,#10362);
#8532=AXIS2_PLACEMENT_3D('',#13373,#10363,#10364);
#8533=AXIS2_PLACEMENT_3D('',#13376,#10366,#10367);
#8534=AXIS2_PLACEMENT_3D('',#13379,#10369,#10370);
#8535=AXIS2_PLACEMENT_3D('',#13383,#10373,#10374);
#8536=AXIS2_PLACEMENT_3D('',#13386,#10376,#10377);
#8537=AXIS2_PLACEMENT_3D('',#13387,#10378,#10379);
#8538=AXIS2_PLACEMENT_3D('',#13391,#10382,#10383);
#8539=AXIS2_PLACEMENT_3D('',#13394,#10385,#10386);
#8540=AXIS2_PLACEMENT_3D('',#13395,#10387,#10388);
#8541=AXIS2_PLACEMENT_3D('',#13399,#10391,#10392);
#8542=AXIS2_PLACEMENT_3D('',#13402,#10394,#10395);
#8543=AXIS2_PLACEMENT_3D('',#13403,#10396,#10397);
#8544=AXIS2_PLACEMENT_3D('',#13405,#10399,#10400);
#8545=AXIS2_PLACEMENT_3D('',#13406,#10401,#10402);
#8546=AXIS2_PLACEMENT_3D('',#13409,#10404,#10405);
#8547=AXIS2_PLACEMENT_3D('',#13412,#10407,#10408);
#8548=AXIS2_PLACEMENT_3D('',#13416,#10411,#10412);
#8549=AXIS2_PLACEMENT_3D('',#13419,#10414,#10415);
#8550=AXIS2_PLACEMENT_3D('',#13420,#10416,#10417);
#8551=AXIS2_PLACEMENT_3D('',#13424,#10420,#10421);
#8552=AXIS2_PLACEMENT_3D('',#13427,#10423,#10424);
#8553=AXIS2_PLACEMENT_3D('',#13428,#10425,#10426);
#8554=AXIS2_PLACEMENT_3D('',#13432,#10429,#10430);
#8555=AXIS2_PLACEMENT_3D('',#13435,#10432,#10433);
#8556=AXIS2_PLACEMENT_3D('',#13436,#10434,#10435);
#8557=AXIS2_PLACEMENT_3D('',#13438,#10437,#10438);
#8558=AXIS2_PLACEMENT_3D('',#13439,#10439,#10440);
#8559=AXIS2_PLACEMENT_3D('',#13442,#10442,#10443);
#8560=AXIS2_PLACEMENT_3D('',#13445,#10445,#10446);
#8561=AXIS2_PLACEMENT_3D('',#13449,#10449,#10450);
#8562=AXIS2_PLACEMENT_3D('',#13452,#10452,#10453);
#8563=AXIS2_PLACEMENT_3D('',#13453,#10454,#10455);
#8564=AXIS2_PLACEMENT_3D('',#13457,#10458,#10459);
#8565=AXIS2_PLACEMENT_3D('',#13460,#10461,#10462);
#8566=AXIS2_PLACEMENT_3D('',#13461,#10463,#10464);
#8567=AXIS2_PLACEMENT_3D('',#13465,#10467,#10468);
#8568=AXIS2_PLACEMENT_3D('',#13468,#10470,#10471);
#8569=AXIS2_PLACEMENT_3D('',#13469,#10472,#10473);
#8570=AXIS2_PLACEMENT_3D('',#13471,#10475,#10476);
#8571=AXIS2_PLACEMENT_3D('',#13472,#10477,#10478);
#8572=AXIS2_PLACEMENT_3D('',#13475,#10480,#10481);
#8573=AXIS2_PLACEMENT_3D('',#13478,#10483,#10484);
#8574=AXIS2_PLACEMENT_3D('',#13482,#10487,#10488);
#8575=AXIS2_PLACEMENT_3D('',#13485,#10490,#10491);
#8576=AXIS2_PLACEMENT_3D('',#13486,#10492,#10493);
#8577=AXIS2_PLACEMENT_3D('',#13490,#10496,#10497);
#8578=AXIS2_PLACEMENT_3D('',#13494,#10500,#10501);
#8579=AXIS2_PLACEMENT_3D('',#13496,#10503,#10504);
#8580=AXIS2_PLACEMENT_3D('',#13497,#10505,#10506);
#8581=AXIS2_PLACEMENT_3D('',#13500,#10508,#10509);
#8582=AXIS2_PLACEMENT_3D('',#13503,#10511,#10512);
#8583=AXIS2_PLACEMENT_3D('',#13507,#10515,#10516);
#8584=AXIS2_PLACEMENT_3D('',#13510,#10518,#10519);
#8585=AXIS2_PLACEMENT_3D('',#13511,#10520,#10521);
#8586=AXIS2_PLACEMENT_3D('',#13515,#10524,#10525);
#8587=AXIS2_PLACEMENT_3D('',#13518,#10527,#10528);
#8588=AXIS2_PLACEMENT_3D('',#13519,#10529,#10530);
#8589=AXIS2_PLACEMENT_3D('',#13523,#10533,#10534);
#8590=AXIS2_PLACEMENT_3D('',#13526,#10536,#10537);
#8591=AXIS2_PLACEMENT_3D('',#13527,#10538,#10539);
#8592=AXIS2_PLACEMENT_3D('',#13529,#10541,#10542);
#8593=AXIS2_PLACEMENT_3D('',#13530,#10543,#10544);
#8594=AXIS2_PLACEMENT_3D('',#13533,#10546,#10547);
#8595=AXIS2_PLACEMENT_3D('',#13536,#10549,#10550);
#8596=AXIS2_PLACEMENT_3D('',#13540,#10553,#10554);
#8597=AXIS2_PLACEMENT_3D('',#13543,#10556,#10557);
#8598=AXIS2_PLACEMENT_3D('',#13544,#10558,#10559);
#8599=AXIS2_PLACEMENT_3D('',#13548,#10562,#10563);
#8600=AXIS2_PLACEMENT_3D('',#13552,#10566,#10567);
#8601=AXIS2_PLACEMENT_3D('',#13554,#10569,#10570);
#8602=AXIS2_PLACEMENT_3D('',#13555,#10571,#10572);
#8603=AXIS2_PLACEMENT_3D('',#13558,#10574,#10575);
#8604=AXIS2_PLACEMENT_3D('',#13561,#10577,#10578);
#8605=AXIS2_PLACEMENT_3D('',#13565,#10581,#10582);
#8606=AXIS2_PLACEMENT_3D('',#13568,#10584,#10585);
#8607=AXIS2_PLACEMENT_3D('',#13569,#10586,#10587);
#8608=AXIS2_PLACEMENT_3D('',#13573,#10590,#10591);
#8609=AXIS2_PLACEMENT_3D('',#13576,#10593,#10594);
#8610=AXIS2_PLACEMENT_3D('',#13577,#10595,#10596);
#8611=AXIS2_PLACEMENT_3D('',#13581,#10599,#10600);
#8612=AXIS2_PLACEMENT_3D('',#13584,#10602,#10603);
#8613=AXIS2_PLACEMENT_3D('',#13585,#10604,#10605);
#8614=AXIS2_PLACEMENT_3D('',#13587,#10607,#10608);
#8615=AXIS2_PLACEMENT_3D('',#13588,#10609,#10610);
#8616=AXIS2_PLACEMENT_3D('',#13591,#10612,#10613);
#8617=AXIS2_PLACEMENT_3D('',#13594,#10615,#10616);
#8618=AXIS2_PLACEMENT_3D('',#13598,#10619,#10620);
#8619=AXIS2_PLACEMENT_3D('',#13601,#10622,#10623);
#8620=AXIS2_PLACEMENT_3D('',#13602,#10624,#10625);
#8621=AXIS2_PLACEMENT_3D('',#13606,#10628,#10629);
#8622=AXIS2_PLACEMENT_3D('',#13609,#10631,#10632);
#8623=AXIS2_PLACEMENT_3D('',#13610,#10633,#10634);
#8624=AXIS2_PLACEMENT_3D('',#13614,#10637,#10638);
#8625=AXIS2_PLACEMENT_3D('',#13617,#10640,#10641);
#8626=AXIS2_PLACEMENT_3D('',#13618,#10642,#10643);
#8627=AXIS2_PLACEMENT_3D('',#13620,#10645,#10646);
#8628=AXIS2_PLACEMENT_3D('',#13621,#10647,#10648);
#8629=AXIS2_PLACEMENT_3D('',#13624,#10650,#10651);
#8630=AXIS2_PLACEMENT_3D('',#13627,#10653,#10654);
#8631=AXIS2_PLACEMENT_3D('',#13631,#10657,#10658);
#8632=AXIS2_PLACEMENT_3D('',#13634,#10660,#10661);
#8633=AXIS2_PLACEMENT_3D('',#13635,#10662,#10663);
#8634=AXIS2_PLACEMENT_3D('',#13639,#10666,#10667);
#8635=AXIS2_PLACEMENT_3D('',#13642,#10669,#10670);
#8636=AXIS2_PLACEMENT_3D('',#13643,#10671,#10672);
#8637=AXIS2_PLACEMENT_3D('',#13647,#10675,#10676);
#8638=AXIS2_PLACEMENT_3D('',#13650,#10678,#10679);
#8639=AXIS2_PLACEMENT_3D('',#13651,#10680,#10681);
#8640=AXIS2_PLACEMENT_3D('',#13653,#10683,#10684);
#8641=AXIS2_PLACEMENT_3D('',#13654,#10685,#10686);
#8642=AXIS2_PLACEMENT_3D('',#13657,#10688,#10689);
#8643=AXIS2_PLACEMENT_3D('',#13660,#10691,#10692);
#8644=AXIS2_PLACEMENT_3D('',#13664,#10695,#10696);
#8645=AXIS2_PLACEMENT_3D('',#13667,#10698,#10699);
#8646=AXIS2_PLACEMENT_3D('',#13668,#10700,#10701);
#8647=AXIS2_PLACEMENT_3D('',#13672,#10704,#10705);
#8648=AXIS2_PLACEMENT_3D('',#13675,#10707,#10708);
#8649=AXIS2_PLACEMENT_3D('',#13676,#10709,#10710);
#8650=AXIS2_PLACEMENT_3D('',#13680,#10713,#10714);
#8651=AXIS2_PLACEMENT_3D('',#13683,#10716,#10717);
#8652=AXIS2_PLACEMENT_3D('',#13684,#10718,#10719);
#8653=AXIS2_PLACEMENT_3D('',#13686,#10721,#10722);
#8654=AXIS2_PLACEMENT_3D('',#13687,#10723,#10724);
#8655=AXIS2_PLACEMENT_3D('',#13688,#10725,#10726);
#8656=AXIS2_PLACEMENT_3D('',#13689,#10727,#10728);
#8657=AXIS2_PLACEMENT_3D('',#13690,#10729,#10730);
#8658=AXIS2_PLACEMENT_3D('',#13693,#10732,#10733);
#8659=AXIS2_PLACEMENT_3D('',#13696,#10735,#10736);
#8660=AXIS2_PLACEMENT_3D('',#13700,#10739,#10740);
#8661=AXIS2_PLACEMENT_3D('',#13703,#10742,#10743);
#8662=AXIS2_PLACEMENT_3D('',#13704,#10744,#10745);
#8663=AXIS2_PLACEMENT_3D('',#13708,#10748,#10749);
#8664=AXIS2_PLACEMENT_3D('',#13711,#10751,#10752);
#8665=AXIS2_PLACEMENT_3D('',#13712,#10753,#10754);
#8666=AXIS2_PLACEMENT_3D('',#13716,#10757,#10758);
#8667=AXIS2_PLACEMENT_3D('',#13719,#10760,#10761);
#8668=AXIS2_PLACEMENT_3D('',#13720,#10762,#10763);
#8669=AXIS2_PLACEMENT_3D('',#13722,#10765,#10766);
#8670=AXIS2_PLACEMENT_3D('',#13723,#10767,#10768);
#8671=AXIS2_PLACEMENT_3D('',#13724,#10769,#10770);
#8672=AXIS2_PLACEMENT_3D('',#13725,#10771,#10772);
#8673=AXIS2_PLACEMENT_3D('',#13726,#10773,#10774);
#8674=AXIS2_PLACEMENT_3D('',#13727,#10775,#10776);
#8675=AXIS2_PLACEMENT_3D('',#13730,#10778,#10779);
#8676=AXIS2_PLACEMENT_3D('',#13733,#10781,#10782);
#8677=AXIS2_PLACEMENT_3D('',#13737,#10785,#10786);
#8678=AXIS2_PLACEMENT_3D('',#13740,#10788,#10789);
#8679=AXIS2_PLACEMENT_3D('',#13741,#10790,#10791);
#8680=AXIS2_PLACEMENT_3D('',#13745,#10794,#10795);
#8681=AXIS2_PLACEMENT_3D('',#13749,#10798,#10799);
#8682=AXIS2_PLACEMENT_3D('',#13751,#10801,#10802);
#8683=AXIS2_PLACEMENT_3D('',#13752,#10803,#10804);
#8684=AXIS2_PLACEMENT_3D('',#13755,#10806,#10807);
#8685=AXIS2_PLACEMENT_3D('',#13758,#10809,#10810);
#8686=AXIS2_PLACEMENT_3D('',#13762,#10813,#10814);
#8687=AXIS2_PLACEMENT_3D('',#13765,#10816,#10817);
#8688=AXIS2_PLACEMENT_3D('',#13766,#10818,#10819);
#8689=AXIS2_PLACEMENT_3D('',#13770,#10822,#10823);
#8690=AXIS2_PLACEMENT_3D('',#13773,#10825,#10826);
#8691=AXIS2_PLACEMENT_3D('',#13774,#10827,#10828);
#8692=AXIS2_PLACEMENT_3D('',#13778,#10831,#10832);
#8693=AXIS2_PLACEMENT_3D('',#13781,#10834,#10835);
#8694=AXIS2_PLACEMENT_3D('',#13782,#10836,#10837);
#8695=AXIS2_PLACEMENT_3D('',#13784,#10839,#10840);
#8696=AXIS2_PLACEMENT_3D('',#13785,#10841,#10842);
#8697=AXIS2_PLACEMENT_3D('',#13788,#10844,#10845);
#8698=AXIS2_PLACEMENT_3D('',#13791,#10847,#10848);
#8699=AXIS2_PLACEMENT_3D('',#13795,#10851,#10852);
#8700=AXIS2_PLACEMENT_3D('',#13798,#10854,#10855);
#8701=AXIS2_PLACEMENT_3D('',#13799,#10856,#10857);
#8702=AXIS2_PLACEMENT_3D('',#13803,#10860,#10861);
#8703=AXIS2_PLACEMENT_3D('',#13806,#10863,#10864);
#8704=AXIS2_PLACEMENT_3D('',#13807,#10865,#10866);
#8705=AXIS2_PLACEMENT_3D('',#13811,#10869,#10870);
#8706=AXIS2_PLACEMENT_3D('',#13814,#10872,#10873);
#8707=AXIS2_PLACEMENT_3D('',#13815,#10874,#10875);
#8708=AXIS2_PLACEMENT_3D('',#13817,#10877,#10878);
#8709=AXIS2_PLACEMENT_3D('',#13818,#10879,#10880);
#8710=AXIS2_PLACEMENT_3D('',#13821,#10882,#10883);
#8711=AXIS2_PLACEMENT_3D('',#13824,#10885,#10886);
#8712=AXIS2_PLACEMENT_3D('',#13828,#10889,#10890);
#8713=AXIS2_PLACEMENT_3D('',#13831,#10892,#10893);
#8714=AXIS2_PLACEMENT_3D('',#13832,#10894,#10895);
#8715=AXIS2_PLACEMENT_3D('',#13836,#10898,#10899);
#8716=AXIS2_PLACEMENT_3D('',#13839,#10901,#10902);
#8717=AXIS2_PLACEMENT_3D('',#13840,#10903,#10904);
#8718=AXIS2_PLACEMENT_3D('',#13844,#10907,#10908);
#8719=AXIS2_PLACEMENT_3D('',#13847,#10910,#10911);
#8720=AXIS2_PLACEMENT_3D('',#13848,#10912,#10913);
#8721=AXIS2_PLACEMENT_3D('',#13850,#10915,#10916);
#8722=AXIS2_PLACEMENT_3D('',#13851,#10917,#10918);
#8723=AXIS2_PLACEMENT_3D('',#13857,#10922,#10923);
#8724=AXIS2_PLACEMENT_3D('',#13860,#10925,#10926);
#8725=AXIS2_PLACEMENT_3D('',#13861,#10927,#10928);
#8726=AXIS2_PLACEMENT_3D('',#13865,#10931,#10932);
#8727=AXIS2_PLACEMENT_3D('',#13868,#10934,#10935);
#8728=AXIS2_PLACEMENT_3D('',#13869,#10936,#10937);
#8729=AXIS2_PLACEMENT_3D('',#13873,#10940,#10941);
#8730=AXIS2_PLACEMENT_3D('',#13876,#10943,#10944);
#8731=AXIS2_PLACEMENT_3D('',#13877,#10945,#10946);
#8732=AXIS2_PLACEMENT_3D('',#13881,#10949,#10950);
#8733=AXIS2_PLACEMENT_3D('',#13882,#10951,#10952);
#8734=AXIS2_PLACEMENT_3D('',#13883,#10953,#10954);
#8735=AXIS2_PLACEMENT_3D('',#13884,#10955,#10956);
#8736=AXIS2_PLACEMENT_3D('',#13890,#10960,#10961);
#8737=AXIS2_PLACEMENT_3D('',#13893,#10963,#10964);
#8738=AXIS2_PLACEMENT_3D('',#13894,#10965,#10966);
#8739=AXIS2_PLACEMENT_3D('',#13898,#10969,#10970);
#8740=AXIS2_PLACEMENT_3D('',#13901,#10972,#10973);
#8741=AXIS2_PLACEMENT_3D('',#13902,#10974,#10975);
#8742=AXIS2_PLACEMENT_3D('',#13906,#10978,#10979);
#8743=AXIS2_PLACEMENT_3D('',#13909,#10981,#10982);
#8744=AXIS2_PLACEMENT_3D('',#13910,#10983,#10984);
#8745=AXIS2_PLACEMENT_3D('',#13914,#10987,#10988);
#8746=AXIS2_PLACEMENT_3D('',#13915,#10989,#10990);
#8747=AXIS2_PLACEMENT_3D('',#13916,#10991,#10992);
#8748=AXIS2_PLACEMENT_3D('',#13917,#10993,#10994);
#8749=AXIS2_PLACEMENT_3D('',#13920,#10996,#10997);
#8750=AXIS2_PLACEMENT_3D('',#13923,#10999,#11000);
#8751=AXIS2_PLACEMENT_3D('',#13927,#11003,#11004);
#8752=AXIS2_PLACEMENT_3D('',#13930,#11006,#11007);
#8753=AXIS2_PLACEMENT_3D('',#13931,#11008,#11009);
#8754=AXIS2_PLACEMENT_3D('',#13935,#11012,#11013);
#8755=AXIS2_PLACEMENT_3D('',#13938,#11015,#11016);
#8756=AXIS2_PLACEMENT_3D('',#13939,#11017,#11018);
#8757=AXIS2_PLACEMENT_3D('',#13943,#11021,#11022);
#8758=AXIS2_PLACEMENT_3D('',#13946,#11024,#11025);
#8759=AXIS2_PLACEMENT_3D('',#13947,#11026,#11027);
#8760=AXIS2_PLACEMENT_3D('',#13949,#11029,#11030);
#8761=AXIS2_PLACEMENT_3D('',#13950,#11031,#11032);
#8762=AXIS2_PLACEMENT_3D('',#13953,#11034,#11035);
#8763=AXIS2_PLACEMENT_3D('',#13956,#11037,#11038);
#8764=AXIS2_PLACEMENT_3D('',#13960,#11041,#11042);
#8765=AXIS2_PLACEMENT_3D('',#13964,#11045,#11046);
#8766=AXIS2_PLACEMENT_3D('',#13968,#11049,#11050);
#8767=AXIS2_PLACEMENT_3D('',#13971,#11052,#11053);
#8768=AXIS2_PLACEMENT_3D('',#13972,#11054,#11055);
#8769=AXIS2_PLACEMENT_3D('',#13974,#11057,#11058);
#8770=DIRECTION('',(0.,0.,1.));
#8771=DIRECTION('',(1.,0.,0.));
#8772=DIRECTION('',(0.,0.,1.));
#8773=DIRECTION('',(1.,0.,0.));
#8774=DIRECTION('',(0.,0.,1.));
#8775=DIRECTION('',(1.,0.,0.));
#8776=DIRECTION('',(0.,0.,1.));
#8777=DIRECTION('',(1.,0.,0.));
#8778=DIRECTION('',(0.,0.,1.));
#8779=DIRECTION('',(1.,0.,0.));
#8780=DIRECTION('',(0.,0.,1.));
#8781=DIRECTION('',(1.,0.,0.));
#8782=DIRECTION('',(-0.916969641465959,-0.398956985939325,0.));
#8783=DIRECTION('',(1.,0.,0.));
#8784=DIRECTION('',(-0.27613179238521,0.96111978089837,0.));
#8785=DIRECTION('',(0.,0.,1.));
#8786=DIRECTION('',(0.,-1.,0.));
#8787=DIRECTION('',(-0.916969641465959,-0.398956985939326,0.));
#8788=DIRECTION('',(1.,0.,0.));
#8789=DIRECTION('',(-0.276131792385211,0.96111978089837,0.));
#8790=DIRECTION('',(0.,0.,1.));
#8791=DIRECTION('',(0.,-1.,0.));
#8792=DIRECTION('',(-0.916969641465959,-0.398956985939325,0.));
#8793=DIRECTION('',(1.,0.,0.));
#8794=DIRECTION('',(-0.276131792385211,0.96111978089837,0.));
#8795=DIRECTION('',(0.,0.,1.));
#8796=DIRECTION('',(0.,-1.,0.));
#8797=DIRECTION('',(-0.916969641465959,-0.398956985939325,0.));
#8798=DIRECTION('',(1.,0.,0.));
#8799=DIRECTION('',(-0.276131792385211,0.96111978089837,0.));
#8800=DIRECTION('',(0.,0.,1.));
#8801=DIRECTION('',(0.,-1.,0.));
#8802=DIRECTION('',(-0.916969641465958,-0.398956985939326,0.));
#8803=DIRECTION('',(0.,1.,0.));
#8804=DIRECTION('',(1.,0.,0.));
#8805=DIRECTION('',(0.0892095091182615,0.996012883191216,0.));
#8806=DIRECTION('',(0.,-1.,0.));
#8807=DIRECTION('',(0.707106781186548,-0.707106781186548,0.));
#8808=DIRECTION('',(1.,0.,0.));
#8809=DIRECTION('',(-0.707106781186548,-0.707106781186548,0.));
#8810=DIRECTION('',(0.,-1.,0.));
#8811=DIRECTION('',(-0.0892095091182615,0.996012883191216,0.));
#8812=DIRECTION('',(1.,0.,0.));
#8813=DIRECTION('',(0.,1.,0.));
#8814=DIRECTION('',(0.916969641465959,0.398956985939326,0.));
#8815=DIRECTION('',(1.,0.,0.));
#8816=DIRECTION('',(-0.276131792385211,0.96111978089837,0.));
#8817=DIRECTION('',(0.,0.,1.));
#8818=DIRECTION('',(0.,-1.,0.));
#8819=DIRECTION('',(0.916969641465959,0.398956985939326,0.));
#8820=DIRECTION('',(1.,0.,0.));
#8821=DIRECTION('',(-0.276131792385211,0.96111978089837,0.));
#8822=DIRECTION('',(0.,0.,1.));
#8823=DIRECTION('',(0.,-1.,0.));
#8824=DIRECTION('',(0.916969641465959,0.398956985939326,0.));
#8825=DIRECTION('',(1.,0.,0.));
#8826=DIRECTION('',(-0.276131792385211,0.96111978089837,0.));
#8827=DIRECTION('',(0.,0.,1.));
#8828=DIRECTION('',(0.,-1.,0.));
#8829=DIRECTION('',(-0.916969641465959,-0.398956985939325,0.));
#8830=DIRECTION('',(1.,0.,0.));
#8831=DIRECTION('',(-0.276131792385211,0.96111978089837,0.));
#8832=DIRECTION('',(0.,0.,1.));
#8833=DIRECTION('',(0.,-1.,0.));
#8834=DIRECTION('',(-0.916969641465959,-0.398956985939325,0.));
#8835=DIRECTION('',(1.,0.,0.));
#8836=DIRECTION('',(-0.27613179238521,0.96111978089837,0.));
#8837=DIRECTION('',(0.,0.,1.));
#8838=DIRECTION('',(0.,-1.,0.));
#8839=DIRECTION('',(-0.916969641465959,-0.398956985939326,0.));
#8840=DIRECTION('',(1.,0.,0.));
#8841=DIRECTION('',(-0.276131792385211,0.96111978089837,0.));
#8842=DIRECTION('',(0.,0.,1.));
#8843=DIRECTION('',(0.,-1.,0.));
#8844=DIRECTION('',(-0.916969641465959,-0.398956985939325,0.));
#8845=DIRECTION('',(1.,0.,0.));
#8846=DIRECTION('',(-0.276131792385211,0.96111978089837,0.));
#8847=DIRECTION('',(0.,0.,1.));
#8848=DIRECTION('',(0.,-1.,0.));
#8849=DIRECTION('',(-0.916969641465959,-0.398956985939325,0.));
#8850=DIRECTION('',(1.,0.,0.));
#8851=DIRECTION('',(-0.276131792385211,0.96111978089837,0.));
#8852=DIRECTION('',(0.,0.,1.));
#8853=DIRECTION('',(0.,-1.,0.));
#8854=DIRECTION('',(-0.916969641465959,-0.398956985939325,0.));
#8855=DIRECTION('',(1.,0.,0.));
#8856=DIRECTION('',(-0.27613179238521,0.96111978089837,0.));
#8857=DIRECTION('',(0.,0.,1.));
#8858=DIRECTION('',(0.,-1.,0.));
#8859=DIRECTION('',(-0.916969641465959,-0.398956985939325,0.));
#8860=DIRECTION('',(1.,0.,0.));
#8861=DIRECTION('',(-0.276131792385211,0.96111978089837,0.));
#8862=DIRECTION('',(0.,0.,1.));
#8863=DIRECTION('',(0.,-1.,0.));
#8864=DIRECTION('',(-0.916969641465959,-0.398956985939325,0.));
#8865=DIRECTION('',(1.,0.,0.));
#8866=DIRECTION('',(-0.27613179238521,0.96111978089837,0.));
#8867=DIRECTION('',(0.,0.,1.));
#8868=DIRECTION('',(0.,-1.,0.));
#8869=DIRECTION('',(-0.916969641465959,-0.398956985939325,0.));
#8870=DIRECTION('',(1.,0.,0.));
#8871=DIRECTION('',(-0.276131792385211,0.96111978089837,0.));
#8872=DIRECTION('',(0.,0.,1.));
#8873=DIRECTION('',(0.,-1.,0.));
#8874=DIRECTION('',(-5.55111512312596E-15,1.,-5.55111512312597E-15));
#8875=DIRECTION('',(0.,5.55111512312597E-15,1.));
#8876=DIRECTION('',(5.55111512312596E-15,1.,-5.55111512312597E-15));
#8877=DIRECTION('',(0.,5.55111512312597E-15,1.));
#8878=DIRECTION('',(0.,0.,1.));
#8879=DIRECTION('',(1.,0.,0.));
#8880=DIRECTION('',(0.,0.,1.));
#8881=DIRECTION('',(1.,0.,0.));
#8882=DIRECTION('',(0.,0.,1.));
#8883=DIRECTION('',(1.,0.,0.));
#8884=DIRECTION('',(0.,0.,1.));
#8885=DIRECTION('',(1.,0.,0.));
#8886=DIRECTION('',(0.,0.,1.));
#8887=DIRECTION('',(1.,0.,0.));
#8888=DIRECTION('',(0.,0.,1.));
#8889=DIRECTION('',(1.,0.,0.));
#8890=DIRECTION('',(-1.,-2.22044604925035E-14,2.22044604925035E-14));
#8891=DIRECTION('',(2.22044604925035E-14,0.,1.));
#8892=DIRECTION('',(-1.,6.66133814775104E-14,6.66133814775105E-14));
#8893=DIRECTION('',(6.66133814775105E-14,0.,1.));
#8894=DIRECTION('',(-6.9388939039074E-16,-6.93889390390741E-16,-1.));
#8895=DIRECTION('',(0.,1.,-6.93889390390741E-16));
#8896=DIRECTION('',(6.9388939039074E-16,6.93889390390741E-16,-1.));
#8897=DIRECTION('',(0.,1.,6.93889390390741E-16));
#8898=DIRECTION('',(-6.9388939039074E-16,6.93889390390741E-16,-1.));
#8899=DIRECTION('',(0.,1.,6.93889390390741E-16));
#8900=DIRECTION('',(6.9388939039074E-16,-6.93889390390741E-16,-1.));
#8901=DIRECTION('',(0.,1.,-6.93889390390741E-16));
#8902=DIRECTION('',(0.,0.,1.));
#8903=DIRECTION('',(1.,0.,0.));
#8904=DIRECTION('',(0.,0.,1.));
#8905=DIRECTION('',(1.,0.,0.));
#8906=DIRECTION('',(0.,0.,1.));
#8907=DIRECTION('',(1.,0.,0.));
#8908=DIRECTION('',(0.,0.,1.));
#8909=DIRECTION('',(1.,0.,0.));
#8910=DIRECTION('',(0.,0.,1.));
#8911=DIRECTION('',(1.,0.,0.));
#8912=DIRECTION('',(0.,1.,0.));
#8913=DIRECTION('',(-1.,-8.33500769238106E-17,0.));
#8914=DIRECTION('',(0.,1.,0.));
#8915=DIRECTION('',(-1.,-1.25025115385716E-16,0.));
#8916=DIRECTION('',(1.,8.86759604333192E-17,0.));
#8917=DIRECTION('',(-0.707106781186548,0.707106781186548,0.));
#8918=DIRECTION('',(0.,-1.,0.));
#8919=DIRECTION('',(0.707106781186548,0.707106781186548,0.));
#8920=DIRECTION('',(-1.,-8.86759604333192E-17,0.));
#8921=DIRECTION('',(0.707106781186548,-0.707106781186548,0.));
#8922=DIRECTION('',(0.,1.,0.));
#8923=DIRECTION('',(-0.707106781186548,-0.707106781186548,0.));
#8924=DIRECTION('',(0.,0.,-1.));
#8925=DIRECTION('',(-1.,0.,0.));
#8926=DIRECTION('',(0.,0.,1.));
#8927=DIRECTION('',(1.,0.,0.));
#8928=DIRECTION('',(0.,0.,1.));
#8929=DIRECTION('',(1.,0.,0.));
#8930=DIRECTION('',(0.,0.,1.));
#8931=DIRECTION('',(1.,0.,0.));
#8932=DIRECTION('',(0.,0.,-1.));
#8933=DIRECTION('',(-1.,0.,0.));
#8934=DIRECTION('',(0.,0.,1.));
#8935=DIRECTION('',(1.,0.,0.));
#8936=DIRECTION('',(0.,0.,-1.));
#8937=DIRECTION('',(-1.,0.,0.));
#8938=DIRECTION('',(0.,0.,1.));
#8939=DIRECTION('',(1.,0.,0.));
#8940=DIRECTION('',(0.,0.,1.));
#8941=DIRECTION('',(1.,0.,0.));
#8942=DIRECTION('',(0.,0.,1.));
#8943=DIRECTION('',(1.,0.,0.));
#8944=DIRECTION('',(0.,0.,-1.));
#8945=DIRECTION('',(-1.,0.,0.));
#8946=DIRECTION('',(0.,0.,-1.));
#8947=DIRECTION('',(-1.,0.,0.));
#8948=DIRECTION('',(0.,0.,1.));
#8949=DIRECTION('',(1.,0.,0.));
#8950=DIRECTION('',(0.,0.,1.));
#8951=DIRECTION('',(1.,0.,0.));
#8952=DIRECTION('',(0.,0.,1.));
#8953=DIRECTION('',(1.,0.,0.));
#8954=DIRECTION('',(0.,0.,-1.));
#8955=DIRECTION('',(-1.,0.,0.));
#8956=DIRECTION('',(0.,0.,-1.));
#8957=DIRECTION('',(-1.,0.,0.));
#8958=DIRECTION('',(0.,0.,1.));
#8959=DIRECTION('',(1.,0.,0.));
#8960=DIRECTION('',(0.,0.,1.));
#8961=DIRECTION('',(1.,0.,0.));
#8962=DIRECTION('',(0.,0.,1.));
#8963=DIRECTION('',(1.,0.,0.));
#8964=DIRECTION('',(0.,0.,-1.));
#8965=DIRECTION('',(-1.,0.,0.));
#8966=DIRECTION('',(1.25025115385716E-16,-1.,0.));
#8967=DIRECTION('',(1.,1.25025115385716E-16,0.));
#8968=DIRECTION('',(-1.,0.,0.));
#8969=DIRECTION('',(0.,0.,1.));
#8970=DIRECTION('',(8.33500769238106E-17,-1.,0.));
#8971=DIRECTION('',(1.,8.33500769238106E-17,0.));
#8972=DIRECTION('',(-1.,0.,0.));
#8973=DIRECTION('',(0.,0.,1.));
#8974=DIRECTION('',(0.,0.,-1.));
#8975=DIRECTION('',(0.,-1.,0.));
#8976=DIRECTION('',(0.,0.,1.));
#8977=DIRECTION('',(0.,1.,0.));
#8978=DIRECTION('',(8.86759604333192E-17,-1.,0.));
#8979=DIRECTION('',(1.,8.86759604333192E-17,0.));
#8980=DIRECTION('',(0.,0.,-1.));
#8981=DIRECTION('',(-1.,-8.86759604333192E-17,0.));
#8982=DIRECTION('',(0.,0.,1.));
#8983=DIRECTION('',(1.,8.86759604333192E-17,0.));
#8984=DIRECTION('',(-1.,0.,0.));
#8985=DIRECTION('',(0.,0.,1.));
#8986=DIRECTION('',(0.,0.,-1.));
#8987=DIRECTION('',(0.,1.,0.));
#8988=DIRECTION('',(0.,0.,1.));
#8989=DIRECTION('',(0.,-1.,0.));
#8990=DIRECTION('',(8.86759604333192E-17,-1.,0.));
#8991=DIRECTION('',(1.,8.86759604333192E-17,0.));
#8992=DIRECTION('',(0.,0.,-1.));
#8993=DIRECTION('',(1.,8.86759604333192E-17,0.));
#8994=DIRECTION('',(0.,0.,1.));
#8995=DIRECTION('',(-1.,-8.86759604333192E-17,0.));
#8996=DIRECTION('',(-1.,0.,0.));
#8997=DIRECTION('',(0.,0.,1.));
#8998=DIRECTION('',(0.,0.,1.));
#8999=DIRECTION('',(1.,0.,0.));
#9000=DIRECTION('',(0.,0.,1.));
#9001=DIRECTION('',(1.,0.,0.));
#9002=DIRECTION('',(0.,0.,1.));
#9003=DIRECTION('',(1.,0.,0.));
#9004=DIRECTION('',(0.,0.,1.));
#9005=DIRECTION('',(1.,0.,0.));
#9006=DIRECTION('',(0.,0.,1.));
#9007=DIRECTION('',(1.,0.,0.));
#9008=DIRECTION('',(0.,0.,1.));
#9009=DIRECTION('',(1.,0.,0.));
#9010=DIRECTION('',(0.,0.,1.));
#9011=DIRECTION('',(1.,0.,0.));
#9012=DIRECTION('',(0.,0.,1.));
#9013=DIRECTION('',(1.,0.,0.));
#9014=DIRECTION('',(0.,1.,0.));
#9015=DIRECTION('',(-1.,-8.86759604333192E-17,0.));
#9016=DIRECTION('',(0.,-1.,0.));
#9017=DIRECTION('',(1.,8.86759604333192E-17,0.));
#9018=DIRECTION('',(0.,0.,-1.));
#9019=DIRECTION('',(-1.,0.,0.));
#9020=DIRECTION('',(0.,0.,1.));
#9021=DIRECTION('',(1.,0.,0.));
#9022=DIRECTION('',(0.,0.,1.));
#9023=DIRECTION('',(1.,0.,0.));
#9024=DIRECTION('',(0.,0.,1.));
#9025=DIRECTION('',(1.,0.,0.));
#9026=DIRECTION('',(0.,0.,1.));
#9027=DIRECTION('',(1.,0.,0.));
#9028=DIRECTION('',(0.,0.,-1.));
#9029=DIRECTION('',(-1.,0.,0.));
#9030=DIRECTION('',(0.,0.,1.));
#9031=DIRECTION('',(1.,0.,0.));
#9032=DIRECTION('',(0.,0.,1.));
#9033=DIRECTION('',(1.,0.,0.));
#9034=DIRECTION('',(0.,0.,1.));
#9035=DIRECTION('',(1.,0.,0.));
#9036=DIRECTION('',(0.,0.,1.));
#9037=DIRECTION('',(1.,0.,0.));
#9038=DIRECTION('',(0.,0.,-1.));
#9039=DIRECTION('',(-1.,0.,0.));
#9040=DIRECTION('',(0.,0.,1.));
#9041=DIRECTION('',(1.,0.,0.));
#9042=DIRECTION('',(0.,0.,1.));
#9043=DIRECTION('',(1.,0.,0.));
#9044=DIRECTION('',(0.,0.,1.));
#9045=DIRECTION('',(1.,0.,0.));
#9046=DIRECTION('',(0.,0.,1.));
#9047=DIRECTION('',(1.,0.,0.));
#9048=DIRECTION('',(0.,0.,-1.));
#9049=DIRECTION('',(-1.,0.,0.));
#9050=DIRECTION('',(0.,0.,1.));
#9051=DIRECTION('',(1.,0.,0.));
#9052=DIRECTION('',(0.,0.,1.));
#9053=DIRECTION('',(1.,0.,0.));
#9054=DIRECTION('',(0.,0.,1.));
#9055=DIRECTION('',(1.,0.,0.));
#9056=DIRECTION('',(0.,0.,1.));
#9057=DIRECTION('',(1.,0.,0.));
#9058=DIRECTION('',(0.,0.,-1.));
#9059=DIRECTION('',(-1.,0.,0.));
#9060=DIRECTION('',(0.,0.,1.));
#9061=DIRECTION('',(1.,0.,0.));
#9062=DIRECTION('',(0.,0.,1.));
#9063=DIRECTION('',(1.,0.,0.));
#9064=DIRECTION('',(0.,0.,1.));
#9065=DIRECTION('',(1.,0.,0.));
#9066=DIRECTION('',(0.,0.,1.));
#9067=DIRECTION('',(1.,0.,0.));
#9068=DIRECTION('',(0.,0.,-1.));
#9069=DIRECTION('',(-1.,0.,0.));
#9070=DIRECTION('',(0.,0.,1.));
#9071=DIRECTION('',(1.,0.,0.));
#9072=DIRECTION('',(0.,0.,1.));
#9073=DIRECTION('',(1.,0.,0.));
#9074=DIRECTION('',(0.,0.,1.));
#9075=DIRECTION('',(1.,0.,0.));
#9076=DIRECTION('',(0.,0.,1.));
#9077=DIRECTION('',(1.,0.,0.));
#9078=DIRECTION('',(0.,0.,-1.));
#9079=DIRECTION('',(-1.,0.,0.));
#9080=DIRECTION('',(0.,0.,-1.));
#9081=DIRECTION('',(-1.,0.,0.));
#9082=DIRECTION('',(0.,0.,-1.));
#9083=DIRECTION('',(-1.,0.,0.));
#9084=DIRECTION('',(0.,0.,-1.));
#9085=DIRECTION('',(-1.,0.,0.));
#9086=DIRECTION('',(0.,0.,-1.));
#9087=DIRECTION('',(-1.,0.,0.));
#9088=DIRECTION('',(0.,0.,-1.));
#9089=DIRECTION('',(-1.,0.,0.));
#9090=DIRECTION('',(0.,0.,-1.));
#9091=DIRECTION('',(-1.,0.,0.));
#9092=DIRECTION('',(0.,0.,-1.));
#9093=DIRECTION('',(-1.,0.,0.));
#9094=DIRECTION('',(0.,0.,-1.));
#9095=DIRECTION('',(-1.,0.,0.));
#9096=DIRECTION('',(0.,0.,-1.));
#9097=DIRECTION('',(-1.,0.,0.));
#9098=DIRECTION('',(0.,0.,-1.));
#9099=DIRECTION('',(-1.,0.,0.));
#9100=DIRECTION('',(0.,0.,-1.));
#9101=DIRECTION('',(-1.,0.,0.));
#9102=DIRECTION('',(0.707106781186548,-0.707106781186548,0.));
#9103=DIRECTION('',(0.,0.,-1.));
#9104=DIRECTION('',(-0.707106781186548,-0.707106781186548,0.));
#9105=DIRECTION('',(0.707106781186548,0.707106781186548,0.));
#9106=DIRECTION('',(-0.577350269189626,0.577350269189626,0.577350269189625));
#9107=DIRECTION('',(-0.707106781186548,-0.707106781186548,0.));
#9108=DIRECTION('',(-0.707106781186547,0.,-0.707106781186548));
#9109=DIRECTION('',(0.,-0.707106781186547,0.707106781186548));
#9110=DIRECTION('',(-0.577350269189626,0.577350269189626,0.577350269189626));
#9111=DIRECTION('',(0.707106781186548,0.,0.707106781186547));
#9112=DIRECTION('',(0.,-0.707106781186548,0.707106781186547));
#9113=DIRECTION('',(0.707106781186548,0.,0.707106781186547));
#9114=DIRECTION('',(-6.27033729506301E-17,0.707106781186548,0.707106781186547));
#9115=DIRECTION('',(1.,8.86759604333192E-17,0.));
#9116=DIRECTION('',(0.,0.707106781186547,-0.707106781186548));
#9117=DIRECTION('',(0.707106781186548,0.,-0.707106781186547));
#9118=DIRECTION('',(0.,1.,0.));
#9119=DIRECTION('',(0.707106781186547,0.,0.707106781186548));
#9120=DIRECTION('',(-0.707106781186548,-0.707106781186548,0.));
#9121=DIRECTION('',(0.,0.,1.));
#9122=DIRECTION('',(0.707106781186548,-0.707106781186548,0.));
#9123=DIRECTION('',(-0.707106781186548,0.707106781186548,0.));
#9124=DIRECTION('',(-0.707106781186547,0.,0.707106781186548));
#9125=DIRECTION('',(0.,-1.,0.));
#9126=DIRECTION('',(-0.707106781186548,0.,-0.707106781186547));
#9127=DIRECTION('',(6.270337295063E-17,-0.707106781186547,-0.707106781186548));
#9128=DIRECTION('',(-1.,-8.86759604333192E-17,0.));
#9129=DIRECTION('',(6.0288123247227E-33,0.707106781186548,-0.707106781186547));
#9130=DIRECTION('',(0.707106781186548,0.707106781186548,0.));
#9131=DIRECTION('',(0.,0.,1.));
#9132=DIRECTION('',(0.707106781186548,-0.707106781186548,0.));
#9133=DIRECTION('',(-0.707106781186548,0.707106781186548,0.));
#9134=DIRECTION('',(0.577350269189626,0.577350269189626,0.577350269189625));
#9135=DIRECTION('',(-0.707106781186548,0.707106781186548,0.));
#9136=DIRECTION('',(-0.707106781186547,0.,0.707106781186548));
#9137=DIRECTION('',(-0.577350269189626,-0.577350269189626,0.577350269189625));
#9138=DIRECTION('',(0.707106781186548,-0.707106781186548,0.));
#9139=DIRECTION('',(0.,-0.707106781186547,-0.707106781186548));
#9140=DIRECTION('',(-0.577350269189626,-0.577350269189626,0.577350269189626));
#9141=DIRECTION('',(0.707106781186548,0.,0.707106781186547));
#9142=DIRECTION('',(6.0288123247227E-33,0.707106781186548,0.707106781186547));
#9143=DIRECTION('',(0.577350269189626,0.577350269189626,0.577350269189626));
#9144=DIRECTION('',(0.707106781186548,0.,-0.707106781186547));
#9145=DIRECTION('',(-0.707106781186548,0.,0.707106781186547));
#9146=DIRECTION('',(0.707106781186548,0.,0.707106781186547));
#9147=DIRECTION('',(0.,-1.,0.));
#9148=DIRECTION('',(0.707106781186547,0.,-0.707106781186548));
#9149=DIRECTION('',(-6.27033729506301E-17,0.707106781186548,-0.707106781186547));
#9150=DIRECTION('',(-1.,-8.86759604333192E-17,0.));
#9151=DIRECTION('',(0.,0.707106781186547,0.707106781186548));
#9152=DIRECTION('',(6.270337295063E-17,-0.707106781186547,0.707106781186548));
#9153=DIRECTION('',(1.,8.86759604333192E-17,0.));
#9154=DIRECTION('',(0.,-0.707106781186548,-0.707106781186547));
#9155=DIRECTION('',(-0.707106781186547,0.,-0.707106781186548));
#9156=DIRECTION('',(0.,1.,0.));
#9157=DIRECTION('',(0.707106781186548,0.,-0.707106781186547));
#9158=DIRECTION('',(0.577350269189626,-0.577350269189626,0.577350269189625));
#9159=DIRECTION('',(0.707106781186548,0.707106781186548,0.));
#9160=DIRECTION('',(0.707106781186548,0.707106781186548,0.));
#9161=DIRECTION('',(0.577350269189626,-0.577350269189626,0.577350269189626));
#9162=DIRECTION('',(0.707106781186548,0.,-0.707106781186547));
#9163=DIRECTION('',(-0.707106781186548,-0.707106781186548,0.));
#9164=DIRECTION('',(-0.707106781186548,0.707106781186548,0.));
#9165=DIRECTION('',(0.,0.,-1.));
#9166=DIRECTION('',(0.,-0.0895666217011521,-0.995980833287992));
#9167=DIRECTION('',(0.,-0.995980833287992,0.0895666217011521));
#9168=DIRECTION('',(0.27716065130218,-0.956961880987108,0.0860577231128416));
#9169=DIRECTION('',(0.,-0.0895666217011521,-0.995980833287992));
#9170=DIRECTION('',(0.,0.995980833287992,-0.0895666217011521));
#9171=DIRECTION('',(0.917555625309924,0.396009387056514,-0.0356123549521558));
#9172=DIRECTION('',(0.,-0.0895666217011521,-0.995980833287992));
#9173=DIRECTION('',(0.,0.995980833287992,-0.0895666217011521));
#9174=DIRECTION('',(0.277160651302181,-0.956961880987108,0.0860577231128416));
#9175=DIRECTION('',(0.,-0.0895666217011521,-0.995980833287992));
#9176=DIRECTION('',(0.,0.995980833287992,-0.0895666217011521));
#9177=DIRECTION('',(0.917555625309924,0.396009387056514,-0.0356123549521558));
#9178=DIRECTION('',(0.,-0.0895666217011521,-0.995980833287992));
#9179=DIRECTION('',(0.,0.995980833287992,-0.0895666217011521));
#9180=DIRECTION('',(0.27716065130218,-0.956961880987108,0.0860577231128416));
#9181=DIRECTION('',(0.,-0.0895666217011521,-0.995980833287992));
#9182=DIRECTION('',(0.,0.995980833287992,-0.0895666217011521));
#9183=DIRECTION('',(0.917555625309924,0.396009387056514,-0.0356123549521558));
#9184=DIRECTION('',(0.,-0.0895666217011521,-0.995980833287992));
#9185=DIRECTION('',(0.,0.995980833287992,-0.0895666217011521));
#9186=DIRECTION('',(0.277160651302181,-0.956961880987108,0.0860577231128416));
#9187=DIRECTION('',(0.,-0.0895666217011521,-0.995980833287992));
#9188=DIRECTION('',(0.,0.995980833287992,-0.0895666217011521));
#9189=DIRECTION('',(0.917555625309924,0.396009387056514,-0.0356123549521558));
#9190=DIRECTION('',(0.,-0.0895666217011521,-0.995980833287992));
#9191=DIRECTION('',(0.,0.995980833287992,-0.0895666217011521));
#9192=DIRECTION('',(-1.,4.76150307839701E-18,-4.28192722889821E-19));
#9193=DIRECTION('',(0.,-0.0895666217011521,-0.995980833287992));
#9194=DIRECTION('',(0.,0.995980833287992,-0.0895666217011521));
#9195=DIRECTION('',(0.277160651302182,-0.956961880987108,0.0860577231128416));
#9196=DIRECTION('',(0.,-0.0895666217011521,-0.995980833287992));
#9197=DIRECTION('',(0.,0.995980833287992,-0.0895666217011521));
#9198=DIRECTION('',(-0.917555625309924,-0.396009387056514,0.0356123549521558));
#9199=DIRECTION('',(0.,-0.0895666217011521,-0.995980833287992));
#9200=DIRECTION('',(0.,0.995980833287992,-0.0895666217011521));
#9201=DIRECTION('',(-1.,4.23583313841942E-16,-3.80920246271761E-17));
#9202=DIRECTION('',(0.,-0.0895666217011521,-0.995980833287992));
#9203=DIRECTION('',(0.,0.995980833287992,-0.0895666217011521));
#9204=DIRECTION('',(0.277160651302181,-0.956961880987108,0.0860577231128416));
#9205=DIRECTION('',(0.,-0.0895666217011521,-0.995980833287992));
#9206=DIRECTION('',(0.,0.995980833287992,-0.0895666217011521));
#9207=DIRECTION('',(-0.917555625309924,-0.396009387056514,0.0356123549521558));
#9208=DIRECTION('',(0.,-0.0895666217011521,-0.995980833287992));
#9209=DIRECTION('',(0.,0.995980833287992,-0.0895666217011521));
#9210=DIRECTION('',(-1.,4.28344816920338E-16,-3.85202173500659E-17));
#9211=DIRECTION('',(0.,-0.0895666217011521,-0.995980833287992));
#9212=DIRECTION('',(0.,0.995980833287992,-0.0895666217011521));
#9213=DIRECTION('',(0.27716065130218,-0.956961880987108,0.0860577231128416));
#9214=DIRECTION('',(0.,-0.0895666217011521,-0.995980833287992));
#9215=DIRECTION('',(0.,0.995980833287992,-0.0895666217011521));
#9216=DIRECTION('',(-0.917555625309924,-0.396009387056514,0.0356123549521557));
#9217=DIRECTION('',(0.,-0.0895666217011521,-0.995980833287992));
#9218=DIRECTION('',(0.,0.995980833287992,-0.0895666217011521));
#9219=DIRECTION('',(-1.,4.28344816920338E-16,-3.85202173500659E-17));
#9220=DIRECTION('',(0.,-0.0895666217011521,-0.995980833287992));
#9221=DIRECTION('',(0.,0.995980833287992,-0.0895666217011521));
#9222=DIRECTION('',(0.277160651302181,-0.956961880987108,0.0860577231128416));
#9223=DIRECTION('',(0.,-0.0895666217011521,-0.995980833287992));
#9224=DIRECTION('',(0.,0.995980833287992,-0.0895666217011521));
#9225=DIRECTION('',(-0.917555625309924,-0.396009387056514,0.0356123549521558));
#9226=DIRECTION('',(0.,-0.0895666217011521,-0.995980833287992));
#9227=DIRECTION('',(0.,0.995980833287992,-0.0895666217011521));
#9228=DIRECTION('',(-1.,4.23583313841942E-16,-3.80920246271761E-17));
#9229=DIRECTION('',(0.,-0.0895666217011521,-0.995980833287992));
#9230=DIRECTION('',(0.,0.995980833287992,-0.0895666217011521));
#9231=DIRECTION('',(0.277160651302181,-0.956961880987108,0.0860577231128416));
#9232=DIRECTION('',(0.,-0.0895666217011521,-0.995980833287992));
#9233=DIRECTION('',(0.,0.995980833287992,-0.0895666217011521));
#9234=DIRECTION('',(-0.917555625309924,-0.396009387056514,0.0356123549521558));
#9235=DIRECTION('',(0.,-0.0895666217011521,-0.995980833287992));
#9236=DIRECTION('',(0.,0.995980833287992,-0.0895666217011521));
#9237=DIRECTION('',(-1.,4.76150307839701E-18,-4.28192722889821E-19));
#9238=DIRECTION('',(0.,-0.0895666217011521,-0.995980833287992));
#9239=DIRECTION('',(0.,0.995980833287992,-0.0895666217011521));
#9240=DIRECTION('',(0.277160651302181,-0.956961880987108,0.0860577231128416));
#9241=DIRECTION('',(0.,-0.0895666217011521,-0.995980833287992));
#9242=DIRECTION('',(0.,0.995980833287992,-0.0895666217011521));
#9243=DIRECTION('',(-0.917555625309924,-0.396009387056514,0.0356123549521558));
#9244=DIRECTION('',(0.,-0.0895666217011521,-0.995980833287992));
#9245=DIRECTION('',(0.,0.995980833287992,-0.0895666217011521));
#9246=DIRECTION('',(-1.,0.,0.));
#9247=DIRECTION('',(0.,-0.0895666217011521,-0.995980833287992));
#9248=DIRECTION('',(0.,0.995980833287992,-0.0895666217011521));
#9249=DIRECTION('',(0.27716065130218,-0.956961880987108,0.0860577231128416));
#9250=DIRECTION('',(0.,-0.0895666217011521,-0.995980833287992));
#9251=DIRECTION('',(0.,0.995980833287992,-0.0895666217011521));
#9252=DIRECTION('',(-0.917555625309924,-0.396009387056514,0.0356123549521558));
#9253=DIRECTION('',(0.917555625309924,0.396009387056514,-0.0356123549521558));
#9254=DIRECTION('',(0.,-0.0895666217011521,-0.995980833287992));
#9255=DIRECTION('',(0.,0.995980833287992,-0.0895666217011521));
#9256=DIRECTION('',(0.277160651302182,-0.956961880987108,0.0860577231128415));
#9257=DIRECTION('',(0.,-0.0895666217011521,-0.995980833287992));
#9258=DIRECTION('',(0.,0.995980833287992,-0.0895666217011521));
#9259=DIRECTION('',(0.917555625309924,0.396009387056514,-0.0356123549521557));
#9260=DIRECTION('',(0.,-0.995980833287992,0.0895666217011521));
#9261=DIRECTION('',(0.917555625309924,0.396009387056514,-0.0356123549521557));
#9262=DIRECTION('',(0.,-0.0895666217011521,-0.995980833287992));
#9263=DIRECTION('',(0.,0.995980833287992,-0.0895666217011521));
#9264=DIRECTION('',(0.277160651302179,-0.956961880987109,0.0860577231128416));
#9265=DIRECTION('',(0.,-0.0895666217011521,-0.995980833287992));
#9266=DIRECTION('',(0.,0.995980833287992,-0.0895666217011521));
#9267=DIRECTION('',(0.917555625309924,0.396009387056514,-0.0356123549521558));
#9268=DIRECTION('',(0.,-0.995980833287992,0.0895666217011521));
#9269=DIRECTION('',(0.917555625309924,0.396009387056514,-0.0356123549521558));
#9270=DIRECTION('',(0.,-0.0895666217011521,-0.995980833287992));
#9271=DIRECTION('',(0.,0.995980833287992,-0.0895666217011521));
#9272=DIRECTION('',(0.277160651302181,-0.956961880987108,0.0860577231128416));
#9273=DIRECTION('',(0.,-0.0895666217011521,-0.995980833287992));
#9274=DIRECTION('',(0.,0.995980833287992,-0.0895666217011521));
#9275=DIRECTION('',(0.917555625309924,0.396009387056514,-0.0356123549521558));
#9276=DIRECTION('',(0.,-0.0895666217011521,-0.995980833287992));
#9277=DIRECTION('',(0.,0.995980833287992,-0.0895666217011521));
#9278=DIRECTION('',(0.27716065130218,-0.956961880987108,0.0860577231128416));
#9279=DIRECTION('',(0.,-0.0895666217011521,-0.995980833287992));
#9280=DIRECTION('',(0.,0.995980833287992,-0.0895666217011521));
#9281=DIRECTION('',(0.917555625309924,0.396009387056514,-0.0356123549521558));
#9282=DIRECTION('',(0.,-0.0895666217011521,-0.995980833287992));
#9283=DIRECTION('',(0.,0.995980833287992,-0.0895666217011521));
#9284=DIRECTION('',(0.277160651302181,-0.956961880987108,0.0860577231128416));
#9285=DIRECTION('',(0.,-0.0895666217011521,-0.995980833287992));
#9286=DIRECTION('',(0.,0.995980833287992,-0.0895666217011521));
#9287=DIRECTION('',(0.917555625309924,0.396009387056514,-0.0356123549521558));
#9288=DIRECTION('',(0.,-0.0895666217011521,-0.995980833287992));
#9289=DIRECTION('',(0.,0.995980833287992,-0.0895666217011521));
#9290=DIRECTION('',(0.277160651302181,-0.956961880987108,0.0860577231128416));
#9291=DIRECTION('',(0.,-0.0895666217011521,-0.995980833287992));
#9292=DIRECTION('',(0.,0.995980833287992,-0.0895666217011521));
#9293=DIRECTION('',(0.277160651302181,-0.956961880987108,0.0860577231128416));
#9294=DIRECTION('',(0.,-0.0895666217011521,-0.995980833287992));
#9295=DIRECTION('',(0.,0.995980833287992,-0.0895666217011521));
#9296=DIRECTION('',(-0.917555625309924,-0.396009387056514,0.0356123549521558));
#9297=DIRECTION('',(0.,-0.0895666217011521,-0.995980833287992));
#9298=DIRECTION('',(0.,0.995980833287992,-0.0895666217011521));
#9299=DIRECTION('',(0.27716065130218,-0.956961880987108,0.0860577231128416));
#9300=DIRECTION('',(0.,-0.0895666217011521,-0.995980833287992));
#9301=DIRECTION('',(0.,0.995980833287992,-0.0895666217011521));
#9302=DIRECTION('',(0.917555625309924,0.396009387056514,-0.0356123549521558));
#9303=DIRECTION('',(0.,-0.0895666217011521,-0.995980833287992));
#9304=DIRECTION('',(0.,0.995980833287992,-0.0895666217011521));
#9305=DIRECTION('',(0.277160651302181,-0.956961880987108,0.0860577231128416));
#9306=DIRECTION('',(0.,-0.0895666217011521,-0.995980833287992));
#9307=DIRECTION('',(0.,0.995980833287992,-0.0895666217011521));
#9308=DIRECTION('',(-0.917555625309924,-0.396009387056514,0.0356123549521558));
#9309=DIRECTION('',(0.,-0.0895666217011521,-0.995980833287992));
#9310=DIRECTION('',(0.,0.995980833287992,-0.0895666217011521));
#9311=DIRECTION('',(0.277160651302181,-0.956961880987108,0.0860577231128416));
#9312=DIRECTION('',(0.,-0.0895666217011521,-0.995980833287992));
#9313=DIRECTION('',(0.,0.995980833287992,-0.0895666217011521));
#9314=DIRECTION('',(-0.917555625309924,-0.396009387056514,0.0356123549521558));
#9315=DIRECTION('',(0.,-0.0895666217011521,-0.995980833287992));
#9316=DIRECTION('',(0.,0.995980833287992,-0.0895666217011521));
#9317=DIRECTION('',(0.277160651302182,-0.956961880987108,0.0860577231128416));
#9318=DIRECTION('',(0.,-0.0895666217011521,-0.995980833287992));
#9319=DIRECTION('',(0.,0.995980833287992,-0.0895666217011521));
#9320=DIRECTION('',(-0.917555625309924,-0.396009387056514,0.0356123549521558));
#9321=DIRECTION('',(0.,-0.995980833287992,0.0895666217011521));
#9322=DIRECTION('',(-0.917555625309924,-0.396009387056514,0.0356123549521558));
#9323=DIRECTION('',(0.,-0.0895666217011521,-0.995980833287992));
#9324=DIRECTION('',(0.,0.995980833287992,-0.0895666217011521));
#9325=DIRECTION('',(0.277160651302181,-0.956961880987108,0.0860577231128416));
#9326=DIRECTION('',(0.,-0.0895666217011521,-0.995980833287992));
#9327=DIRECTION('',(0.,0.995980833287992,-0.0895666217011521));
#9328=DIRECTION('',(-0.917555625309924,-0.396009387056514,0.0356123549521558));
#9329=DIRECTION('',(0.,-0.0895666217011521,-0.995980833287992));
#9330=DIRECTION('',(0.,0.995980833287992,-0.0895666217011521));
#9331=DIRECTION('',(0.277160651302181,-0.956961880987108,0.0860577231128416));
#9332=DIRECTION('',(0.,-0.0895666217011521,-0.995980833287992));
#9333=DIRECTION('',(0.,0.995980833287992,-0.0895666217011521));
#9334=DIRECTION('',(-0.917555625309924,-0.396009387056514,0.0356123549521558));
#9335=DIRECTION('',(0.,-0.0895666217011521,-0.995980833287992));
#9336=DIRECTION('',(0.,0.995980833287992,-0.0895666217011521));
#9337=DIRECTION('',(0.277160651302181,-0.956961880987108,0.0860577231128416));
#9338=DIRECTION('',(0.,-0.0895666217011521,-0.995980833287992));
#9339=DIRECTION('',(0.,0.995980833287992,-0.0895666217011521));
#9340=DIRECTION('',(-0.917555625309924,-0.396009387056514,0.0356123549521557));
#9341=DIRECTION('',(0.,-0.0895666217011521,-0.995980833287992));
#9342=DIRECTION('',(0.,0.995980833287992,-0.0895666217011521));
#9343=DIRECTION('',(0.277160651302181,-0.956961880987108,0.0860577231128416));
#9344=DIRECTION('',(0.,-0.0895666217011521,-0.995980833287992));
#9345=DIRECTION('',(0.,0.995980833287992,-0.0895666217011521));
#9346=DIRECTION('',(-0.917555625309924,-0.396009387056514,0.0356123549521558));
#9347=DIRECTION('',(0.,-0.0895666217011521,-0.995980833287992));
#9348=DIRECTION('',(0.,0.995980833287992,-0.0895666217011521));
#9349=DIRECTION('',(0.277160651302181,-0.956961880987108,0.0860577231128416));
#9350=DIRECTION('',(0.,-0.0895666217011521,-0.995980833287992));
#9351=DIRECTION('',(0.,0.995980833287992,-0.0895666217011521));
#9352=DIRECTION('',(-0.917555625309924,-0.396009387056514,0.0356123549521558));
#9353=DIRECTION('',(0.,-0.0895666217011521,-0.995980833287992));
#9354=DIRECTION('',(0.,0.995980833287992,-0.0895666217011521));
#9355=DIRECTION('',(0.277160651302181,-0.956961880987108,0.0860577231128416));
#9356=DIRECTION('',(0.,-0.0895666217011521,-0.995980833287992));
#9357=DIRECTION('',(0.,0.995980833287992,-0.0895666217011521));
#9358=DIRECTION('',(-0.917555625309924,-0.396009387056514,0.0356123549521558));
#9359=DIRECTION('',(0.,-0.0895666217011521,-0.995980833287992));
#9360=DIRECTION('',(0.,0.995980833287992,-0.0895666217011521));
#9361=DIRECTION('',(0.277160651302181,-0.956961880987108,0.0860577231128416));
#9362=DIRECTION('',(0.,-0.0895666217011521,-0.995980833287992));
#9363=DIRECTION('',(0.,0.995980833287992,-0.0895666217011521));
#9364=DIRECTION('',(-0.917555625309924,-0.396009387056514,0.0356123549521558));
#9365=DIRECTION('',(0.,-0.0895666217011521,-0.995980833287992));
#9366=DIRECTION('',(0.,0.995980833287992,-0.0895666217011521));
#9367=DIRECTION('',(0.277160651302181,-0.956961880987108,0.0860577231128416));
#9368=DIRECTION('',(0.,-0.0895666217011521,-0.995980833287992));
#9369=DIRECTION('',(0.,0.995980833287992,-0.0895666217011521));
#9370=DIRECTION('',(-0.917555625309924,-0.396009387056514,0.0356123549521558));
#9371=DIRECTION('',(0.,-0.0895666217011521,-0.995980833287992));
#9372=DIRECTION('',(0.,0.995980833287992,-0.0895666217011521));
#9373=DIRECTION('',(0.277160651302181,-0.956961880987108,0.0860577231128416));
#9374=DIRECTION('',(0.,-0.0895666217011521,-0.995980833287992));
#9375=DIRECTION('',(0.,0.995980833287992,-0.0895666217011521));
#9376=DIRECTION('',(-0.917555625309924,-0.396009387056514,0.0356123549521558));
#9377=DIRECTION('',(0.,-0.0895666217011521,-0.995980833287992));
#9378=DIRECTION('',(0.,0.995980833287992,-0.0895666217011521));
#9379=DIRECTION('',(0.277160651302181,-0.956961880987108,0.0860577231128416));
#9380=DIRECTION('',(0.,-0.0895666217011521,-0.995980833287992));
#9381=DIRECTION('',(0.,0.995980833287992,-0.0895666217011521));
#9382=DIRECTION('',(-0.917555625309924,-0.396009387056514,0.0356123549521558));
#9383=DIRECTION('',(0.,-0.0895666217011521,-0.995980833287992));
#9384=DIRECTION('',(0.,0.995980833287992,-0.0895666217011521));
#9385=DIRECTION('',(0.277160651302181,-0.956961880987108,0.0860577231128416));
#9386=DIRECTION('',(0.,-0.0895666217011521,-0.995980833287992));
#9387=DIRECTION('',(0.,0.995980833287992,-0.0895666217011521));
#9388=DIRECTION('',(-0.917555625309924,-0.396009387056514,0.0356123549521558));
#9389=DIRECTION('',(0.,-0.995980833287992,0.0895666217011521));
#9390=DIRECTION('',(-0.917555625309924,-0.396009387056515,0.0356123549521558));
#9391=DIRECTION('',(0.,-0.0895666217011521,-0.995980833287992));
#9392=DIRECTION('',(0.,0.995980833287992,-0.0895666217011521));
#9393=DIRECTION('',(0.277160651302181,-0.956961880987108,0.0860577231128416));
#9394=DIRECTION('',(0.,-0.0895666217011521,-0.995980833287992));
#9395=DIRECTION('',(0.,0.995980833287992,-0.0895666217011521));
#9396=DIRECTION('',(-0.917555625309924,-0.396009387056514,0.0356123549521558));
#9397=DIRECTION('',(0.,-0.0895666217011521,-0.995980833287992));
#9398=DIRECTION('',(0.,0.995980833287992,-0.0895666217011521));
#9399=DIRECTION('',(0.277160651302181,-0.956961880987108,0.0860577231128416));
#9400=DIRECTION('',(0.,-0.0895666217011521,-0.995980833287992));
#9401=DIRECTION('',(0.,0.995980833287992,-0.0895666217011521));
#9402=DIRECTION('',(-0.917555625309924,-0.396009387056514,0.0356123549521558));
#9403=DIRECTION('',(0.,-0.0895666217011521,-0.995980833287992));
#9404=DIRECTION('',(0.,0.995980833287992,-0.0895666217011521));
#9405=DIRECTION('',(0.277160651302181,-0.956961880987108,0.0860577231128416));
#9406=DIRECTION('',(0.,-0.0895666217011521,-0.995980833287992));
#9407=DIRECTION('',(0.,0.995980833287992,-0.0895666217011521));
#9408=DIRECTION('',(-0.917555625309923,-0.396009387056517,0.035612354952156));
#9409=DIRECTION('',(0.,-0.995980833287992,0.0895666217011521));
#9410=DIRECTION('',(-0.917555625309924,-0.396009387056514,0.0356123549521558));
#9411=DIRECTION('',(0.,-0.0895666217011521,-0.995980833287992));
#9412=DIRECTION('',(0.,0.995980833287992,-0.0895666217011521));
#9413=DIRECTION('',(0.277160651302181,-0.956961880987108,0.0860577231128416));
#9414=DIRECTION('',(0.,-0.0895666217011521,-0.995980833287992));
#9415=DIRECTION('',(0.,0.995980833287992,-0.0895666217011521));
#9416=DIRECTION('',(-0.917555625309924,-0.396009387056514,0.0356123549521558));
#9417=DIRECTION('',(0.,-0.0895666217011521,-0.995980833287992));
#9418=DIRECTION('',(0.,0.995980833287992,-0.0895666217011521));
#9419=DIRECTION('',(0.277160651302181,-0.956961880987108,0.0860577231128416));
#9420=DIRECTION('',(0.,-0.0895666217011521,-0.995980833287992));
#9421=DIRECTION('',(0.,0.995980833287992,-0.0895666217011521));
#9422=DIRECTION('',(-0.917555625309924,-0.396009387056514,0.0356123549521558));
#9423=DIRECTION('',(0.,-0.0895666217011521,-0.995980833287992));
#9424=DIRECTION('',(0.,0.995980833287992,-0.0895666217011521));
#9425=DIRECTION('',(0.27716065130218,-0.956961880987109,0.0860577231128416));
#9426=DIRECTION('',(0.,-0.0895666217011521,-0.995980833287992));
#9427=DIRECTION('',(0.,0.995980833287992,-0.0895666217011521));
#9428=DIRECTION('',(-0.917555625309924,-0.396009387056514,0.0356123549521558));
#9429=DIRECTION('',(0.,-0.0895666217011521,-0.995980833287992));
#9430=DIRECTION('',(0.,0.995980833287992,-0.0895666217011521));
#9431=DIRECTION('',(0.27716065130218,-0.956961880987108,0.0860577231128416));
#9432=DIRECTION('',(0.,-0.0895666217011521,-0.995980833287992));
#9433=DIRECTION('',(0.,0.995980833287992,-0.0895666217011521));
#9434=DIRECTION('',(-0.917555625309924,-0.396009387056514,0.0356123549521558));
#9435=DIRECTION('',(0.,-0.0895666217011521,-0.995980833287992));
#9436=DIRECTION('',(0.,0.995980833287992,-0.0895666217011521));
#9437=DIRECTION('',(0.277160651302181,-0.956961880987108,0.0860577231128416));
#9438=DIRECTION('',(0.,-0.0895666217011521,-0.995980833287992));
#9439=DIRECTION('',(0.,0.995980833287992,-0.0895666217011521));
#9440=DIRECTION('',(-0.917555625309924,-0.396009387056514,0.0356123549521558));
#9441=DIRECTION('',(0.,-0.0895666217011521,-0.995980833287992));
#9442=DIRECTION('',(0.,0.995980833287992,-0.0895666217011521));
#9443=DIRECTION('',(0.27716065130218,-0.956961880987109,0.0860577231128416));
#9444=DIRECTION('',(0.,-0.0895666217011521,-0.995980833287992));
#9445=DIRECTION('',(0.,0.995980833287992,-0.0895666217011521));
#9446=DIRECTION('',(-0.917555625309924,-0.396009387056514,0.0356123549521558));
#9447=DIRECTION('',(0.,-0.0895666217011521,-0.995980833287992));
#9448=DIRECTION('',(0.,0.995980833287992,-0.0895666217011521));
#9449=DIRECTION('',(0.277160651302181,-0.956961880987108,0.0860577231128416));
#9450=DIRECTION('',(0.,-0.0895666217011521,-0.995980833287992));
#9451=DIRECTION('',(0.,0.995980833287992,-0.0895666217011521));
#9452=DIRECTION('',(-0.917555625309924,-0.396009387056514,0.0356123549521558));
#9453=DIRECTION('',(0.,-0.0895666217011521,-0.995980833287992));
#9454=DIRECTION('',(0.,0.995980833287992,-0.0895666217011521));
#9455=DIRECTION('',(0.277160651302181,-0.956961880987108,0.0860577231128416));
#9456=DIRECTION('',(0.,-0.0895666217011521,-0.995980833287992));
#9457=DIRECTION('',(0.,0.995980833287992,-0.0895666217011521));
#9458=DIRECTION('',(-0.917555625309924,-0.396009387056514,0.0356123549521558));
#9459=DIRECTION('',(0.,-0.0895666217011521,-0.995980833287992));
#9460=DIRECTION('',(0.,0.995980833287992,-0.0895666217011521));
#9461=DIRECTION('',(0.277160651302181,-0.956961880987108,0.0860577231128416));
#9462=DIRECTION('',(0.,-0.0895666217011521,-0.995980833287992));
#9463=DIRECTION('',(0.,0.995980833287992,-0.0895666217011521));
#9464=DIRECTION('',(-0.917555625309924,-0.396009387056514,0.0356123549521558));
#9465=DIRECTION('',(0.,-0.0895666217011521,-0.995980833287992));
#9466=DIRECTION('',(0.,0.995980833287992,-0.0895666217011521));
#9467=DIRECTION('',(0.277160651302181,-0.956961880987108,0.0860577231128416));
#9468=DIRECTION('',(0.,-0.0895666217011521,-0.995980833287992));
#9469=DIRECTION('',(0.,0.995980833287992,-0.0895666217011521));
#9470=DIRECTION('',(-0.917555625309924,-0.396009387056514,0.0356123549521558));
#9471=DIRECTION('',(0.,-0.0895666217011521,-0.995980833287992));
#9472=DIRECTION('',(0.,0.995980833287992,-0.0895666217011521));
#9473=DIRECTION('',(0.277160651302181,-0.956961880987108,0.0860577231128416));
#9474=DIRECTION('',(0.,-0.0895666217011521,-0.995980833287992));
#9475=DIRECTION('',(0.,0.995980833287992,-0.0895666217011521));
#9476=DIRECTION('',(-0.917555625309924,-0.396009387056514,0.0356123549521558));
#9477=DIRECTION('',(0.,-0.0895666217011521,-0.995980833287992));
#9478=DIRECTION('',(0.,0.995980833287992,-0.0895666217011521));
#9479=DIRECTION('',(0.277160651302181,-0.956961880987108,0.0860577231128416));
#9480=DIRECTION('',(0.,-0.0895666217011521,-0.995980833287992));
#9481=DIRECTION('',(0.,0.995980833287992,-0.0895666217011521));
#9482=DIRECTION('',(0.917555625309924,0.396009387056514,-0.0356123549521558));
#9483=DIRECTION('',(0.,-0.0895666217011521,-0.995980833287992));
#9484=DIRECTION('',(0.,0.995980833287992,-0.0895666217011521));
#9485=DIRECTION('',(0.917555625309924,0.396009387056514,-0.0356123549521558));
#9486=DIRECTION('',(0.,-0.0895666217011521,-0.995980833287992));
#9487=DIRECTION('',(0.,0.995980833287992,-0.0895666217011521));
#9488=DIRECTION('',(0.277160651302181,-0.956961880987108,0.0860577231128416));
#9489=DIRECTION('',(0.,-0.0895666217011521,-0.995980833287992));
#9490=DIRECTION('',(0.,0.995980833287992,-0.0895666217011521));
#9491=DIRECTION('',(0.917555625309924,0.396009387056514,-0.0356123549521558));
#9492=DIRECTION('',(0.,-0.0895666217011521,-0.995980833287992));
#9493=DIRECTION('',(0.,0.995980833287992,-0.0895666217011521));
#9494=DIRECTION('',(0.277160651302181,-0.956961880987108,0.0860577231128416));
#9495=DIRECTION('',(0.,-0.0895666217011521,-0.995980833287992));
#9496=DIRECTION('',(0.,0.995980833287992,-0.0895666217011521));
#9497=DIRECTION('',(0.277160651302183,-0.956961880987108,0.0860577231128415));
#9498=DIRECTION('',(0.,-0.0895666217011521,-0.995980833287992));
#9499=DIRECTION('',(0.,0.995980833287992,-0.0895666217011521));
#9500=DIRECTION('',(0.917555625309924,0.396009387056514,-0.0356123549521558));
#9501=DIRECTION('',(0.,-0.0895666217011521,-0.995980833287992));
#9502=DIRECTION('',(0.,0.995980833287992,-0.0895666217011521));
#9503=DIRECTION('',(0.277160651302181,-0.956961880987108,0.0860577231128416));
#9504=DIRECTION('',(0.,-0.0895666217011521,-0.995980833287992));
#9505=DIRECTION('',(0.,0.995980833287992,-0.0895666217011521));
#9506=DIRECTION('',(0.917555625309924,0.396009387056514,-0.0356123549521558));
#9507=DIRECTION('',(0.,-0.0895666217011521,-0.995980833287992));
#9508=DIRECTION('',(0.,0.995980833287992,-0.0895666217011521));
#9509=DIRECTION('',(0.917555625309924,0.396009387056514,-0.0356123549521558));
#9510=DIRECTION('',(0.,-0.0895666217011521,-0.995980833287992));
#9511=DIRECTION('',(0.,0.995980833287992,-0.0895666217011521));
#9512=DIRECTION('',(0.277160651302181,-0.956961880987108,0.0860577231128416));
#9513=DIRECTION('',(0.,-0.0895666217011521,-0.995980833287992));
#9514=DIRECTION('',(0.,0.995980833287992,-0.0895666217011521));
#9515=DIRECTION('',(0.917555625309924,0.396009387056514,-0.0356123549521558));
#9516=DIRECTION('',(0.,-0.995980833287992,0.0895666217011521));
#9517=DIRECTION('',(0.277160651302181,-0.956961880987108,0.0860577231128416));
#9518=DIRECTION('',(0.,-0.0895666217011521,-0.995980833287992));
#9519=DIRECTION('',(0.,0.995980833287992,-0.0895666217011521));
#9520=DIRECTION('',(-0.917555625309924,-0.396009387056514,0.0356123549521558));
#9521=DIRECTION('',(0.,-0.0895666217011521,-0.995980833287992));
#9522=DIRECTION('',(0.,0.995980833287992,-0.0895666217011521));
#9523=DIRECTION('',(-1.,0.,0.));
#9524=DIRECTION('',(0.277160651302181,-0.956961880987108,0.0860577231128416));
#9525=DIRECTION('',(0.,-0.0895666217011521,-0.995980833287992));
#9526=DIRECTION('',(0.,0.995980833287992,-0.0895666217011521));
#9527=DIRECTION('',(-0.917555625309924,-0.396009387056514,0.0356123549521558));
#9528=DIRECTION('',(0.,-0.0895666217011521,-0.995980833287992));
#9529=DIRECTION('',(0.,0.995980833287992,-0.0895666217011521));
#9530=DIRECTION('',(0.277160651302181,-0.956961880987108,0.0860577231128416));
#9531=DIRECTION('',(0.,-0.0895666217011521,-0.995980833287992));
#9532=DIRECTION('',(0.,0.995980833287992,-0.0895666217011521));
#9533=DIRECTION('',(0.917555625309924,0.396009387056514,-0.0356123549521558));
#9534=DIRECTION('',(0.,-0.0895666217011521,-0.995980833287992));
#9535=DIRECTION('',(0.,0.995980833287992,-0.0895666217011521));
#9536=DIRECTION('',(0.,-0.995980833287992,0.0895666217011521));
#9537=DIRECTION('',(-1.,0.,0.));
#9538=DIRECTION('',(0.,0.995980833287992,-0.0895666217011521));
#9539=DIRECTION('',(0.,-0.995980833287992,0.0895666217011521));
#9540=DIRECTION('',(0.917555625309924,0.396009387056515,-0.0356123549521558));
#9541=DIRECTION('',(0.,-0.0895666217011521,-0.995980833287992));
#9542=DIRECTION('',(0.,0.995980833287992,-0.0895666217011521));
#9543=DIRECTION('',(0.277160651302181,-0.956961880987108,0.0860577231128416));
#9544=DIRECTION('',(0.917555625309924,0.396009387056514,-0.0356123549521557));
#9545=DIRECTION('',(0.,-0.0895666217011521,-0.995980833287992));
#9546=DIRECTION('',(0.,0.995980833287992,-0.0895666217011521));
#9547=DIRECTION('',(0.277160651302182,-0.956961880987108,0.0860577231128416));
#9548=DIRECTION('',(0.,-0.0895666217011521,-0.995980833287992));
#9549=DIRECTION('',(0.,0.995980833287992,-0.0895666217011521));
#9550=DIRECTION('',(0.917555625309924,0.396009387056514,-0.0356123549521558));
#9551=DIRECTION('',(0.,-0.0895666217011521,-0.995980833287992));
#9552=DIRECTION('',(0.,0.995980833287992,-0.0895666217011521));
#9553=DIRECTION('',(0.277160651302181,-0.956961880987108,0.0860577231128416));
#9554=DIRECTION('',(0.917555625309924,0.396009387056514,-0.0356123549521558));
#9555=DIRECTION('',(0.,-0.0895666217011521,-0.995980833287992));
#9556=DIRECTION('',(0.,0.995980833287992,-0.0895666217011521));
#9557=DIRECTION('',(0.277160651302181,-0.956961880987108,0.0860577231128416));
#9558=DIRECTION('',(0.,-0.0895666217011521,-0.995980833287992));
#9559=DIRECTION('',(0.,0.995980833287992,-0.0895666217011521));
#9560=DIRECTION('',(0.917555625309924,0.396009387056514,-0.0356123549521558));
#9561=DIRECTION('',(0.,-0.0895666217011521,-0.995980833287992));
#9562=DIRECTION('',(0.,0.995980833287992,-0.0895666217011521));
#9563=DIRECTION('',(0.277160651302181,-0.956961880987108,0.0860577231128416));
#9564=DIRECTION('',(0.917555625309924,0.396009387056514,-0.0356123549521557));
#9565=DIRECTION('',(0.,-0.0895666217011521,-0.995980833287992));
#9566=DIRECTION('',(0.,0.995980833287992,-0.0895666217011521));
#9567=DIRECTION('',(0.277160651302181,-0.956961880987108,0.0860577231128416));
#9568=DIRECTION('',(0.,-0.0895666217011521,-0.995980833287992));
#9569=DIRECTION('',(0.,0.995980833287992,-0.0895666217011521));
#9570=DIRECTION('',(0.917555625309924,0.396009387056514,-0.0356123549521558));
#9571=DIRECTION('',(0.,-0.0895666217011521,-0.995980833287992));
#9572=DIRECTION('',(0.,0.995980833287992,-0.0895666217011521));
#9573=DIRECTION('',(0.277160651302181,-0.956961880987108,0.0860577231128416));
#9574=DIRECTION('',(0.917555625309924,0.396009387056514,-0.0356123549521557));
#9575=DIRECTION('',(0.,-0.0895666217011521,-0.995980833287992));
#9576=DIRECTION('',(0.,0.995980833287992,-0.0895666217011521));
#9577=DIRECTION('',(0.27716065130218,-0.956961880987108,0.0860577231128416));
#9578=DIRECTION('',(0.,-0.0895666217011521,-0.995980833287992));
#9579=DIRECTION('',(0.,0.995980833287992,-0.0895666217011521));
#9580=DIRECTION('',(0.917555625309924,0.396009387056514,-0.0356123549521558));
#9581=DIRECTION('',(0.,-0.0895666217011521,-0.995980833287992));
#9582=DIRECTION('',(0.,0.995980833287992,-0.0895666217011521));
#9583=DIRECTION('',(0.277160651302181,-0.956961880987108,0.0860577231128416));
#9584=DIRECTION('',(0.917555625309924,0.396009387056514,-0.0356123549521558));
#9585=DIRECTION('',(0.,-0.0895666217011521,-0.995980833287992));
#9586=DIRECTION('',(0.,0.995980833287992,-0.0895666217011521));
#9587=DIRECTION('',(0.277160651302181,-0.956961880987108,0.0860577231128416));
#9588=DIRECTION('',(0.,-0.0895666217011521,-0.995980833287992));
#9589=DIRECTION('',(0.,0.995980833287992,-0.0895666217011521));
#9590=DIRECTION('',(0.917555625309924,0.396009387056514,-0.0356123549521558));
#9591=DIRECTION('',(0.,-0.0895666217011521,-0.995980833287992));
#9592=DIRECTION('',(0.,0.995980833287992,-0.0895666217011521));
#9593=DIRECTION('',(0.277160651302181,-0.956961880987108,0.0860577231128416));
#9594=DIRECTION('',(0.917555625309924,0.396009387056514,-0.0356123549521558));
#9595=DIRECTION('',(0.,-0.0895666217011521,-0.995980833287992));
#9596=DIRECTION('',(0.,0.995980833287992,-0.0895666217011521));
#9597=DIRECTION('',(0.277160651302181,-0.956961880987108,0.0860577231128416));
#9598=DIRECTION('',(0.,-0.0895666217011521,-0.995980833287992));
#9599=DIRECTION('',(0.,0.995980833287992,-0.0895666217011521));
#9600=DIRECTION('',(0.917555625309924,0.396009387056514,-0.0356123549521558));
#9601=DIRECTION('',(0.,-0.0895666217011521,-0.995980833287992));
#9602=DIRECTION('',(0.,0.995980833287992,-0.0895666217011521));
#9603=DIRECTION('',(0.277160651302181,-0.956961880987108,0.0860577231128416));
#9604=DIRECTION('',(0.917555625309924,0.396009387056514,-0.0356123549521558));
#9605=DIRECTION('',(0.,-0.0895666217011521,-0.995980833287992));
#9606=DIRECTION('',(0.,0.995980833287992,-0.0895666217011521));
#9607=DIRECTION('',(0.277160651302181,-0.956961880987108,0.0860577231128416));
#9608=DIRECTION('',(0.,-0.0895666217011521,-0.995980833287992));
#9609=DIRECTION('',(0.,0.995980833287992,-0.0895666217011521));
#9610=DIRECTION('',(-0.917555625309924,-0.396009387056514,0.0356123549521558));
#9611=DIRECTION('',(0.,-0.0895666217011521,-0.995980833287992));
#9612=DIRECTION('',(0.,0.995980833287992,-0.0895666217011521));
#9613=DIRECTION('',(0.277160651302182,-0.956961880987108,0.0860577231128416));
#9614=DIRECTION('',(-0.917555625309924,-0.396009387056514,0.0356123549521558));
#9615=DIRECTION('',(0.,-0.0895666217011521,-0.995980833287992));
#9616=DIRECTION('',(0.,0.995980833287992,-0.0895666217011521));
#9617=DIRECTION('',(0.277160651302181,-0.956961880987108,0.0860577231128416));
#9618=DIRECTION('',(0.,-0.0895666217011521,-0.995980833287992));
#9619=DIRECTION('',(0.,0.995980833287992,-0.0895666217011521));
#9620=DIRECTION('',(-0.917555625309924,-0.396009387056514,0.0356123549521558));
#9621=DIRECTION('',(0.,-0.995980833287992,0.0895666217011521));
#9622=DIRECTION('',(0.,-1.,0.));
#9623=DIRECTION('',(0.,0.,1.));
#9624=DIRECTION('',(0.,0.,-1.));
#9625=DIRECTION('',(0.,0.,1.));
#9626=DIRECTION('',(1.,0.,0.));
#9627=DIRECTION('',(-1.,0.,0.));
#9628=DIRECTION('',(0.,1.,0.));
#9629=DIRECTION('',(0.,0.,-1.));
#9630=DIRECTION('',(0.,-0.995980833287992,0.0895666217011521));
#9631=DIRECTION('',(-1.,0.,0.));
#9632=DIRECTION('',(0.,1.,0.));
#9633=DIRECTION('',(0.,0.,1.));
#9634=DIRECTION('',(0.,0.995980833287992,-0.0895666217011521));
#9635=DIRECTION('',(0.707106781186547,0.0633331655728548,0.704264801149768));
#9636=DIRECTION('',(0.,0.995980833287992,-0.0895666217011521));
#9637=DIRECTION('',(-0.705551145700557,-0.00283572767842574,0.708653328115493));
#9638=DIRECTION('',(-0.707106781186548,0.707106781186548,0.));
#9639=DIRECTION('',(0.,0.,1.));
#9640=DIRECTION('',(-0.705551145700557,-0.705551145700557,0.0662960149727127));
#9641=DIRECTION('',(-0.707106781186548,-0.707106781186548,0.));
#9642=DIRECTION('',(0.,0.,-1.));
#9643=DIRECTION('',(0.705551145700557,-0.705551145700557,0.0662960149727126));
#9644=DIRECTION('',(0.707106781186547,-0.0633331655728548,-0.704264801149768));
#9645=DIRECTION('',(0.,-0.995980833287992,0.0895666217011521));
#9646=DIRECTION('',(0.705551145700557,-0.00283572767842541,0.708653328115493));
#9647=DIRECTION('',(0.960823591180894,0.276046696438589,-0.0248243432056274));
#9648=DIRECTION('',(-0.276131792385211,0.96111978089837,0.));
#9649=DIRECTION('',(0.,-0.0895666217011521,-0.995980833287992));
#9650=DIRECTION('',(0.,-0.0895666217011521,-0.995980833287992));
#9651=DIRECTION('',(0.,0.995980833287992,-0.0895666217011521));
#9652=DIRECTION('',(0.,-0.0895666217011521,-0.995980833287992));
#9653=DIRECTION('',(-0.397607437634301,0.913867816284263,-0.082182357581898));
#9654=DIRECTION('',(-0.916969641465959,-0.398956985939325,0.));
#9655=DIRECTION('',(0.917555625309924,0.396009387056514,-0.0356123549521558));
#9656=DIRECTION('',(0.,-0.0895666217011521,-0.995980833287992));
#9657=DIRECTION('',(0.960823591180895,0.276046696438588,-0.0248243432056274));
#9658=DIRECTION('',(-0.27613179238521,0.96111978089837,0.));
#9659=DIRECTION('',(0.,-0.0895666217011521,-0.995980833287992));
#9660=DIRECTION('',(0.277160651302181,-0.956961880987108,0.0860577231128416));
#9661=DIRECTION('',(0.,-0.0895666217011521,-0.995980833287992));
#9662=DIRECTION('',(0.,-0.0895666217011521,-0.995980833287992));
#9663=DIRECTION('',(0.,0.995980833287992,-0.0895666217011521));
#9664=DIRECTION('',(0.,-0.0895666217011521,-0.995980833287992));
#9665=DIRECTION('',(-0.397607437634301,0.913867816284263,-0.082182357581898));
#9666=DIRECTION('',(-0.916969641465959,-0.398956985939326,0.));
#9667=DIRECTION('',(0.,-0.0895666217011521,-0.995980833287992));
#9668=DIRECTION('',(1.,0.,0.));
#9669=DIRECTION('',(0.,-0.0895666217011521,-0.995980833287992));
#9670=DIRECTION('',(0.,0.995980833287992,-0.0895666217011521));
#9671=DIRECTION('',(0.,-0.0895666217011521,-0.995980833287992));
#9672=DIRECTION('',(0.,0.995980833287992,-0.0895666217011521));
#9673=DIRECTION('',(0.,-0.0895666217011521,-0.995980833287992));
#9674=DIRECTION('',(0.,-0.0895666217011521,-0.995980833287992));
#9675=DIRECTION('',(-0.397607437634301,0.913867816284263,-0.082182357581898));
#9676=DIRECTION('',(-0.916969641465958,-0.398956985939326,0.));
#9677=DIRECTION('',(0.,-0.0895666217011521,-0.995980833287992));
#9678=DIRECTION('',(1.,0.,0.));
#9679=DIRECTION('',(0.,0.,-1.));
#9680=DIRECTION('',(0.960823591180894,0.276046696438589,-0.0248243432056274));
#9681=DIRECTION('',(-0.276131792385211,0.96111978089837,0.));
#9682=DIRECTION('',(0.960823591180895,0.276046696438589,-0.0248243432056274));
#9683=DIRECTION('',(-0.276131792385211,0.96111978089837,0.));
#9684=DIRECTION('',(0.,-0.0895666217011521,-0.995980833287992));
#9685=DIRECTION('',(0.,-0.0895666217011521,-0.995980833287992));
#9686=DIRECTION('',(0.,0.995980833287992,-0.0895666217011521));
#9687=DIRECTION('',(0.,-0.0895666217011521,-0.995980833287992));
#9688=DIRECTION('',(-0.397607437634301,0.913867816284263,-0.082182357581898));
#9689=DIRECTION('',(-0.916969641465959,-0.398956985939325,0.));
#9690=DIRECTION('',(0.917555625309924,0.396009387056514,-0.0356123549521558));
#9691=DIRECTION('',(0.,-0.0895666217011521,-0.995980833287992));
#9692=DIRECTION('',(0.960823591180894,0.276046696438589,-0.0248243432056275));
#9693=DIRECTION('',(-0.276131792385211,0.96111978089837,0.));
#9694=DIRECTION('',(0.,-0.0895666217011521,-0.995980833287992));
#9695=DIRECTION('',(0.277160651302182,-0.956961880987108,0.0860577231128416));
#9696=DIRECTION('',(0.,-0.0895666217011521,-0.995980833287992));
#9697=DIRECTION('',(0.,-0.0895666217011521,-0.995980833287992));
#9698=DIRECTION('',(0.,0.995980833287992,-0.0895666217011521));
#9699=DIRECTION('',(0.,-0.0895666217011521,-0.995980833287992));
#9700=DIRECTION('',(-0.3976074376343,0.913867816284263,-0.082182357581898));
#9701=DIRECTION('',(-0.916969641465959,-0.398956985939325,0.));
#9702=DIRECTION('',(0.,-0.0895666217011521,-0.995980833287992));
#9703=DIRECTION('',(1.,0.,0.));
#9704=DIRECTION('',(0.,-0.0895666217011521,-0.995980833287992));
#9705=DIRECTION('',(0.,0.995980833287992,-0.0895666217011521));
#9706=DIRECTION('',(-0.397607437634301,0.913867816284263,-0.082182357581898));
#9707=DIRECTION('',(-0.916969641465959,-0.398956985939325,0.));
#9708=DIRECTION('',(0.,-0.0895666217011521,-0.995980833287992));
#9709=DIRECTION('',(0.960823591180894,0.276046696438589,-0.0248243432056275));
#9710=DIRECTION('',(-0.276131792385211,0.96111978089837,0.));
#9711=DIRECTION('',(0.,-0.0895666217011521,-0.995980833287992));
#9712=DIRECTION('',(0.,-0.0895666217011521,-0.995980833287992));
#9713=DIRECTION('',(0.,0.995980833287992,-0.0895666217011521));
#9714=DIRECTION('',(0.,-0.0895666217011521,-0.995980833287992));
#9715=DIRECTION('',(0.397607437634301,-0.913867816284263,0.082182357581898));
#9716=DIRECTION('',(0.916969641465959,0.398956985939326,0.));
#9717=DIRECTION('',(0.,-0.0895666217011521,-0.995980833287992));
#9718=DIRECTION('',(-0.917555625309924,-0.396009387056514,0.0356123549521558));
#9719=DIRECTION('',(0.960823591180894,0.276046696438589,-0.0248243432056274));
#9720=DIRECTION('',(-0.276131792385211,0.96111978089837,0.));
#9721=DIRECTION('',(0.,-0.0895666217011521,-0.995980833287992));
#9722=DIRECTION('',(0.277160651302181,-0.956961880987108,0.0860577231128416));
#9723=DIRECTION('',(0.,-0.0895666217011521,-0.995980833287992));
#9724=DIRECTION('',(0.,-0.0895666217011521,-0.995980833287992));
#9725=DIRECTION('',(0.,0.995980833287992,-0.0895666217011521));
#9726=DIRECTION('',(0.,-0.0895666217011521,-0.995980833287992));
#9727=DIRECTION('',(1.,0.,0.));
#9728=DIRECTION('',(0.,-0.0895666217011521,-0.995980833287992));
#9729=DIRECTION('',(0.,0.995980833287992,-0.0895666217011521));
#9730=DIRECTION('',(0.960823591180894,0.276046696438589,-0.0248243432056274));
#9731=DIRECTION('',(-0.276131792385211,0.96111978089837,0.));
#9732=DIRECTION('',(0.,-0.0895666217011521,-0.995980833287992));
#9733=DIRECTION('',(0.277160651302181,-0.956961880987108,0.0860577231128416));
#9734=DIRECTION('',(0.,-0.0895666217011521,-0.995980833287992));
#9735=DIRECTION('',(0.,-0.0895666217011521,-0.995980833287992));
#9736=DIRECTION('',(0.,0.995980833287992,-0.0895666217011521));
#9737=DIRECTION('',(0.,-0.0895666217011521,-0.995980833287992));
#9738=DIRECTION('',(0.397607437634301,-0.913867816284263,0.082182357581898));
#9739=DIRECTION('',(0.916969641465959,0.398956985939326,0.));
#9740=DIRECTION('',(1.,0.,0.));
#9741=DIRECTION('',(0.,0.,-1.));
#9742=DIRECTION('',(0.,-0.0895666217011521,-0.995980833287992));
#9743=DIRECTION('',(0.397607437634301,-0.913867816284263,0.082182357581898));
#9744=DIRECTION('',(0.916969641465959,0.398956985939326,0.));
#9745=DIRECTION('',(0.,-0.0895666217011521,-0.995980833287992));
#9746=DIRECTION('',(-0.917555625309924,-0.396009387056514,0.0356123549521558));
#9747=DIRECTION('',(0.,-0.0895666217011521,-0.995980833287992));
#9748=DIRECTION('',(1.,0.,0.));
#9749=DIRECTION('',(0.,-0.0895666217011521,-0.995980833287992));
#9750=DIRECTION('',(0.,0.995980833287992,-0.0895666217011521));
#9751=DIRECTION('',(0.960823591180894,0.276046696438589,-0.0248243432056274));
#9752=DIRECTION('',(-0.276131792385211,0.96111978089837,0.));
#9753=DIRECTION('',(0.,-0.0895666217011521,-0.995980833287992));
#9754=DIRECTION('',(0.,-0.0895666217011521,-0.995980833287992));
#9755=DIRECTION('',(0.,0.995980833287992,-0.0895666217011521));
#9756=DIRECTION('',(0.,-0.0895666217011521,-0.995980833287992));
#9757=DIRECTION('',(-0.397607437634301,0.913867816284263,-0.082182357581898));
#9758=DIRECTION('',(-0.916969641465959,-0.398956985939325,0.));
#9759=DIRECTION('',(0.917555625309924,0.396009387056514,-0.0356123549521558));
#9760=DIRECTION('',(0.,-0.0895666217011521,-0.995980833287992));
#9761=DIRECTION('',(0.960823591180895,0.276046696438588,-0.0248243432056274));
#9762=DIRECTION('',(-0.27613179238521,0.96111978089837,0.));
#9763=DIRECTION('',(0.,-0.0895666217011521,-0.995980833287992));
#9764=DIRECTION('',(0.277160651302181,-0.956961880987108,0.0860577231128416));
#9765=DIRECTION('',(0.,-0.0895666217011521,-0.995980833287992));
#9766=DIRECTION('',(0.,-0.0895666217011521,-0.995980833287992));
#9767=DIRECTION('',(0.,0.995980833287992,-0.0895666217011521));
#9768=DIRECTION('',(0.,-0.0895666217011521,-0.995980833287992));
#9769=DIRECTION('',(-0.397607437634301,0.913867816284263,-0.082182357581898));
#9770=DIRECTION('',(-0.916969641465959,-0.398956985939326,0.));
#9771=DIRECTION('',(0.,-0.0895666217011521,-0.995980833287992));
#9772=DIRECTION('',(1.,0.,0.));
#9773=DIRECTION('',(0.,-0.0895666217011521,-0.995980833287992));
#9774=DIRECTION('',(0.,0.995980833287992,-0.0895666217011521));
#9775=DIRECTION('',(0.960823591180895,0.276046696438589,-0.0248243432056274));
#9776=DIRECTION('',(-0.276131792385211,0.96111978089837,0.));
#9777=DIRECTION('',(0.,-0.0895666217011521,-0.995980833287992));
#9778=DIRECTION('',(0.,-0.0895666217011521,-0.995980833287992));
#9779=DIRECTION('',(0.,0.995980833287992,-0.0895666217011521));
#9780=DIRECTION('',(0.,-0.0895666217011521,-0.995980833287992));
#9781=DIRECTION('',(-0.397607437634301,0.913867816284263,-0.082182357581898));
#9782=DIRECTION('',(-0.916969641465959,-0.398956985939325,0.));
#9783=DIRECTION('',(0.917555625309924,0.396009387056514,-0.0356123549521558));
#9784=DIRECTION('',(0.,-0.0895666217011521,-0.995980833287992));
#9785=DIRECTION('',(0.960823591180895,0.276046696438588,-0.0248243432056274));
#9786=DIRECTION('',(-0.27613179238521,0.96111978089837,0.));
#9787=DIRECTION('',(0.,-0.0895666217011521,-0.995980833287992));
#9788=DIRECTION('',(0.277160651302181,-0.956961880987108,0.0860577231128416));
#9789=DIRECTION('',(0.,-0.0895666217011521,-0.995980833287992));
#9790=DIRECTION('',(0.,-0.0895666217011521,-0.995980833287992));
#9791=DIRECTION('',(0.,0.995980833287992,-0.0895666217011521));
#9792=DIRECTION('',(0.,-0.0895666217011521,-0.995980833287992));
#9793=DIRECTION('',(-0.3976074376343,0.913867816284263,-0.082182357581898));
#9794=DIRECTION('',(-0.916969641465959,-0.398956985939325,0.));
#9795=DIRECTION('',(0.,-0.0895666217011521,-0.995980833287992));
#9796=DIRECTION('',(1.,0.,0.));
#9797=DIRECTION('',(0.,-0.0895666217011521,-0.995980833287992));
#9798=DIRECTION('',(0.,0.995980833287992,-0.0895666217011521));
#9799=DIRECTION('',(0.960823591180895,0.276046696438589,-0.0248243432056274));
#9800=DIRECTION('',(-0.276131792385211,0.96111978089837,0.));
#9801=DIRECTION('',(0.,-0.0895666217011521,-0.995980833287992));
#9802=DIRECTION('',(0.,-0.0895666217011521,-0.995980833287992));
#9803=DIRECTION('',(0.,0.995980833287992,-0.0895666217011521));
#9804=DIRECTION('',(0.,-0.0895666217011521,-0.995980833287992));
#9805=DIRECTION('',(-0.397607437634301,0.913867816284263,-0.082182357581898));
#9806=DIRECTION('',(-0.916969641465959,-0.398956985939325,0.));
#9807=DIRECTION('',(0.917555625309924,0.396009387056514,-0.0356123549521558));
#9808=DIRECTION('',(0.,-0.0895666217011521,-0.995980833287992));
#9809=DIRECTION('',(0.960823591180895,0.276046696438588,-0.0248243432056274));
#9810=DIRECTION('',(-0.27613179238521,0.96111978089837,0.));
#9811=DIRECTION('',(0.,-0.0895666217011521,-0.995980833287992));
#9812=DIRECTION('',(0.27716065130218,-0.956961880987108,0.0860577231128416));
#9813=DIRECTION('',(0.,-0.0895666217011521,-0.995980833287992));
#9814=DIRECTION('',(0.,-0.0895666217011521,-0.995980833287992));
#9815=DIRECTION('',(0.,0.995980833287992,-0.0895666217011521));
#9816=DIRECTION('',(0.,-0.0895666217011521,-0.995980833287992));
#9817=DIRECTION('',(-0.3976074376343,0.913867816284263,-0.082182357581898));
#9818=DIRECTION('',(-0.916969641465959,-0.398956985939325,0.));
#9819=DIRECTION('',(0.,-0.0895666217011521,-0.995980833287992));
#9820=DIRECTION('',(1.,0.,0.));
#9821=DIRECTION('',(0.,-0.0895666217011521,-0.995980833287992));
#9822=DIRECTION('',(0.,0.995980833287992,-0.0895666217011521));
#9823=DIRECTION('',(0.960823591180895,0.276046696438589,-0.0248243432056274));
#9824=DIRECTION('',(-0.276131792385211,0.96111978089837,0.));
#9825=DIRECTION('',(0.,-0.0895666217011521,-0.995980833287992));
#9826=DIRECTION('',(0.,-0.0895666217011521,-0.995980833287992));
#9827=DIRECTION('',(0.,0.995980833287992,-0.0895666217011521));
#9828=DIRECTION('',(0.,-0.0895666217011521,-0.995980833287992));
#9829=DIRECTION('',(-0.397607437634301,0.913867816284263,-0.082182357581898));
#9830=DIRECTION('',(-0.916969641465959,-0.398956985939325,0.));
#9831=DIRECTION('',(0.917555625309924,0.396009387056514,-0.0356123549521558));
#9832=DIRECTION('',(0.,-0.0895666217011521,-0.995980833287992));
#9833=DIRECTION('',(0.960823591180895,0.276046696438589,-0.0248243432056274));
#9834=DIRECTION('',(-0.276131792385211,0.96111978089837,0.));
#9835=DIRECTION('',(0.,-0.0895666217011521,-0.995980833287992));
#9836=DIRECTION('',(0.277160651302181,-0.956961880987108,0.0860577231128416));
#9837=DIRECTION('',(0.,-0.0895666217011521,-0.995980833287992));
#9838=DIRECTION('',(0.,-0.0895666217011521,-0.995980833287992));
#9839=DIRECTION('',(0.,0.995980833287992,-0.0895666217011521));
#9840=DIRECTION('',(0.,-0.0895666217011521,-0.995980833287992));
#9841=DIRECTION('',(-0.3976074376343,0.913867816284263,-0.082182357581898));
#9842=DIRECTION('',(-0.916969641465959,-0.398956985939325,0.));
#9843=DIRECTION('',(0.,-0.0895666217011521,-0.995980833287992));
#9844=DIRECTION('',(1.,0.,0.));
#9845=DIRECTION('',(0.,-0.0895666217011521,-0.995980833287992));
#9846=DIRECTION('',(0.,0.995980833287992,-0.0895666217011521));
#9847=DIRECTION('',(-0.596941228551497,0.54129964583823,-0.592162024340329));
#9848=DIRECTION('',(-0.704259112977146,0.,0.709943027142773));
#9849=DIRECTION('',(1.20748233144006E-16,0.738094378010408,0.674697479726602));
#9850=DIRECTION('',(0.,0.674697479726602,-0.738094378010409));
#9851=DIRECTION('',(1.,0.,0.));
#9852=DIRECTION('',(-2.77555756156289E-17,-0.738094378010409,-0.674697479726602));
#9853=DIRECTION('',(0.596941228551497,0.54129964583823,-0.592162024340329));
#9854=DIRECTION('',(-0.704259112977146,0.,-0.709943027142773));
#9855=DIRECTION('',(0.,-0.0895666217011521,-0.995980833287992));
#9856=DIRECTION('',(0.,0.995980833287992,-0.0895666217011521));
#9857=DIRECTION('',(0.,-0.0895666217011521,-0.995980833287992));
#9858=DIRECTION('',(0.,0.995980833287992,-0.0895666217011521));
#9859=DIRECTION('',(0.,-0.0895666217011521,-0.995980833287992));
#9860=DIRECTION('',(0.,-0.0895666217011521,-0.995980833287992));
#9861=DIRECTION('',(0.,0.995980833287992,-0.0895666217011521));
#9862=DIRECTION('',(0.,-0.0895666217011521,-0.995980833287992));
#9863=DIRECTION('',(0.960823591180895,0.276046696438589,-0.0248243432056274));
#9864=DIRECTION('',(-0.276131792385211,0.96111978089837,0.));
#9865=DIRECTION('',(0.,-0.0895666217011521,-0.995980833287992));
#9866=DIRECTION('',(0.277160651302181,-0.956961880987108,0.0860577231128416));
#9867=DIRECTION('',(0.,-0.0895666217011521,-0.995980833287992));
#9868=DIRECTION('',(0.,0.995980833287992,-0.0895666217011521));
#9869=DIRECTION('',(0.,-0.0895666217011521,-0.995980833287992));
#9870=DIRECTION('',(0.,-0.0895666217011521,-0.995980833287992));
#9871=DIRECTION('',(0.,0.995980833287992,-0.0895666217011521));
#9872=DIRECTION('',(-0.397607437634301,0.913867816284263,-0.082182357581898));
#9873=DIRECTION('',(-0.916969641465959,-0.398956985939326,0.));
#9874=DIRECTION('',(0.,-0.0895666217011521,-0.995980833287992));
#9875=DIRECTION('',(0.917555625309924,0.396009387056514,-0.0356123549521558));
#9876=DIRECTION('',(0.,-0.0895666217011521,-0.995980833287992));
#9877=DIRECTION('',(0.,0.995980833287992,-0.0895666217011521));
#9878=DIRECTION('',(0.,-0.0895666217011521,-0.995980833287992));
#9879=DIRECTION('',(0.,-0.0895666217011521,-0.995980833287992));
#9880=DIRECTION('',(0.,0.995980833287992,-0.0895666217011521));
#9881=DIRECTION('',(0.960823591180894,0.276046696438589,-0.0248243432056274));
#9882=DIRECTION('',(-0.276131792385211,0.96111978089837,0.));
#9883=DIRECTION('',(0.,-0.0895666217011521,-0.995980833287992));
#9884=DIRECTION('',(0.277160651302181,-0.956961880987108,0.0860577231128416));
#9885=DIRECTION('',(0.,-0.0895666217011521,-0.995980833287992));
#9886=DIRECTION('',(0.,0.995980833287992,-0.0895666217011521));
#9887=DIRECTION('',(0.,-0.0895666217011521,-0.995980833287992));
#9888=DIRECTION('',(0.,-0.0895666217011521,-0.995980833287992));
#9889=DIRECTION('',(0.,0.995980833287992,-0.0895666217011521));
#9890=DIRECTION('',(0.397607437634301,-0.913867816284263,0.082182357581898));
#9891=DIRECTION('',(0.916969641465959,0.398956985939326,0.));
#9892=DIRECTION('',(-0.917555625309924,-0.396009387056514,0.0356123549521558));
#9893=DIRECTION('',(0.,-0.0895666217011521,-0.995980833287992));
#9894=DIRECTION('',(1.,0.,0.));
#9895=DIRECTION('',(0.960823591180894,0.27604669643859,-0.0248243432056275));
#9896=DIRECTION('',(-0.276131792385211,0.96111978089837,0.));
#9897=DIRECTION('',(0.,-0.0895666217011521,-0.995980833287992));
#9898=DIRECTION('',(0.277160651302182,-0.956961880987108,0.0860577231128415));
#9899=DIRECTION('',(0.,-0.0895666217011521,-0.995980833287992));
#9900=DIRECTION('',(0.,-0.0895666217011521,-0.995980833287992));
#9901=DIRECTION('',(0.,0.995980833287992,-0.0895666217011521));
#9902=DIRECTION('',(0.,-0.0895666217011521,-0.995980833287992));
#9903=DIRECTION('',(0.,-0.0895666217011521,-0.995980833287992));
#9904=DIRECTION('',(0.,0.995980833287992,-0.0895666217011521));
#9905=DIRECTION('',(-0.397607437634301,0.913867816284263,-0.082182357581898));
#9906=DIRECTION('',(-0.916969641465959,-0.398956985939325,0.));
#9907=DIRECTION('',(0.,-0.0895666217011521,-0.995980833287992));
#9908=DIRECTION('',(0.917555625309924,0.396009387056514,-0.0356123549521558));
#9909=DIRECTION('',(1.,0.,0.));
#9910=DIRECTION('',(0.,0.,-1.));
#9911=DIRECTION('',(0.,-0.0895666217011521,-0.995980833287992));
#9912=DIRECTION('',(0.,-0.995980833287992,0.0895666217011521));
#9913=DIRECTION('',(-0.3976074376343,0.913867816284263,-0.082182357581898));
#9914=DIRECTION('',(-0.916969641465959,-0.398956985939325,0.));
#9915=DIRECTION('',(0.,-0.0895666217011521,-0.995980833287992));
#9916=DIRECTION('',(0.917555625309924,0.396009387056514,-0.0356123549521557));
#9917=DIRECTION('',(0.,-0.0895666217011521,-0.995980833287992));
#9918=DIRECTION('',(0.,0.995980833287992,-0.0895666217011521));
#9919=DIRECTION('',(0.,-0.0895666217011521,-0.995980833287992));
#9920=DIRECTION('',(0.,0.995980833287992,-0.0895666217011521));
#9921=DIRECTION('',(0.,-0.0895666217011521,-0.995980833287992));
#9922=DIRECTION('',(1.,0.,0.));
#9923=DIRECTION('',(0.960823591180895,0.276046696438588,-0.0248243432056274));
#9924=DIRECTION('',(-0.27613179238521,0.96111978089837,0.));
#9925=DIRECTION('',(0.,-0.0895666217011521,-0.995980833287992));
#9926=DIRECTION('',(0.27716065130218,-0.956961880987108,0.0860577231128416));
#9927=DIRECTION('',(0.,-0.0895666217011521,-0.995980833287992));
#9928=DIRECTION('',(0.,-0.0895666217011521,-0.995980833287992));
#9929=DIRECTION('',(0.,0.995980833287992,-0.0895666217011521));
#9930=DIRECTION('',(0.,-0.0895666217011521,-0.995980833287992));
#9931=DIRECTION('',(0.,-0.0895666217011521,-0.995980833287992));
#9932=DIRECTION('',(0.,0.995980833287992,-0.0895666217011521));
#9933=DIRECTION('',(0.,-0.995980833287992,0.0895666217011521));
#9934=DIRECTION('',(0.,-0.0895666217011521,-0.995980833287992));
#9935=DIRECTION('',(0.,-0.0895666217011521,-0.995980833287992));
#9936=DIRECTION('',(-1.,0.,0.));
#9937=DIRECTION('',(0.397607437634301,-0.913867816284263,0.082182357581898));
#9938=DIRECTION('',(0.916969641465959,0.398956985939325,0.));
#9939=DIRECTION('',(0.,-0.0895666217011521,-0.995980833287992));
#9940=DIRECTION('',(-0.917555625309924,-0.396009387056514,0.0356123549521558));
#9941=DIRECTION('',(0.,-0.0895666217011521,-0.995980833287992));
#9942=DIRECTION('',(0.,0.995980833287992,-0.0895666217011521));
#9943=DIRECTION('',(0.,-0.0895666217011521,-0.995980833287992));
#9944=DIRECTION('',(0.,0.995980833287992,-0.0895666217011521));
#9945=DIRECTION('',(0.,-0.0895666217011521,-0.995980833287992));
#9946=DIRECTION('',(1.,0.,0.));
#9947=DIRECTION('',(0.960823591180895,0.276046696438588,-0.0248243432056274));
#9948=DIRECTION('',(-0.27613179238521,0.96111978089837,0.));
#9949=DIRECTION('',(0.,-0.0895666217011521,-0.995980833287992));
#9950=DIRECTION('',(0.277160651302181,-0.956961880987108,0.0860577231128416));
#9951=DIRECTION('',(0.,-0.0895666217011521,-0.995980833287992));
#9952=DIRECTION('',(0.,-0.0895666217011521,-0.995980833287992));
#9953=DIRECTION('',(0.,0.995980833287992,-0.0895666217011521));
#9954=DIRECTION('',(0.,-0.0895666217011521,-0.995980833287992));
#9955=DIRECTION('',(0.,-0.0895666217011521,-0.995980833287992));
#9956=DIRECTION('',(0.,0.995980833287992,-0.0895666217011521));
#9957=DIRECTION('',(-4.78071757935146E-18,-0.995980833287992,0.0895666217011521));
#9958=DIRECTION('',(0.,-0.0895666217011521,-0.995980833287992));
#9959=DIRECTION('',(0.,-0.0895666217011521,-0.995980833287992));
#9960=DIRECTION('',(-1.,4.76150307839701E-18,-4.28192722889821E-19));
#9961=DIRECTION('',(0.,-0.0895666217011521,-0.995980833287992));
#9962=DIRECTION('',(0.,0.995980833287992,-0.0895666217011521));
#9963=DIRECTION('',(0.,-0.0895666217011521,-0.995980833287992));
#9964=DIRECTION('',(0.,-0.0895666217011521,-0.995980833287992));
#9965=DIRECTION('',(0.,0.995980833287992,-0.0895666217011521));
#9966=DIRECTION('',(0.397607437634301,-0.913867816284263,0.082182357581898));
#9967=DIRECTION('',(0.916969641465959,0.398956985939326,0.));
#9968=DIRECTION('',(0.,-0.0895666217011521,-0.995980833287992));
#9969=DIRECTION('',(-0.917555625309924,-0.396009387056514,0.0356123549521558));
#9970=DIRECTION('',(0.,-0.0895666217011521,-0.995980833287992));
#9971=DIRECTION('',(0.,0.995980833287992,-0.0895666217011521));
#9972=DIRECTION('',(0.,-0.0895666217011521,-0.995980833287992));
#9973=DIRECTION('',(0.,0.995980833287992,-0.0895666217011521));
#9974=DIRECTION('',(0.,-0.0895666217011521,-0.995980833287992));
#9975=DIRECTION('',(1.,0.,0.));
#9976=DIRECTION('',(0.960823591180895,0.276046696438589,-0.0248243432056274));
#9977=DIRECTION('',(-0.276131792385211,0.96111978089837,0.));
#9978=DIRECTION('',(0.,-0.0895666217011521,-0.995980833287992));
#9979=DIRECTION('',(0.277160651302181,-0.956961880987108,0.0860577231128416));
#9980=DIRECTION('',(0.,-0.0895666217011521,-0.995980833287992));
#9981=DIRECTION('',(0.,-0.0895666217011521,-0.995980833287992));
#9982=DIRECTION('',(0.,0.995980833287992,-0.0895666217011521));
#9983=DIRECTION('',(0.,-0.0895666217011521,-0.995980833287992));
#9984=DIRECTION('',(0.,-0.0895666217011521,-0.995980833287992));
#9985=DIRECTION('',(0.,0.995980833287992,-0.0895666217011521));
#9986=DIRECTION('',(-4.252926358468E-16,-0.995980833287992,0.0895666217011521));
#9987=DIRECTION('',(0.,-0.0895666217011521,-0.995980833287992));
#9988=DIRECTION('',(0.,-0.0895666217011521,-0.995980833287992));
#9989=DIRECTION('',(-1.,4.23583313841942E-16,-3.80920246271761E-17));
#9990=DIRECTION('',(0.,-0.0895666217011521,-0.995980833287992));
#9991=DIRECTION('',(0.,0.995980833287992,-0.0895666217011521));
#9992=DIRECTION('',(0.,-0.0895666217011521,-0.995980833287992));
#9993=DIRECTION('',(0.,-0.0895666217011521,-0.995980833287992));
#9994=DIRECTION('',(0.,0.995980833287992,-0.0895666217011521));
#9995=DIRECTION('',(0.3976074376343,-0.913867816284263,0.082182357581898));
#9996=DIRECTION('',(0.916969641465959,0.398956985939325,0.));
#9997=DIRECTION('',(0.,-0.0895666217011521,-0.995980833287992));
#9998=DIRECTION('',(-0.917555625309924,-0.396009387056514,0.0356123549521558));
#9999=DIRECTION('',(0.,-0.0895666217011521,-0.995980833287992));
#10000=DIRECTION('',(0.,0.995980833287992,-0.0895666217011521));
#10001=DIRECTION('',(0.,-0.0895666217011521,-0.995980833287992));
#10002=DIRECTION('',(0.,0.995980833287992,-0.0895666217011521));
#10003=DIRECTION('',(0.,-0.0895666217011521,-0.995980833287992));
#10004=DIRECTION('',(1.,0.,0.));
#10005=DIRECTION('',(0.960823591180895,0.276046696438589,-0.0248243432056274));
#10006=DIRECTION('',(-0.27613179238521,0.96111978089837,0.));
#10007=DIRECTION('',(0.,-0.0895666217011521,-0.995980833287992));
#10008=DIRECTION('',(0.277160651302181,-0.956961880987108,0.0860577231128416));
#10009=DIRECTION('',(0.,-0.0895666217011521,-0.995980833287992));
#10010=DIRECTION('',(0.,-0.0895666217011521,-0.995980833287992));
#10011=DIRECTION('',(0.,0.995980833287992,-0.0895666217011521));
#10012=DIRECTION('',(0.,-0.0895666217011521,-0.995980833287992));
#10013=DIRECTION('',(0.,-0.0895666217011521,-0.995980833287992));
#10014=DIRECTION('',(0.,0.995980833287992,-0.0895666217011521));
#10015=DIRECTION('',(-4.30073353426151E-16,-0.995980833287992,0.0895666217011521));
#10016=DIRECTION('',(0.,-0.0895666217011521,-0.995980833287992));
#10017=DIRECTION('',(0.,-0.0895666217011521,-0.995980833287992));
#10018=DIRECTION('',(-1.,4.28344816920338E-16,-3.85202173500659E-17));
#10019=DIRECTION('',(0.,-0.0895666217011521,-0.995980833287992));
#10020=DIRECTION('',(0.,0.995980833287992,-0.0895666217011521));
#10021=DIRECTION('',(0.,-0.0895666217011521,-0.995980833287992));
#10022=DIRECTION('',(0.,-0.0895666217011521,-0.995980833287992));
#10023=DIRECTION('',(0.,0.995980833287992,-0.0895666217011521));
#10024=DIRECTION('',(0.397607437634301,-0.913867816284263,0.082182357581898));
#10025=DIRECTION('',(0.916969641465959,0.398956985939325,0.));
#10026=DIRECTION('',(0.,-0.0895666217011521,-0.995980833287992));
#10027=DIRECTION('',(-0.917555625309924,-0.396009387056514,0.0356123549521558));
#10028=DIRECTION('',(0.,-0.0895666217011521,-0.995980833287992));
#10029=DIRECTION('',(0.,0.995980833287992,-0.0895666217011521));
#10030=DIRECTION('',(0.,-0.0895666217011521,-0.995980833287992));
#10031=DIRECTION('',(0.,0.995980833287992,-0.0895666217011521));
#10032=DIRECTION('',(0.,-0.0895666217011521,-0.995980833287992));
#10033=DIRECTION('',(1.,0.,0.));
#10034=DIRECTION('',(0.960823591180895,0.276046696438588,-0.0248243432056274));
#10035=DIRECTION('',(-0.27613179238521,0.96111978089837,0.));
#10036=DIRECTION('',(0.,-0.0895666217011521,-0.995980833287992));
#10037=DIRECTION('',(0.27716065130218,-0.956961880987108,0.0860577231128416));
#10038=DIRECTION('',(0.,-0.0895666217011521,-0.995980833287992));
#10039=DIRECTION('',(0.,-0.0895666217011521,-0.995980833287992));
#10040=DIRECTION('',(0.,0.995980833287992,-0.0895666217011521));
#10041=DIRECTION('',(0.,-0.0895666217011521,-0.995980833287992));
#10042=DIRECTION('',(0.,-0.0895666217011521,-0.995980833287992));
#10043=DIRECTION('',(0.,0.995980833287992,-0.0895666217011521));
#10044=DIRECTION('',(-4.30073353426151E-16,-0.995980833287992,0.0895666217011521));
#10045=DIRECTION('',(0.,-0.0895666217011521,-0.995980833287992));
#10046=DIRECTION('',(0.,-0.0895666217011521,-0.995980833287992));
#10047=DIRECTION('',(-1.,4.28344816920338E-16,-3.85202173500659E-17));
#10048=DIRECTION('',(0.,-0.0895666217011521,-0.995980833287992));
#10049=DIRECTION('',(0.,0.995980833287992,-0.0895666217011521));
#10050=DIRECTION('',(0.,-0.0895666217011521,-0.995980833287992));
#10051=DIRECTION('',(0.,-0.0895666217011521,-0.995980833287992));
#10052=DIRECTION('',(0.,0.995980833287992,-0.0895666217011521));
#10053=DIRECTION('',(0.3976074376343,-0.913867816284263,0.082182357581898));
#10054=DIRECTION('',(0.916969641465959,0.398956985939325,0.));
#10055=DIRECTION('',(0.,-0.0895666217011521,-0.995980833287992));
#10056=DIRECTION('',(-0.917555625309924,-0.396009387056514,0.0356123549521557));
#10057=DIRECTION('',(0.,-0.0895666217011521,-0.995980833287992));
#10058=DIRECTION('',(0.,0.995980833287992,-0.0895666217011521));
#10059=DIRECTION('',(0.,-0.0895666217011521,-0.995980833287992));
#10060=DIRECTION('',(0.,0.995980833287992,-0.0895666217011521));
#10061=DIRECTION('',(0.,-0.0895666217011521,-0.995980833287992));
#10062=DIRECTION('',(1.,0.,0.));
#10063=DIRECTION('',(0.960823591180895,0.276046696438589,-0.0248243432056274));
#10064=DIRECTION('',(-0.276131792385211,0.96111978089837,0.));
#10065=DIRECTION('',(0.,-0.0895666217011521,-0.995980833287992));
#10066=DIRECTION('',(0.277160651302181,-0.956961880987108,0.0860577231128416));
#10067=DIRECTION('',(0.,-0.0895666217011521,-0.995980833287992));
#10068=DIRECTION('',(0.,-0.0895666217011521,-0.995980833287992));
#10069=DIRECTION('',(0.,0.995980833287992,-0.0895666217011521));
#10070=DIRECTION('',(0.,-0.0895666217011521,-0.995980833287992));
#10071=DIRECTION('',(0.,-0.0895666217011521,-0.995980833287992));
#10072=DIRECTION('',(0.,0.995980833287992,-0.0895666217011521));
#10073=DIRECTION('',(-4.252926358468E-16,-0.995980833287992,0.0895666217011521));
#10074=DIRECTION('',(0.,-0.0895666217011521,-0.995980833287992));
#10075=DIRECTION('',(0.,-0.0895666217011521,-0.995980833287992));
#10076=DIRECTION('',(-1.,4.23583313841942E-16,-3.80920246271761E-17));
#10077=DIRECTION('',(0.,-0.0895666217011521,-0.995980833287992));
#10078=DIRECTION('',(0.,0.995980833287992,-0.0895666217011521));
#10079=DIRECTION('',(0.,-0.0895666217011521,-0.995980833287992));
#10080=DIRECTION('',(0.,-0.0895666217011521,-0.995980833287992));
#10081=DIRECTION('',(0.,0.995980833287992,-0.0895666217011521));
#10082=DIRECTION('',(0.397607437634301,-0.913867816284263,0.082182357581898));
#10083=DIRECTION('',(0.916969641465959,0.398956985939325,0.));
#10084=DIRECTION('',(0.,-0.0895666217011521,-0.995980833287992));
#10085=DIRECTION('',(-0.917555625309924,-0.396009387056514,0.0356123549521558));
#10086=DIRECTION('',(0.,-0.0895666217011521,-0.995980833287992));
#10087=DIRECTION('',(0.,0.995980833287992,-0.0895666217011521));
#10088=DIRECTION('',(0.,-0.0895666217011521,-0.995980833287992));
#10089=DIRECTION('',(0.,0.995980833287992,-0.0895666217011521));
#10090=DIRECTION('',(0.,-0.0895666217011521,-0.995980833287992));
#10091=DIRECTION('',(1.,0.,0.));
#10092=DIRECTION('',(0.960823591180894,0.276046696438589,-0.0248243432056275));
#10093=DIRECTION('',(-0.276131792385211,0.96111978089837,0.));
#10094=DIRECTION('',(0.,-0.0895666217011521,-0.995980833287992));
#10095=DIRECTION('',(0.277160651302182,-0.956961880987108,0.0860577231128416));
#10096=DIRECTION('',(0.,-0.0895666217011521,-0.995980833287992));
#10097=DIRECTION('',(0.,-0.0895666217011521,-0.995980833287992));
#10098=DIRECTION('',(0.,0.995980833287992,-0.0895666217011521));
#10099=DIRECTION('',(0.,-0.0895666217011521,-0.995980833287992));
#10100=DIRECTION('',(0.,-0.0895666217011521,-0.995980833287992));
#10101=DIRECTION('',(0.,0.995980833287992,-0.0895666217011521));
#10102=DIRECTION('',(-4.78071757935146E-18,-0.995980833287992,0.0895666217011521));
#10103=DIRECTION('',(0.,-0.0895666217011521,-0.995980833287992));
#10104=DIRECTION('',(0.,-0.0895666217011521,-0.995980833287992));
#10105=DIRECTION('',(-1.,4.76150307839701E-18,-4.28192722889821E-19));
#10106=DIRECTION('',(0.,-0.0895666217011521,-0.995980833287992));
#10107=DIRECTION('',(0.,0.995980833287992,-0.0895666217011521));
#10108=DIRECTION('',(0.,-0.0895666217011521,-0.995980833287992));
#10109=DIRECTION('',(0.,-0.0895666217011521,-0.995980833287992));
#10110=DIRECTION('',(0.,0.995980833287992,-0.0895666217011521));
#10111=DIRECTION('',(0.397607437634301,-0.913867816284263,0.082182357581898));
#10112=DIRECTION('',(0.916969641465959,0.398956985939325,0.));
#10113=DIRECTION('',(0.,-0.0895666217011521,-0.995980833287992));
#10114=DIRECTION('',(-0.917555625309924,-0.396009387056514,0.0356123549521558));
#10115=DIRECTION('',(0.,-0.0895666217011521,-0.995980833287992));
#10116=DIRECTION('',(0.,0.995980833287992,-0.0895666217011521));
#10117=DIRECTION('',(0.,-0.0895666217011521,-0.995980833287992));
#10118=DIRECTION('',(0.,0.995980833287992,-0.0895666217011521));
#10119=DIRECTION('',(0.,-0.0895666217011521,-0.995980833287992));
#10120=DIRECTION('',(1.,0.,0.));
#10121=DIRECTION('',(0.,-0.995980833287992,0.0895666217011521));
#10122=DIRECTION('',(0.,-0.0895666217011521,-0.995980833287992));
#10123=DIRECTION('',(0.,-0.0895666217011521,-0.995980833287992));
#10124=DIRECTION('',(-1.,0.,0.));
#10125=DIRECTION('',(0.,-0.0895666217011521,-0.995980833287992));
#10126=DIRECTION('',(0.,-0.0895666217011521,-0.995980833287992));
#10127=DIRECTION('',(0.,0.995980833287992,-0.0895666217011521));
#10128=DIRECTION('',(0.,-0.0895666217011521,-0.995980833287992));
#10129=DIRECTION('',(0.,-0.0895666217011521,-0.995980833287992));
#10130=DIRECTION('',(0.,0.995980833287992,-0.0895666217011521));
#10131=DIRECTION('',(0.397607437634301,-0.913867816284263,0.082182357581898));
#10132=DIRECTION('',(0.916969641465958,0.398956985939326,0.));
#10133=DIRECTION('',(0.,-0.0895666217011521,-0.995980833287992));
#10134=DIRECTION('',(-0.917555625309924,-0.396009387056514,0.0356123549521558));
#10135=DIRECTION('',(0.,-0.0895666217011521,-0.995980833287992));
#10136=DIRECTION('',(0.,0.995980833287992,-0.0895666217011521));
#10137=DIRECTION('',(0.,-0.0895666217011521,-0.995980833287992));
#10138=DIRECTION('',(0.,-0.0895666217011521,-0.995980833287992));
#10139=DIRECTION('',(0.,0.995980833287992,-0.0895666217011521));
#10140=DIRECTION('',(0.960823591180895,0.276046696438589,-0.0248243432056274));
#10141=DIRECTION('',(-0.276131792385211,0.96111978089837,0.));
#10142=DIRECTION('',(0.277160651302181,-0.956961880987108,0.0860577231128416));
#10143=DIRECTION('',(0.,-0.0895666217011521,-0.995980833287992));
#10144=DIRECTION('',(1.,0.,0.));
#10145=DIRECTION('',(0.,-0.0895666217011521,-0.995980833287992));
#10146=DIRECTION('',(0.,0.995980833287992,-0.0895666217011521));
#10147=DIRECTION('',(0.,-0.0895666217011521,-0.995980833287992));
#10148=DIRECTION('',(0.,-0.0895666217011521,-0.995980833287992));
#10149=DIRECTION('',(0.,0.995980833287992,-0.0895666217011521));
#10150=DIRECTION('',(0.,-0.0895666217011521,-0.995980833287992));
#10151=DIRECTION('',(-0.397607437634301,0.913867816284263,-0.082182357581898));
#10152=DIRECTION('',(-0.916969641465959,-0.398956985939325,0.));
#10153=DIRECTION('',(0.,-0.0895666217011521,-0.995980833287992));
#10154=DIRECTION('',(0.917555625309924,0.396009387056514,-0.0356123549521558));
#10155=DIRECTION('',(1.,0.,0.));
#10156=DIRECTION('',(0.,0.,-1.));
#10157=DIRECTION('',(0.,-0.0895666217011521,-0.995980833287992));
#10158=DIRECTION('',(0.,-0.995980833287992,0.0895666217011521));
#10159=DIRECTION('',(-0.397607437634301,0.913867816284263,-0.082182357581898));
#10160=DIRECTION('',(-0.916969641465959,-0.398956985939325,0.));
#10161=DIRECTION('',(0.,-0.0895666217011521,-0.995980833287992));
#10162=DIRECTION('',(0.917555625309924,0.396009387056514,-0.0356123549521558));
#10163=DIRECTION('',(0.,-0.0895666217011521,-0.995980833287992));
#10164=DIRECTION('',(0.,0.995980833287992,-0.0895666217011521));
#10165=DIRECTION('',(0.,-0.0895666217011521,-0.995980833287992));
#10166=DIRECTION('',(0.,-0.0895666217011521,-0.995980833287992));
#10167=DIRECTION('',(0.,0.995980833287992,-0.0895666217011521));
#10168=DIRECTION('',(0.960823591180894,0.276046696438589,-0.0248243432056275));
#10169=DIRECTION('',(-0.276131792385211,0.96111978089837,0.));
#10170=DIRECTION('',(0.277160651302181,-0.956961880987108,0.0860577231128416));
#10171=DIRECTION('',(0.,-0.0895666217011521,-0.995980833287992));
#10172=DIRECTION('',(1.,0.,0.));
#10173=DIRECTION('',(0.,-0.0895666217011521,-0.995980833287992));
#10174=DIRECTION('',(0.,0.995980833287992,-0.0895666217011521));
#10175=DIRECTION('',(0.,-0.0895666217011521,-0.995980833287992));
#10176=DIRECTION('',(0.,-0.0895666217011521,-0.995980833287992));
#10177=DIRECTION('',(0.,0.995980833287992,-0.0895666217011521));
#10178=DIRECTION('',(0.,-0.0895666217011521,-0.995980833287992));
#10179=DIRECTION('',(0.960823591180894,0.276046696438591,-0.0248243432056276));
#10180=DIRECTION('',(-0.276131792385213,0.961119780898369,0.));
#10181=DIRECTION('',(0.,-0.0895666217011521,-0.995980833287992));
#10182=DIRECTION('',(0.277160651302183,-0.956961880987108,0.0860577231128415));
#10183=DIRECTION('',(0.,-0.0895666217011521,-0.995980833287992));
#10184=DIRECTION('',(0.,0.995980833287992,-0.0895666217011521));
#10185=DIRECTION('',(0.,-0.0895666217011521,-0.995980833287992));
#10186=DIRECTION('',(0.,-0.0895666217011521,-0.995980833287992));
#10187=DIRECTION('',(0.,0.995980833287992,-0.0895666217011521));
#10188=DIRECTION('',(-0.397607437634301,0.913867816284263,-0.082182357581898));
#10189=DIRECTION('',(-0.916969641465959,-0.398956985939325,0.));
#10190=DIRECTION('',(0.,-0.0895666217011521,-0.995980833287992));
#10191=DIRECTION('',(0.917555625309924,0.396009387056514,-0.0356123549521558));
#10192=DIRECTION('',(0.,-0.0895666217011521,-0.995980833287992));
#10193=DIRECTION('',(0.,0.995980833287992,-0.0895666217011521));
#10194=DIRECTION('',(0.,-0.0895666217011521,-0.995980833287992));
#10195=DIRECTION('',(0.,-0.0895666217011521,-0.995980833287992));
#10196=DIRECTION('',(0.,0.995980833287992,-0.0895666217011521));
#10197=DIRECTION('',(0.960823591180895,0.276046696438589,-0.0248243432056274));
#10198=DIRECTION('',(-0.276131792385211,0.96111978089837,0.));
#10199=DIRECTION('',(0.,-0.0895666217011521,-0.995980833287992));
#10200=DIRECTION('',(0.277160651302181,-0.956961880987108,0.0860577231128416));
#10201=DIRECTION('',(0.,-0.0895666217011521,-0.995980833287992));
#10202=DIRECTION('',(0.,0.995980833287992,-0.0895666217011521));
#10203=DIRECTION('',(0.,-0.0895666217011521,-0.995980833287992));
#10204=DIRECTION('',(0.,-0.0895666217011521,-0.995980833287992));
#10205=DIRECTION('',(0.,0.995980833287992,-0.0895666217011521));
#10206=DIRECTION('',(-0.397607437634301,0.913867816284263,-0.082182357581898));
#10207=DIRECTION('',(-0.916969641465959,-0.398956985939325,0.));
#10208=DIRECTION('',(0.917555625309924,0.396009387056514,-0.0356123549521558));
#10209=DIRECTION('',(0.,-0.0895666217011521,-0.995980833287992));
#10210=DIRECTION('',(1.,0.,0.));
#10211=DIRECTION('',(0.,-0.0895666217011521,-0.995980833287992));
#10212=DIRECTION('',(0.,0.995980833287992,-0.0895666217011521));
#10213=DIRECTION('',(0.,-0.0895666217011521,-0.995980833287992));
#10214=DIRECTION('',(0.,-0.0895666217011521,-0.995980833287992));
#10215=DIRECTION('',(0.,0.995980833287992,-0.0895666217011521));
#10216=DIRECTION('',(0.,-0.0895666217011521,-0.995980833287992));
#10217=DIRECTION('',(-0.397607437634301,0.913867816284263,-0.082182357581898));
#10218=DIRECTION('',(-0.916969641465959,-0.398956985939325,0.));
#10219=DIRECTION('',(0.,-0.0895666217011521,-0.995980833287992));
#10220=DIRECTION('',(0.917555625309924,0.396009387056514,-0.0356123549521558));
#10221=DIRECTION('',(0.,-0.0895666217011521,-0.995980833287992));
#10222=DIRECTION('',(0.,0.995980833287992,-0.0895666217011521));
#10223=DIRECTION('',(0.,-0.0895666217011521,-0.995980833287992));
#10224=DIRECTION('',(0.,-0.0895666217011521,-0.995980833287992));
#10225=DIRECTION('',(0.,0.995980833287992,-0.0895666217011521));
#10226=DIRECTION('',(0.960823591180895,0.276046696438588,-0.0248243432056274));
#10227=DIRECTION('',(-0.27613179238521,0.96111978089837,0.));
#10228=DIRECTION('',(0.,-0.0895666217011521,-0.995980833287992));
#10229=DIRECTION('',(0.277160651302181,-0.956961880987108,0.0860577231128416));
#10230=DIRECTION('',(0.,-0.0895666217011521,-0.995980833287992));
#10231=DIRECTION('',(0.,0.995980833287992,-0.0895666217011521));
#10232=DIRECTION('',(0.,-0.0895666217011521,-0.995980833287992));
#10233=DIRECTION('',(0.,-0.0895666217011521,-0.995980833287992));
#10234=DIRECTION('',(0.,0.995980833287992,-0.0895666217011521));
#10235=DIRECTION('',(-0.397607437634301,0.913867816284263,-0.082182357581898));
#10236=DIRECTION('',(-0.916969641465959,-0.398956985939325,0.));
#10237=DIRECTION('',(0.,-0.0895666217011521,-0.995980833287992));
#10238=DIRECTION('',(0.917555625309924,0.396009387056514,-0.0356123549521558));
#10239=DIRECTION('',(0.,-0.0895666217011521,-0.995980833287992));
#10240=DIRECTION('',(0.,0.995980833287992,-0.0895666217011521));
#10241=DIRECTION('',(0.,-0.0895666217011521,-0.995980833287992));
#10242=DIRECTION('',(0.,-0.0895666217011521,-0.995980833287992));
#10243=DIRECTION('',(0.,0.995980833287992,-0.0895666217011521));
#10244=DIRECTION('',(0.960823591180895,0.276046696438589,-0.0248243432056274));
#10245=DIRECTION('',(-0.276131792385211,0.96111978089837,0.));
#10246=DIRECTION('',(0.277160651302181,-0.956961880987108,0.0860577231128416));
#10247=DIRECTION('',(0.,-0.0895666217011521,-0.995980833287992));
#10248=DIRECTION('',(1.,0.,0.));
#10249=DIRECTION('',(0.,-0.0895666217011521,-0.995980833287992));
#10250=DIRECTION('',(0.,0.995980833287992,-0.0895666217011521));
#10251=DIRECTION('',(0.,-0.0895666217011521,-0.995980833287992));
#10252=DIRECTION('',(0.,-0.0895666217011521,-0.995980833287992));
#10253=DIRECTION('',(0.,0.995980833287992,-0.0895666217011521));
#10254=DIRECTION('',(0.,-0.0895666217011521,-0.995980833287992));
#10255=DIRECTION('',(0.960823591180895,0.276046696438589,-0.0248243432056274));
#10256=DIRECTION('',(-0.276131792385211,0.96111978089837,0.));
#10257=DIRECTION('',(0.,-0.0895666217011521,-0.995980833287992));
#10258=DIRECTION('',(0.277160651302181,-0.956961880987108,0.0860577231128416));
#10259=DIRECTION('',(0.,-0.0895666217011521,-0.995980833287992));
#10260=DIRECTION('',(0.,0.995980833287992,-0.0895666217011521));
#10261=DIRECTION('',(0.,-0.0895666217011521,-0.995980833287992));
#10262=DIRECTION('',(0.,-0.0895666217011521,-0.995980833287992));
#10263=DIRECTION('',(0.,0.995980833287992,-0.0895666217011521));
#10264=DIRECTION('',(-0.397607437634301,0.913867816284263,-0.082182357581898));
#10265=DIRECTION('',(-0.916969641465959,-0.398956985939325,0.));
#10266=DIRECTION('',(0.,-0.0895666217011521,-0.995980833287992));
#10267=DIRECTION('',(0.917555625309924,0.396009387056514,-0.0356123549521558));
#10268=DIRECTION('',(0.,-0.0895666217011521,-0.995980833287992));
#10269=DIRECTION('',(0.,0.995980833287992,-0.0895666217011521));
#10270=DIRECTION('',(0.,-0.0895666217011521,-0.995980833287992));
#10271=DIRECTION('',(0.,-0.0895666217011521,-0.995980833287992));
#10272=DIRECTION('',(0.,0.995980833287992,-0.0895666217011521));
#10273=DIRECTION('',(0.960823591180895,0.276046696438589,-0.0248243432056274));
#10274=DIRECTION('',(-0.276131792385211,0.96111978089837,0.));
#10275=DIRECTION('',(0.,-0.0895666217011521,-0.995980833287992));
#10276=DIRECTION('',(0.277160651302181,-0.956961880987108,0.0860577231128416));
#10277=DIRECTION('',(0.,-0.0895666217011521,-0.995980833287992));
#10278=DIRECTION('',(0.,0.995980833287992,-0.0895666217011521));
#10279=DIRECTION('',(0.,-0.0895666217011521,-0.995980833287992));
#10280=DIRECTION('',(0.,-0.0895666217011521,-0.995980833287992));
#10281=DIRECTION('',(0.,0.995980833287992,-0.0895666217011521));
#10282=DIRECTION('',(0.397607437634301,-0.913867816284263,0.082182357581898));
#10283=DIRECTION('',(0.916969641465959,0.398956985939325,0.));
#10284=DIRECTION('',(-0.917555625309924,-0.396009387056514,0.0356123549521558));
#10285=DIRECTION('',(0.,-0.0895666217011521,-0.995980833287992));
#10286=DIRECTION('',(1.,0.,0.));
#10287=DIRECTION('',(0.,-0.0895666217011521,-0.995980833287992));
#10288=DIRECTION('',(0.,0.995980833287992,-0.0895666217011521));
#10289=DIRECTION('',(0.,-0.0895666217011521,-0.995980833287992));
#10290=DIRECTION('',(0.,-0.0895666217011521,-0.995980833287992));
#10291=DIRECTION('',(0.,0.995980833287992,-0.0895666217011521));
#10292=DIRECTION('',(0.,-0.0895666217011521,-0.995980833287992));
#10293=DIRECTION('',(0.960823591180895,0.276046696438588,-0.0248243432056274));
#10294=DIRECTION('',(-0.27613179238521,0.96111978089837,0.));
#10295=DIRECTION('',(0.,-0.0895666217011521,-0.995980833287992));
#10296=DIRECTION('',(0.277160651302181,-0.956961880987108,0.0860577231128416));
#10297=DIRECTION('',(0.,-0.0895666217011521,-0.995980833287992));
#10298=DIRECTION('',(0.,0.995980833287992,-0.0895666217011521));
#10299=DIRECTION('',(0.,-0.0895666217011521,-0.995980833287992));
#10300=DIRECTION('',(0.,-0.0895666217011521,-0.995980833287992));
#10301=DIRECTION('',(0.,0.995980833287992,-0.0895666217011521));
#10302=DIRECTION('',(0.397607437634301,-0.913867816284263,0.082182357581898));
#10303=DIRECTION('',(0.916969641465959,0.398956985939325,0.));
#10304=DIRECTION('',(0.,-0.0895666217011521,-0.995980833287992));
#10305=DIRECTION('',(-0.917555625309924,-0.396009387056514,0.0356123549521558));
#10306=DIRECTION('',(0.,-0.0895666217011521,-0.995980833287992));
#10307=DIRECTION('',(0.,0.995980833287992,-0.0895666217011521));
#10308=DIRECTION('',(0.,-0.0895666217011521,-0.995980833287992));
#10309=DIRECTION('',(0.,-0.0895666217011521,-0.995980833287992));
#10310=DIRECTION('',(0.,0.995980833287992,-0.0895666217011521));
#10311=DIRECTION('',(0.960823591180895,0.276046696438589,-0.0248243432056274));
#10312=DIRECTION('',(-0.276131792385211,0.96111978089837,0.));
#10313=DIRECTION('',(0.,-0.0895666217011521,-0.995980833287992));
#10314=DIRECTION('',(0.277160651302181,-0.956961880987108,0.0860577231128416));
#10315=DIRECTION('',(0.,-0.0895666217011521,-0.995980833287992));
#10316=DIRECTION('',(0.,0.995980833287992,-0.0895666217011521));
#10317=DIRECTION('',(0.,-0.0895666217011521,-0.995980833287992));
#10318=DIRECTION('',(0.,-0.0895666217011521,-0.995980833287992));
#10319=DIRECTION('',(0.,0.995980833287992,-0.0895666217011521));
#10320=DIRECTION('',(0.397607437634301,-0.913867816284263,0.082182357581898));
#10321=DIRECTION('',(0.916969641465959,0.398956985939325,0.));
#10322=DIRECTION('',(-0.917555625309924,-0.396009387056514,0.0356123549521558));
#10323=DIRECTION('',(0.,-0.0895666217011521,-0.995980833287992));
#10324=DIRECTION('',(1.,0.,0.));
#10325=DIRECTION('',(0.,-0.0895666217011521,-0.995980833287992));
#10326=DIRECTION('',(0.,0.995980833287992,-0.0895666217011521));
#10327=DIRECTION('',(0.,-0.0895666217011521,-0.995980833287992));
#10328=DIRECTION('',(0.,-0.0895666217011521,-0.995980833287992));
#10329=DIRECTION('',(0.,0.995980833287992,-0.0895666217011521));
#10330=DIRECTION('',(0.,-0.0895666217011521,-0.995980833287992));
#10331=DIRECTION('',(0.960823591180895,0.276046696438589,-0.0248243432056274));
#10332=DIRECTION('',(-0.276131792385211,0.96111978089837,0.));
#10333=DIRECTION('',(0.,-0.0895666217011521,-0.995980833287992));
#10334=DIRECTION('',(0.277160651302181,-0.956961880987108,0.0860577231128416));
#10335=DIRECTION('',(0.,-0.0895666217011521,-0.995980833287992));
#10336=DIRECTION('',(0.,0.995980833287992,-0.0895666217011521));
#10337=DIRECTION('',(0.,-0.0895666217011521,-0.995980833287992));
#10338=DIRECTION('',(0.,-0.0895666217011521,-0.995980833287992));
#10339=DIRECTION('',(0.,0.995980833287992,-0.0895666217011521));
#10340=DIRECTION('',(0.397607437634301,-0.913867816284263,0.082182357581898));
#10341=DIRECTION('',(0.916969641465959,0.398956985939325,0.));
#10342=DIRECTION('',(0.,-0.0895666217011521,-0.995980833287992));
#10343=DIRECTION('',(-0.917555625309924,-0.396009387056514,0.0356123549521558));
#10344=DIRECTION('',(0.,-0.0895666217011521,-0.995980833287992));
#10345=DIRECTION('',(0.,0.995980833287992,-0.0895666217011521));
#10346=DIRECTION('',(0.,-0.0895666217011521,-0.995980833287992));
#10347=DIRECTION('',(0.,-0.0895666217011521,-0.995980833287992));
#10348=DIRECTION('',(0.,0.995980833287992,-0.0895666217011521));
#10349=DIRECTION('',(0.960823591180894,0.276046696438589,-0.0248243432056274));
#10350=DIRECTION('',(-0.276131792385211,0.96111978089837,0.));
#10351=DIRECTION('',(0.,-0.0895666217011521,-0.995980833287992));
#10352=DIRECTION('',(0.277160651302181,-0.956961880987108,0.0860577231128416));
#10353=DIRECTION('',(0.,-0.0895666217011521,-0.995980833287992));
#10354=DIRECTION('',(0.,0.995980833287992,-0.0895666217011521));
#10355=DIRECTION('',(0.,-0.0895666217011521,-0.995980833287992));
#10356=DIRECTION('',(0.,-0.0895666217011521,-0.995980833287992));
#10357=DIRECTION('',(0.,0.995980833287992,-0.0895666217011521));
#10358=DIRECTION('',(0.397607437634301,-0.913867816284263,0.082182357581898));
#10359=DIRECTION('',(0.916969641465959,0.398956985939325,0.));
#10360=DIRECTION('',(-0.917555625309924,-0.396009387056514,0.0356123549521558));
#10361=DIRECTION('',(0.,-0.0895666217011521,-0.995980833287992));
#10362=DIRECTION('',(1.,0.,0.));
#10363=DIRECTION('',(0.,-0.0895666217011521,-0.995980833287992));
#10364=DIRECTION('',(0.,0.995980833287992,-0.0895666217011521));
#10365=DIRECTION('',(0.,-0.0895666217011521,-0.995980833287992));
#10366=DIRECTION('',(0.,-0.0895666217011521,-0.995980833287992));
#10367=DIRECTION('',(0.,0.995980833287992,-0.0895666217011521));
#10368=DIRECTION('',(0.,-0.0895666217011521,-0.995980833287992));
#10369=DIRECTION('',(0.960823591180894,0.276046696438589,-0.0248243432056274));
#10370=DIRECTION('',(-0.276131792385211,0.96111978089837,0.));
#10371=DIRECTION('',(0.,-0.0895666217011521,-0.995980833287992));
#10372=DIRECTION('',(0.277160651302181,-0.956961880987108,0.0860577231128416));
#10373=DIRECTION('',(0.,-0.0895666217011521,-0.995980833287992));
#10374=DIRECTION('',(0.,0.995980833287992,-0.0895666217011521));
#10375=DIRECTION('',(0.,-0.0895666217011521,-0.995980833287992));
#10376=DIRECTION('',(0.,-0.0895666217011521,-0.995980833287992));
#10377=DIRECTION('',(0.,0.995980833287992,-0.0895666217011521));
#10378=DIRECTION('',(0.397607437634301,-0.913867816284263,0.082182357581898));
#10379=DIRECTION('',(0.916969641465959,0.398956985939325,0.));
#10380=DIRECTION('',(0.,-0.0895666217011521,-0.995980833287992));
#10381=DIRECTION('',(-0.917555625309924,-0.396009387056514,0.0356123549521558));
#10382=DIRECTION('',(0.,-0.0895666217011521,-0.995980833287992));
#10383=DIRECTION('',(0.,0.995980833287992,-0.0895666217011521));
#10384=DIRECTION('',(0.,-0.0895666217011521,-0.995980833287992));
#10385=DIRECTION('',(0.,-0.0895666217011521,-0.995980833287992));
#10386=DIRECTION('',(0.,0.995980833287992,-0.0895666217011521));
#10387=DIRECTION('',(0.960823591180895,0.276046696438588,-0.0248243432056273));
#10388=DIRECTION('',(-0.27613179238521,0.96111978089837,0.));
#10389=DIRECTION('',(0.,-0.0895666217011521,-0.995980833287992));
#10390=DIRECTION('',(0.27716065130218,-0.956961880987109,0.0860577231128416));
#10391=DIRECTION('',(0.,-0.0895666217011521,-0.995980833287992));
#10392=DIRECTION('',(0.,0.995980833287992,-0.0895666217011521));
#10393=DIRECTION('',(0.,-0.0895666217011521,-0.995980833287992));
#10394=DIRECTION('',(0.,-0.0895666217011521,-0.995980833287992));
#10395=DIRECTION('',(0.,0.995980833287992,-0.0895666217011521));
#10396=DIRECTION('',(0.397607437634301,-0.913867816284263,0.082182357581898));
#10397=DIRECTION('',(0.916969641465959,0.398956985939326,0.));
#10398=DIRECTION('',(-0.917555625309924,-0.396009387056514,0.0356123549521558));
#10399=DIRECTION('',(0.,-0.0895666217011521,-0.995980833287992));
#10400=DIRECTION('',(1.,0.,0.));
#10401=DIRECTION('',(0.,-0.0895666217011521,-0.995980833287992));
#10402=DIRECTION('',(0.,0.995980833287992,-0.0895666217011521));
#10403=DIRECTION('',(0.,-0.0895666217011521,-0.995980833287992));
#10404=DIRECTION('',(0.,-0.0895666217011521,-0.995980833287992));
#10405=DIRECTION('',(0.,0.995980833287992,-0.0895666217011521));
#10406=DIRECTION('',(0.,-0.0895666217011521,-0.995980833287992));
#10407=DIRECTION('',(0.960823591180895,0.276046696438588,-0.0248243432056273));
#10408=DIRECTION('',(-0.27613179238521,0.96111978089837,0.));
#10409=DIRECTION('',(0.,-0.0895666217011521,-0.995980833287992));
#10410=DIRECTION('',(0.27716065130218,-0.956961880987109,0.0860577231128416));
#10411=DIRECTION('',(0.,-0.0895666217011521,-0.995980833287992));
#10412=DIRECTION('',(0.,0.995980833287992,-0.0895666217011521));
#10413=DIRECTION('',(0.,-0.0895666217011521,-0.995980833287992));
#10414=DIRECTION('',(0.,-0.0895666217011521,-0.995980833287992));
#10415=DIRECTION('',(0.,0.995980833287992,-0.0895666217011521));
#10416=DIRECTION('',(0.397607437634301,-0.913867816284263,0.082182357581898));
#10417=DIRECTION('',(0.916969641465959,0.398956985939325,0.));
#10418=DIRECTION('',(0.,-0.0895666217011521,-0.995980833287992));
#10419=DIRECTION('',(-0.917555625309924,-0.396009387056514,0.0356123549521558));
#10420=DIRECTION('',(0.,-0.0895666217011521,-0.995980833287992));
#10421=DIRECTION('',(0.,0.995980833287992,-0.0895666217011521));
#10422=DIRECTION('',(0.,-0.0895666217011521,-0.995980833287992));
#10423=DIRECTION('',(0.,-0.0895666217011521,-0.995980833287992));
#10424=DIRECTION('',(0.,0.995980833287992,-0.0895666217011521));
#10425=DIRECTION('',(0.960823591180895,0.276046696438588,-0.0248243432056274));
#10426=DIRECTION('',(-0.27613179238521,0.96111978089837,0.));
#10427=DIRECTION('',(0.,-0.0895666217011521,-0.995980833287992));
#10428=DIRECTION('',(0.27716065130218,-0.956961880987108,0.0860577231128416));
#10429=DIRECTION('',(0.,-0.0895666217011521,-0.995980833287992));
#10430=DIRECTION('',(0.,0.995980833287992,-0.0895666217011521));
#10431=DIRECTION('',(0.,-0.0895666217011521,-0.995980833287992));
#10432=DIRECTION('',(0.,-0.0895666217011521,-0.995980833287992));
#10433=DIRECTION('',(0.,0.995980833287992,-0.0895666217011521));
#10434=DIRECTION('',(0.397607437634301,-0.913867816284263,0.082182357581898));
#10435=DIRECTION('',(0.916969641465959,0.398956985939325,0.));
#10436=DIRECTION('',(-0.917555625309924,-0.396009387056514,0.0356123549521558));
#10437=DIRECTION('',(0.,-0.0895666217011521,-0.995980833287992));
#10438=DIRECTION('',(1.,0.,0.));
#10439=DIRECTION('',(0.,-0.0895666217011521,-0.995980833287992));
#10440=DIRECTION('',(0.,0.995980833287992,-0.0895666217011521));
#10441=DIRECTION('',(0.,-0.0895666217011521,-0.995980833287992));
#10442=DIRECTION('',(0.,-0.0895666217011521,-0.995980833287992));
#10443=DIRECTION('',(0.,0.995980833287992,-0.0895666217011521));
#10444=DIRECTION('',(0.,-0.0895666217011521,-0.995980833287992));
#10445=DIRECTION('',(0.960823591180894,0.276046696438589,-0.0248243432056274));
#10446=DIRECTION('',(-0.276131792385211,0.96111978089837,0.));
#10447=DIRECTION('',(0.,-0.0895666217011521,-0.995980833287992));
#10448=DIRECTION('',(0.277160651302181,-0.956961880987108,0.0860577231128416));
#10449=DIRECTION('',(0.,-0.0895666217011521,-0.995980833287992));
#10450=DIRECTION('',(0.,0.995980833287992,-0.0895666217011521));
#10451=DIRECTION('',(0.,-0.0895666217011521,-0.995980833287992));
#10452=DIRECTION('',(0.,-0.0895666217011521,-0.995980833287992));
#10453=DIRECTION('',(0.,0.995980833287992,-0.0895666217011521));
#10454=DIRECTION('',(0.397607437634301,-0.913867816284263,0.082182357581898));
#10455=DIRECTION('',(0.916969641465959,0.398956985939326,0.));
#10456=DIRECTION('',(0.,-0.0895666217011521,-0.995980833287992));
#10457=DIRECTION('',(-0.917555625309924,-0.396009387056514,0.0356123549521558));
#10458=DIRECTION('',(0.,-0.0895666217011521,-0.995980833287992));
#10459=DIRECTION('',(0.,0.995980833287992,-0.0895666217011521));
#10460=DIRECTION('',(0.,-0.0895666217011521,-0.995980833287992));
#10461=DIRECTION('',(0.,-0.0895666217011521,-0.995980833287992));
#10462=DIRECTION('',(0.,0.995980833287992,-0.0895666217011521));
#10463=DIRECTION('',(0.960823591180895,0.276046696438589,-0.0248243432056274));
#10464=DIRECTION('',(-0.276131792385211,0.96111978089837,0.));
#10465=DIRECTION('',(0.,-0.0895666217011521,-0.995980833287992));
#10466=DIRECTION('',(0.277160651302181,-0.956961880987108,0.0860577231128416));
#10467=DIRECTION('',(0.,-0.0895666217011521,-0.995980833287992));
#10468=DIRECTION('',(0.,0.995980833287992,-0.0895666217011521));
#10469=DIRECTION('',(0.,-0.0895666217011521,-0.995980833287992));
#10470=DIRECTION('',(0.,-0.0895666217011521,-0.995980833287992));
#10471=DIRECTION('',(0.,0.995980833287992,-0.0895666217011521));
#10472=DIRECTION('',(0.397607437634301,-0.913867816284263,0.082182357581898));
#10473=DIRECTION('',(0.916969641465959,0.398956985939325,0.));
#10474=DIRECTION('',(-0.917555625309924,-0.396009387056514,0.0356123549521558));
#10475=DIRECTION('',(0.,-0.0895666217011521,-0.995980833287992));
#10476=DIRECTION('',(1.,0.,0.));
#10477=DIRECTION('',(0.,-0.0895666217011521,-0.995980833287992));
#10478=DIRECTION('',(0.,0.995980833287992,-0.0895666217011521));
#10479=DIRECTION('',(0.,-0.0895666217011521,-0.995980833287992));
#10480=DIRECTION('',(0.,-0.0895666217011521,-0.995980833287992));
#10481=DIRECTION('',(0.,0.995980833287992,-0.0895666217011521));
#10482=DIRECTION('',(0.,-0.0895666217011521,-0.995980833287992));
#10483=DIRECTION('',(0.960823591180894,0.276046696438589,-0.0248243432056274));
#10484=DIRECTION('',(-0.276131792385211,0.96111978089837,0.));
#10485=DIRECTION('',(0.,-0.0895666217011521,-0.995980833287992));
#10486=DIRECTION('',(0.277160651302181,-0.956961880987108,0.0860577231128416));
#10487=DIRECTION('',(0.,-0.0895666217011521,-0.995980833287992));
#10488=DIRECTION('',(0.,0.995980833287992,-0.0895666217011521));
#10489=DIRECTION('',(0.,-0.0895666217011521,-0.995980833287992));
#10490=DIRECTION('',(0.,-0.0895666217011521,-0.995980833287992));
#10491=DIRECTION('',(0.,0.995980833287992,-0.0895666217011521));
#10492=DIRECTION('',(0.3976074376343,-0.913867816284263,0.082182357581898));
#10493=DIRECTION('',(0.916969641465959,0.398956985939325,0.));
#10494=DIRECTION('',(0.,-0.0895666217011521,-0.995980833287992));
#10495=DIRECTION('',(-0.917555625309924,-0.396009387056514,0.0356123549521558));
#10496=DIRECTION('',(1.,0.,0.));
#10497=DIRECTION('',(0.,0.,-1.));
#10498=DIRECTION('',(0.,-0.0895666217011521,-0.995980833287992));
#10499=DIRECTION('',(0.,-0.995980833287992,0.0895666217011521));
#10500=DIRECTION('',(0.397607437634303,-0.913867816284262,0.0821823575818979));
#10501=DIRECTION('',(0.916969641465957,0.398956985939328,0.));
#10502=DIRECTION('',(-0.917555625309923,-0.396009387056517,0.035612354952156));
#10503=DIRECTION('',(0.,-0.0895666217011521,-0.995980833287992));
#10504=DIRECTION('',(1.,0.,0.));
#10505=DIRECTION('',(0.,-0.0895666217011521,-0.995980833287992));
#10506=DIRECTION('',(0.,0.995980833287992,-0.0895666217011521));
#10507=DIRECTION('',(0.,-0.0895666217011521,-0.995980833287992));
#10508=DIRECTION('',(0.,-0.0895666217011521,-0.995980833287992));
#10509=DIRECTION('',(0.,0.995980833287992,-0.0895666217011521));
#10510=DIRECTION('',(0.,-0.0895666217011521,-0.995980833287992));
#10511=DIRECTION('',(0.960823591180895,0.276046696438589,-0.0248243432056274));
#10512=DIRECTION('',(-0.27613179238521,0.96111978089837,0.));
#10513=DIRECTION('',(0.,-0.0895666217011521,-0.995980833287992));
#10514=DIRECTION('',(0.277160651302181,-0.956961880987108,0.0860577231128416));
#10515=DIRECTION('',(0.,-0.0895666217011521,-0.995980833287992));
#10516=DIRECTION('',(0.,0.995980833287992,-0.0895666217011521));
#10517=DIRECTION('',(0.,-0.0895666217011521,-0.995980833287992));
#10518=DIRECTION('',(0.,-0.0895666217011521,-0.995980833287992));
#10519=DIRECTION('',(0.,0.995980833287992,-0.0895666217011521));
#10520=DIRECTION('',(0.397607437634301,-0.913867816284263,0.082182357581898));
#10521=DIRECTION('',(0.916969641465959,0.398956985939326,0.));
#10522=DIRECTION('',(0.,-0.0895666217011521,-0.995980833287992));
#10523=DIRECTION('',(-0.917555625309924,-0.396009387056514,0.0356123549521558));
#10524=DIRECTION('',(0.,-0.0895666217011521,-0.995980833287992));
#10525=DIRECTION('',(0.,0.995980833287992,-0.0895666217011521));
#10526=DIRECTION('',(0.,-0.0895666217011521,-0.995980833287992));
#10527=DIRECTION('',(0.,-0.0895666217011521,-0.995980833287992));
#10528=DIRECTION('',(0.,0.995980833287992,-0.0895666217011521));
#10529=DIRECTION('',(0.960823591180895,0.276046696438589,-0.0248243432056274));
#10530=DIRECTION('',(-0.27613179238521,0.96111978089837,0.));
#10531=DIRECTION('',(0.,-0.0895666217011521,-0.995980833287992));
#10532=DIRECTION('',(0.277160651302181,-0.956961880987108,0.0860577231128416));
#10533=DIRECTION('',(0.,-0.0895666217011521,-0.995980833287992));
#10534=DIRECTION('',(0.,0.995980833287992,-0.0895666217011521));
#10535=DIRECTION('',(0.,-0.0895666217011521,-0.995980833287992));
#10536=DIRECTION('',(0.,-0.0895666217011521,-0.995980833287992));
#10537=DIRECTION('',(0.,0.995980833287992,-0.0895666217011521));
#10538=DIRECTION('',(0.397607437634301,-0.913867816284263,0.082182357581898));
#10539=DIRECTION('',(0.916969641465959,0.398956985939326,0.));
#10540=DIRECTION('',(-0.917555625309924,-0.396009387056514,0.0356123549521558));
#10541=DIRECTION('',(0.,-0.0895666217011521,-0.995980833287992));
#10542=DIRECTION('',(1.,0.,0.));
#10543=DIRECTION('',(0.,-0.0895666217011521,-0.995980833287992));
#10544=DIRECTION('',(0.,0.995980833287992,-0.0895666217011521));
#10545=DIRECTION('',(0.,-0.0895666217011521,-0.995980833287992));
#10546=DIRECTION('',(0.,-0.0895666217011521,-0.995980833287992));
#10547=DIRECTION('',(0.,0.995980833287992,-0.0895666217011521));
#10548=DIRECTION('',(0.,-0.0895666217011521,-0.995980833287992));
#10549=DIRECTION('',(0.960823591180894,0.276046696438589,-0.0248243432056274));
#10550=DIRECTION('',(-0.276131792385211,0.96111978089837,0.));
#10551=DIRECTION('',(0.,-0.0895666217011521,-0.995980833287992));
#10552=DIRECTION('',(0.277160651302181,-0.956961880987108,0.0860577231128416));
#10553=DIRECTION('',(0.,-0.0895666217011521,-0.995980833287992));
#10554=DIRECTION('',(0.,0.995980833287992,-0.0895666217011521));
#10555=DIRECTION('',(0.,-0.0895666217011521,-0.995980833287992));
#10556=DIRECTION('',(0.,-0.0895666217011521,-0.995980833287992));
#10557=DIRECTION('',(0.,0.995980833287992,-0.0895666217011521));
#10558=DIRECTION('',(0.397607437634301,-0.913867816284262,0.082182357581898));
#10559=DIRECTION('',(0.916969641465958,0.398956985939326,0.));
#10560=DIRECTION('',(0.,-0.0895666217011521,-0.995980833287992));
#10561=DIRECTION('',(-0.917555625309924,-0.396009387056515,0.0356123549521558));
#10562=DIRECTION('',(1.,0.,0.));
#10563=DIRECTION('',(0.,0.,-1.));
#10564=DIRECTION('',(0.,-0.0895666217011521,-0.995980833287992));
#10565=DIRECTION('',(0.,-0.995980833287992,0.0895666217011521));
#10566=DIRECTION('',(0.3976074376343,-0.913867816284263,0.082182357581898));
#10567=DIRECTION('',(0.916969641465959,0.398956985939325,0.));
#10568=DIRECTION('',(-0.917555625309924,-0.396009387056514,0.0356123549521558));
#10569=DIRECTION('',(0.,-0.0895666217011521,-0.995980833287992));
#10570=DIRECTION('',(1.,0.,0.));
#10571=DIRECTION('',(0.,-0.0895666217011521,-0.995980833287992));
#10572=DIRECTION('',(0.,0.995980833287992,-0.0895666217011521));
#10573=DIRECTION('',(0.,-0.0895666217011521,-0.995980833287992));
#10574=DIRECTION('',(0.,-0.0895666217011521,-0.995980833287992));
#10575=DIRECTION('',(0.,0.995980833287992,-0.0895666217011521));
#10576=DIRECTION('',(0.,-0.0895666217011521,-0.995980833287992));
#10577=DIRECTION('',(0.960823591180895,0.276046696438589,-0.0248243432056274));
#10578=DIRECTION('',(-0.276131792385211,0.96111978089837,0.));
#10579=DIRECTION('',(0.,-0.0895666217011521,-0.995980833287992));
#10580=DIRECTION('',(0.277160651302181,-0.956961880987108,0.0860577231128416));
#10581=DIRECTION('',(0.,-0.0895666217011521,-0.995980833287992));
#10582=DIRECTION('',(0.,0.995980833287992,-0.0895666217011521));
#10583=DIRECTION('',(0.,-0.0895666217011521,-0.995980833287992));
#10584=DIRECTION('',(0.,-0.0895666217011521,-0.995980833287992));
#10585=DIRECTION('',(0.,0.995980833287992,-0.0895666217011521));
#10586=DIRECTION('',(0.397607437634301,-0.913867816284263,0.082182357581898));
#10587=DIRECTION('',(0.916969641465959,0.398956985939325,0.));
#10588=DIRECTION('',(0.,-0.0895666217011521,-0.995980833287992));
#10589=DIRECTION('',(-0.917555625309924,-0.396009387056514,0.0356123549521558));
#10590=DIRECTION('',(0.,-0.0895666217011521,-0.995980833287992));
#10591=DIRECTION('',(0.,0.995980833287992,-0.0895666217011521));
#10592=DIRECTION('',(0.,-0.0895666217011521,-0.995980833287992));
#10593=DIRECTION('',(0.,-0.0895666217011521,-0.995980833287992));
#10594=DIRECTION('',(0.,0.995980833287992,-0.0895666217011521));
#10595=DIRECTION('',(0.960823591180895,0.276046696438589,-0.0248243432056274));
#10596=DIRECTION('',(-0.276131792385211,0.96111978089837,0.));
#10597=DIRECTION('',(0.,-0.0895666217011521,-0.995980833287992));
#10598=DIRECTION('',(0.277160651302181,-0.956961880987108,0.0860577231128416));
#10599=DIRECTION('',(0.,-0.0895666217011521,-0.995980833287992));
#10600=DIRECTION('',(0.,0.995980833287992,-0.0895666217011521));
#10601=DIRECTION('',(0.,-0.0895666217011521,-0.995980833287992));
#10602=DIRECTION('',(0.,-0.0895666217011521,-0.995980833287992));
#10603=DIRECTION('',(0.,0.995980833287992,-0.0895666217011521));
#10604=DIRECTION('',(0.397607437634301,-0.913867816284263,0.082182357581898));
#10605=DIRECTION('',(0.916969641465959,0.398956985939325,0.));
#10606=DIRECTION('',(-0.917555625309924,-0.396009387056514,0.0356123549521558));
#10607=DIRECTION('',(0.,-0.0895666217011521,-0.995980833287992));
#10608=DIRECTION('',(1.,0.,0.));
#10609=DIRECTION('',(0.,-0.0895666217011521,-0.995980833287992));
#10610=DIRECTION('',(0.,0.995980833287992,-0.0895666217011521));
#10611=DIRECTION('',(0.,-0.0895666217011521,-0.995980833287992));
#10612=DIRECTION('',(0.,-0.0895666217011521,-0.995980833287992));
#10613=DIRECTION('',(0.,0.995980833287992,-0.0895666217011521));
#10614=DIRECTION('',(0.,-0.0895666217011521,-0.995980833287992));
#10615=DIRECTION('',(0.960823591180895,0.276046696438589,-0.0248243432056274));
#10616=DIRECTION('',(-0.276131792385211,0.96111978089837,0.));
#10617=DIRECTION('',(0.,-0.0895666217011521,-0.995980833287992));
#10618=DIRECTION('',(0.277160651302181,-0.956961880987108,0.0860577231128416));
#10619=DIRECTION('',(0.,-0.0895666217011521,-0.995980833287992));
#10620=DIRECTION('',(0.,0.995980833287992,-0.0895666217011521));
#10621=DIRECTION('',(0.,-0.0895666217011521,-0.995980833287992));
#10622=DIRECTION('',(0.,-0.0895666217011521,-0.995980833287992));
#10623=DIRECTION('',(0.,0.995980833287992,-0.0895666217011521));
#10624=DIRECTION('',(0.397607437634301,-0.913867816284263,0.082182357581898));
#10625=DIRECTION('',(0.916969641465959,0.398956985939325,0.));
#10626=DIRECTION('',(0.,-0.0895666217011521,-0.995980833287992));
#10627=DIRECTION('',(-0.917555625309924,-0.396009387056514,0.0356123549521558));
#10628=DIRECTION('',(0.,-0.0895666217011521,-0.995980833287992));
#10629=DIRECTION('',(0.,0.995980833287992,-0.0895666217011521));
#10630=DIRECTION('',(0.,-0.0895666217011521,-0.995980833287992));
#10631=DIRECTION('',(0.,-0.0895666217011521,-0.995980833287992));
#10632=DIRECTION('',(0.,0.995980833287992,-0.0895666217011521));
#10633=DIRECTION('',(0.960823591180895,0.276046696438588,-0.0248243432056274));
#10634=DIRECTION('',(-0.27613179238521,0.96111978089837,0.));
#10635=DIRECTION('',(0.,-0.0895666217011521,-0.995980833287992));
#10636=DIRECTION('',(0.277160651302181,-0.956961880987108,0.0860577231128416));
#10637=DIRECTION('',(0.,-0.0895666217011521,-0.995980833287992));
#10638=DIRECTION('',(0.,0.995980833287992,-0.0895666217011521));
#10639=DIRECTION('',(0.,-0.0895666217011521,-0.995980833287992));
#10640=DIRECTION('',(0.,-0.0895666217011521,-0.995980833287992));
#10641=DIRECTION('',(0.,0.995980833287992,-0.0895666217011521));
#10642=DIRECTION('',(0.397607437634301,-0.913867816284263,0.082182357581898));
#10643=DIRECTION('',(0.916969641465959,0.398956985939325,0.));
#10644=DIRECTION('',(-0.917555625309924,-0.396009387056514,0.0356123549521558));
#10645=DIRECTION('',(0.,-0.0895666217011521,-0.995980833287992));
#10646=DIRECTION('',(1.,0.,0.));
#10647=DIRECTION('',(0.,-0.0895666217011521,-0.995980833287992));
#10648=DIRECTION('',(0.,0.995980833287992,-0.0895666217011521));
#10649=DIRECTION('',(0.,-0.0895666217011521,-0.995980833287992));
#10650=DIRECTION('',(0.,-0.0895666217011521,-0.995980833287992));
#10651=DIRECTION('',(0.,0.995980833287992,-0.0895666217011521));
#10652=DIRECTION('',(0.,-0.0895666217011521,-0.995980833287992));
#10653=DIRECTION('',(0.960823591180895,0.276046696438588,-0.0248243432056274));
#10654=DIRECTION('',(-0.27613179238521,0.96111978089837,0.));
#10655=DIRECTION('',(0.,-0.0895666217011521,-0.995980833287992));
#10656=DIRECTION('',(0.277160651302181,-0.956961880987108,0.0860577231128416));
#10657=DIRECTION('',(0.,-0.0895666217011521,-0.995980833287992));
#10658=DIRECTION('',(0.,0.995980833287992,-0.0895666217011521));
#10659=DIRECTION('',(0.,-0.0895666217011521,-0.995980833287992));
#10660=DIRECTION('',(0.,-0.0895666217011521,-0.995980833287992));
#10661=DIRECTION('',(0.,0.995980833287992,-0.0895666217011521));
#10662=DIRECTION('',(0.397607437634301,-0.913867816284263,0.082182357581898));
#10663=DIRECTION('',(0.916969641465959,0.398956985939325,0.));
#10664=DIRECTION('',(0.,-0.0895666217011521,-0.995980833287992));
#10665=DIRECTION('',(-0.917555625309924,-0.396009387056514,0.0356123549521558));
#10666=DIRECTION('',(0.,-0.0895666217011521,-0.995980833287992));
#10667=DIRECTION('',(0.,0.995980833287992,-0.0895666217011521));
#10668=DIRECTION('',(0.,-0.0895666217011521,-0.995980833287992));
#10669=DIRECTION('',(0.,-0.0895666217011521,-0.995980833287992));
#10670=DIRECTION('',(0.,0.995980833287992,-0.0895666217011521));
#10671=DIRECTION('',(0.960823591180895,0.276046696438589,-0.0248243432056274));
#10672=DIRECTION('',(-0.276131792385211,0.96111978089837,0.));
#10673=DIRECTION('',(0.,-0.0895666217011521,-0.995980833287992));
#10674=DIRECTION('',(0.277160651302181,-0.956961880987108,0.0860577231128416));
#10675=DIRECTION('',(0.,-0.0895666217011521,-0.995980833287992));
#10676=DIRECTION('',(0.,0.995980833287992,-0.0895666217011521));
#10677=DIRECTION('',(0.,-0.0895666217011521,-0.995980833287992));
#10678=DIRECTION('',(0.,-0.0895666217011521,-0.995980833287992));
#10679=DIRECTION('',(0.,0.995980833287992,-0.0895666217011521));
#10680=DIRECTION('',(0.397607437634301,-0.913867816284263,0.082182357581898));
#10681=DIRECTION('',(0.916969641465959,0.398956985939325,0.));
#10682=DIRECTION('',(-0.917555625309924,-0.396009387056514,0.0356123549521558));
#10683=DIRECTION('',(0.,-0.0895666217011521,-0.995980833287992));
#10684=DIRECTION('',(1.,0.,0.));
#10685=DIRECTION('',(0.,-0.0895666217011521,-0.995980833287992));
#10686=DIRECTION('',(0.,0.995980833287992,-0.0895666217011521));
#10687=DIRECTION('',(0.,-0.0895666217011521,-0.995980833287992));
#10688=DIRECTION('',(0.,-0.0895666217011521,-0.995980833287992));
#10689=DIRECTION('',(0.,0.995980833287992,-0.0895666217011521));
#10690=DIRECTION('',(0.,-0.0895666217011521,-0.995980833287992));
#10691=DIRECTION('',(0.960823591180895,0.276046696438589,-0.0248243432056274));
#10692=DIRECTION('',(-0.276131792385211,0.96111978089837,0.));
#10693=DIRECTION('',(0.,-0.0895666217011521,-0.995980833287992));
#10694=DIRECTION('',(0.277160651302181,-0.956961880987108,0.0860577231128416));
#10695=DIRECTION('',(0.,-0.0895666217011521,-0.995980833287992));
#10696=DIRECTION('',(0.,0.995980833287992,-0.0895666217011521));
#10697=DIRECTION('',(0.,-0.0895666217011521,-0.995980833287992));
#10698=DIRECTION('',(0.,-0.0895666217011521,-0.995980833287992));
#10699=DIRECTION('',(0.,0.995980833287992,-0.0895666217011521));
#10700=DIRECTION('',(0.397607437634301,-0.913867816284263,0.082182357581898));
#10701=DIRECTION('',(0.916969641465959,0.398956985939325,0.));
#10702=DIRECTION('',(0.,-0.0895666217011521,-0.995980833287992));
#10703=DIRECTION('',(-0.917555625309924,-0.396009387056514,0.0356123549521558));
#10704=DIRECTION('',(0.,-0.0895666217011521,-0.995980833287992));
#10705=DIRECTION('',(0.,0.995980833287992,-0.0895666217011521));
#10706=DIRECTION('',(0.,-0.0895666217011521,-0.995980833287992));
#10707=DIRECTION('',(0.,-0.0895666217011521,-0.995980833287992));
#10708=DIRECTION('',(0.,0.995980833287992,-0.0895666217011521));
#10709=DIRECTION('',(0.960823591180895,0.276046696438588,-0.0248243432056274));
#10710=DIRECTION('',(-0.27613179238521,0.96111978089837,0.));
#10711=DIRECTION('',(0.,-0.0895666217011521,-0.995980833287992));
#10712=DIRECTION('',(0.277160651302181,-0.956961880987108,0.0860577231128416));
#10713=DIRECTION('',(0.,-0.0895666217011521,-0.995980833287992));
#10714=DIRECTION('',(0.,0.995980833287992,-0.0895666217011521));
#10715=DIRECTION('',(0.,-0.0895666217011521,-0.995980833287992));
#10716=DIRECTION('',(0.,-0.0895666217011521,-0.995980833287992));
#10717=DIRECTION('',(0.,0.995980833287992,-0.0895666217011521));
#10718=DIRECTION('',(0.3976074376343,-0.913867816284263,0.082182357581898));
#10719=DIRECTION('',(0.916969641465959,0.398956985939325,0.));
#10720=DIRECTION('',(-0.917555625309924,-0.396009387056514,0.0356123549521557));
#10721=DIRECTION('',(0.,-0.0895666217011521,-0.995980833287992));
#10722=DIRECTION('',(1.,0.,0.));
#10723=DIRECTION('',(0.,-0.0895666217011521,-0.995980833287992));
#10724=DIRECTION('',(0.,0.995980833287992,-0.0895666217011521));
#10725=DIRECTION('',(0.,-0.0895666217011521,-0.995980833287992));
#10726=DIRECTION('',(0.,0.995980833287992,-0.0895666217011521));
#10727=DIRECTION('',(0.,-0.0895666217011521,-0.995980833287992));
#10728=DIRECTION('',(0.,0.995980833287992,-0.0895666217011521));
#10729=DIRECTION('',(0.,-0.0895666217011521,-0.995980833287992));
#10730=DIRECTION('',(0.,0.995980833287992,-0.0895666217011521));
#10731=DIRECTION('',(0.,-0.0895666217011521,-0.995980833287992));
#10732=DIRECTION('',(0.,-0.0895666217011521,-0.995980833287992));
#10733=DIRECTION('',(0.,0.995980833287992,-0.0895666217011521));
#10734=DIRECTION('',(0.,-0.0895666217011521,-0.995980833287992));
#10735=DIRECTION('',(0.960823591180895,0.276046696438588,-0.0248243432056274));
#10736=DIRECTION('',(-0.27613179238521,0.96111978089837,0.));
#10737=DIRECTION('',(0.,-0.0895666217011521,-0.995980833287992));
#10738=DIRECTION('',(0.277160651302181,-0.956961880987108,0.0860577231128416));
#10739=DIRECTION('',(0.,-0.0895666217011521,-0.995980833287992));
#10740=DIRECTION('',(0.,0.995980833287992,-0.0895666217011521));
#10741=DIRECTION('',(0.,-0.0895666217011521,-0.995980833287992));
#10742=DIRECTION('',(0.,-0.0895666217011521,-0.995980833287992));
#10743=DIRECTION('',(0.,0.995980833287992,-0.0895666217011521));
#10744=DIRECTION('',(0.397607437634301,-0.913867816284263,0.082182357581898));
#10745=DIRECTION('',(0.916969641465959,0.398956985939325,0.));
#10746=DIRECTION('',(0.,-0.0895666217011521,-0.995980833287992));
#10747=DIRECTION('',(-0.917555625309924,-0.396009387056514,0.0356123549521558));
#10748=DIRECTION('',(0.,-0.0895666217011521,-0.995980833287992));
#10749=DIRECTION('',(0.,0.995980833287992,-0.0895666217011521));
#10750=DIRECTION('',(0.,-0.0895666217011521,-0.995980833287992));
#10751=DIRECTION('',(0.,-0.0895666217011521,-0.995980833287992));
#10752=DIRECTION('',(0.,0.995980833287992,-0.0895666217011521));
#10753=DIRECTION('',(0.960823591180895,0.276046696438588,-0.0248243432056274));
#10754=DIRECTION('',(-0.27613179238521,0.96111978089837,0.));
#10755=DIRECTION('',(0.,-0.0895666217011521,-0.995980833287992));
#10756=DIRECTION('',(0.277160651302181,-0.956961880987108,0.0860577231128416));
#10757=DIRECTION('',(0.,-0.0895666217011521,-0.995980833287992));
#10758=DIRECTION('',(0.,0.995980833287992,-0.0895666217011521));
#10759=DIRECTION('',(0.,-0.0895666217011521,-0.995980833287992));
#10760=DIRECTION('',(0.,-0.0895666217011521,-0.995980833287992));
#10761=DIRECTION('',(0.,0.995980833287992,-0.0895666217011521));
#10762=DIRECTION('',(0.397607437634301,-0.913867816284263,0.082182357581898));
#10763=DIRECTION('',(0.916969641465959,0.398956985939326,0.));
#10764=DIRECTION('',(-0.917555625309924,-0.396009387056514,0.0356123549521558));
#10765=DIRECTION('',(0.,-0.0895666217011521,-0.995980833287992));
#10766=DIRECTION('',(1.,0.,0.));
#10767=DIRECTION('',(0.,-0.0895666217011521,-0.995980833287992));
#10768=DIRECTION('',(0.,0.995980833287992,-0.0895666217011521));
#10769=DIRECTION('',(0.,-0.0895666217011521,-0.995980833287992));
#10770=DIRECTION('',(0.,0.995980833287992,-0.0895666217011521));
#10771=DIRECTION('',(0.,-0.0895666217011521,-0.995980833287992));
#10772=DIRECTION('',(0.,0.995980833287992,-0.0895666217011521));
#10773=DIRECTION('',(0.,-0.0895666217011521,-0.995980833287992));
#10774=DIRECTION('',(0.,0.995980833287992,-0.0895666217011521));
#10775=DIRECTION('',(0.,-0.0895666217011521,-0.995980833287992));
#10776=DIRECTION('',(0.,0.995980833287992,-0.0895666217011521));
#10777=DIRECTION('',(0.,-0.0895666217011521,-0.995980833287992));
#10778=DIRECTION('',(0.,-0.0895666217011521,-0.995980833287992));
#10779=DIRECTION('',(0.,0.995980833287992,-0.0895666217011521));
#10780=DIRECTION('',(0.,-0.0895666217011521,-0.995980833287992));
#10781=DIRECTION('',(0.960823591180894,0.276046696438589,-0.0248243432056275));
#10782=DIRECTION('',(-0.276131792385211,0.96111978089837,0.));
#10783=DIRECTION('',(0.,-0.0895666217011521,-0.995980833287992));
#10784=DIRECTION('',(0.277160651302182,-0.956961880987108,0.0860577231128416));
#10785=DIRECTION('',(0.,-0.0895666217011521,-0.995980833287992));
#10786=DIRECTION('',(0.,0.995980833287992,-0.0895666217011521));
#10787=DIRECTION('',(0.,-0.0895666217011521,-0.995980833287992));
#10788=DIRECTION('',(0.,-0.0895666217011521,-0.995980833287992));
#10789=DIRECTION('',(0.,0.995980833287992,-0.0895666217011521));
#10790=DIRECTION('',(0.3976074376343,-0.913867816284263,0.082182357581898));
#10791=DIRECTION('',(0.916969641465959,0.398956985939325,0.));
#10792=DIRECTION('',(0.,-0.0895666217011521,-0.995980833287992));
#10793=DIRECTION('',(-0.917555625309924,-0.396009387056514,0.0356123549521558));
#10794=DIRECTION('',(1.,0.,0.));
#10795=DIRECTION('',(0.,0.,-1.));
#10796=DIRECTION('',(0.,-0.0895666217011521,-0.995980833287992));
#10797=DIRECTION('',(0.,-0.995980833287992,0.0895666217011521));
#10798=DIRECTION('',(0.397607437634301,-0.913867816284263,0.082182357581898));
#10799=DIRECTION('',(0.916969641465959,0.398956985939325,0.));
#10800=DIRECTION('',(-0.917555625309924,-0.396009387056514,0.0356123549521558));
#10801=DIRECTION('',(0.,-0.0895666217011521,-0.995980833287992));
#10802=DIRECTION('',(1.,0.,0.));
#10803=DIRECTION('',(0.,-0.0895666217011521,-0.995980833287992));
#10804=DIRECTION('',(0.,0.995980833287992,-0.0895666217011521));
#10805=DIRECTION('',(0.,-0.0895666217011521,-0.995980833287992));
#10806=DIRECTION('',(0.,-0.0895666217011521,-0.995980833287992));
#10807=DIRECTION('',(0.,0.995980833287992,-0.0895666217011521));
#10808=DIRECTION('',(0.,-0.0895666217011521,-0.995980833287992));
#10809=DIRECTION('',(0.960823591180895,0.276046696438589,-0.0248243432056274));
#10810=DIRECTION('',(-0.276131792385211,0.96111978089837,0.));
#10811=DIRECTION('',(0.,-0.0895666217011521,-0.995980833287992));
#10812=DIRECTION('',(0.277160651302181,-0.956961880987108,0.0860577231128416));
#10813=DIRECTION('',(0.,-0.0895666217011521,-0.995980833287992));
#10814=DIRECTION('',(0.,0.995980833287992,-0.0895666217011521));
#10815=DIRECTION('',(0.,-0.0895666217011521,-0.995980833287992));
#10816=DIRECTION('',(0.,-0.0895666217011521,-0.995980833287992));
#10817=DIRECTION('',(0.,0.995980833287992,-0.0895666217011521));
#10818=DIRECTION('',(0.397607437634301,-0.913867816284263,0.082182357581898));
#10819=DIRECTION('',(0.916969641465958,0.398956985939326,0.));
#10820=DIRECTION('',(0.,-0.0895666217011521,-0.995980833287992));
#10821=DIRECTION('',(-0.917555625309924,-0.396009387056514,0.0356123549521558));
#10822=DIRECTION('',(0.,-0.0895666217011521,-0.995980833287992));
#10823=DIRECTION('',(0.,0.995980833287992,-0.0895666217011521));
#10824=DIRECTION('',(0.,-0.0895666217011521,-0.995980833287992));
#10825=DIRECTION('',(0.,-0.0895666217011521,-0.995980833287992));
#10826=DIRECTION('',(0.,0.995980833287992,-0.0895666217011521));
#10827=DIRECTION('',(0.960823591180894,0.276046696438589,-0.0248243432056274));
#10828=DIRECTION('',(-0.276131792385211,0.96111978089837,0.));
#10829=DIRECTION('',(0.,-0.0895666217011521,-0.995980833287992));
#10830=DIRECTION('',(0.277160651302181,-0.956961880987108,0.0860577231128416));
#10831=DIRECTION('',(0.,-0.0895666217011521,-0.995980833287992));
#10832=DIRECTION('',(0.,0.995980833287992,-0.0895666217011521));
#10833=DIRECTION('',(0.,-0.0895666217011521,-0.995980833287992));
#10834=DIRECTION('',(0.,-0.0895666217011521,-0.995980833287992));
#10835=DIRECTION('',(0.,0.995980833287992,-0.0895666217011521));
#10836=DIRECTION('',(0.397607437634301,-0.913867816284263,0.082182357581898));
#10837=DIRECTION('',(0.916969641465959,0.398956985939325,0.));
#10838=DIRECTION('',(-0.917555625309924,-0.396009387056514,0.0356123549521558));
#10839=DIRECTION('',(0.,-0.0895666217011521,-0.995980833287992));
#10840=DIRECTION('',(1.,0.,0.));
#10841=DIRECTION('',(0.,-0.0895666217011521,-0.995980833287992));
#10842=DIRECTION('',(0.,0.995980833287992,-0.0895666217011521));
#10843=DIRECTION('',(0.,-0.0895666217011521,-0.995980833287992));
#10844=DIRECTION('',(0.,-0.0895666217011521,-0.995980833287992));
#10845=DIRECTION('',(0.,0.995980833287992,-0.0895666217011521));
#10846=DIRECTION('',(0.,-0.0895666217011521,-0.995980833287992));
#10847=DIRECTION('',(0.960823591180895,0.276046696438588,-0.0248243432056274));
#10848=DIRECTION('',(-0.27613179238521,0.96111978089837,0.));
#10849=DIRECTION('',(0.,-0.0895666217011521,-0.995980833287992));
#10850=DIRECTION('',(0.277160651302181,-0.956961880987108,0.0860577231128416));
#10851=DIRECTION('',(0.,-0.0895666217011521,-0.995980833287992));
#10852=DIRECTION('',(0.,0.995980833287992,-0.0895666217011521));
#10853=DIRECTION('',(0.,-0.0895666217011521,-0.995980833287992));
#10854=DIRECTION('',(0.,-0.0895666217011521,-0.995980833287992));
#10855=DIRECTION('',(0.,0.995980833287992,-0.0895666217011521));
#10856=DIRECTION('',(-0.397607437634301,0.913867816284263,-0.082182357581898));
#10857=DIRECTION('',(-0.916969641465959,-0.398956985939325,0.));
#10858=DIRECTION('',(0.,-0.0895666217011521,-0.995980833287992));
#10859=DIRECTION('',(0.917555625309924,0.396009387056514,-0.0356123549521558));
#10860=DIRECTION('',(0.,-0.0895666217011521,-0.995980833287992));
#10861=DIRECTION('',(0.,0.995980833287992,-0.0895666217011521));
#10862=DIRECTION('',(0.,-0.0895666217011521,-0.995980833287992));
#10863=DIRECTION('',(0.,-0.0895666217011521,-0.995980833287992));
#10864=DIRECTION('',(0.,0.995980833287992,-0.0895666217011521));
#10865=DIRECTION('',(0.960823591180895,0.276046696438588,-0.0248243432056274));
#10866=DIRECTION('',(-0.27613179238521,0.96111978089837,0.));
#10867=DIRECTION('',(0.,-0.0895666217011521,-0.995980833287992));
#10868=DIRECTION('',(0.27716065130218,-0.956961880987108,0.0860577231128416));
#10869=DIRECTION('',(0.,-0.0895666217011521,-0.995980833287992));
#10870=DIRECTION('',(0.,0.995980833287992,-0.0895666217011521));
#10871=DIRECTION('',(0.,-0.0895666217011521,-0.995980833287992));
#10872=DIRECTION('',(0.,-0.0895666217011521,-0.995980833287992));
#10873=DIRECTION('',(0.,0.995980833287992,-0.0895666217011521));
#10874=DIRECTION('',(0.397607437634301,-0.913867816284263,0.082182357581898));
#10875=DIRECTION('',(0.916969641465959,0.398956985939325,0.));
#10876=DIRECTION('',(-0.917555625309924,-0.396009387056514,0.0356123549521558));
#10877=DIRECTION('',(0.,-0.0895666217011521,-0.995980833287992));
#10878=DIRECTION('',(1.,0.,0.));
#10879=DIRECTION('',(0.,-0.0895666217011521,-0.995980833287992));
#10880=DIRECTION('',(0.,0.995980833287992,-0.0895666217011521));
#10881=DIRECTION('',(0.,-0.0895666217011521,-0.995980833287992));
#10882=DIRECTION('',(0.,-0.0895666217011521,-0.995980833287992));
#10883=DIRECTION('',(0.,0.995980833287992,-0.0895666217011521));
#10884=DIRECTION('',(0.,-0.0895666217011521,-0.995980833287992));
#10885=DIRECTION('',(-0.397607437634301,0.913867816284263,-0.082182357581898));
#10886=DIRECTION('',(-0.916969641465959,-0.398956985939325,0.));
#10887=DIRECTION('',(0.,-0.0895666217011521,-0.995980833287992));
#10888=DIRECTION('',(0.917555625309924,0.396009387056514,-0.0356123549521558));
#10889=DIRECTION('',(0.,-0.0895666217011521,-0.995980833287992));
#10890=DIRECTION('',(0.,0.995980833287992,-0.0895666217011521));
#10891=DIRECTION('',(0.,-0.0895666217011521,-0.995980833287992));
#10892=DIRECTION('',(0.,-0.0895666217011521,-0.995980833287992));
#10893=DIRECTION('',(0.,0.995980833287992,-0.0895666217011521));
#10894=DIRECTION('',(0.960823591180895,0.276046696438589,-0.0248243432056274));
#10895=DIRECTION('',(-0.27613179238521,0.96111978089837,0.));
#10896=DIRECTION('',(0.,-0.0895666217011521,-0.995980833287992));
#10897=DIRECTION('',(0.277160651302181,-0.956961880987108,0.0860577231128416));
#10898=DIRECTION('',(0.,-0.0895666217011521,-0.995980833287992));
#10899=DIRECTION('',(0.,0.995980833287992,-0.0895666217011521));
#10900=DIRECTION('',(0.,-0.0895666217011521,-0.995980833287992));
#10901=DIRECTION('',(0.,-0.0895666217011521,-0.995980833287992));
#10902=DIRECTION('',(0.,0.995980833287992,-0.0895666217011521));
#10903=DIRECTION('',(-0.3976074376343,0.913867816284263,-0.082182357581898));
#10904=DIRECTION('',(-0.916969641465959,-0.398956985939325,0.));
#10905=DIRECTION('',(0.,-0.0895666217011521,-0.995980833287992));
#10906=DIRECTION('',(0.917555625309924,0.396009387056514,-0.0356123549521558));
#10907=DIRECTION('',(0.,-0.0895666217011521,-0.995980833287992));
#10908=DIRECTION('',(0.,0.995980833287992,-0.0895666217011521));
#10909=DIRECTION('',(0.,-0.0895666217011521,-0.995980833287992));
#10910=DIRECTION('',(0.,-0.0895666217011521,-0.995980833287992));
#10911=DIRECTION('',(0.,0.995980833287992,-0.0895666217011521));
#10912=DIRECTION('',(0.960823591180895,0.276046696438588,-0.0248243432056274));
#10913=DIRECTION('',(-0.27613179238521,0.96111978089837,0.));
#10914=DIRECTION('',(0.277160651302181,-0.956961880987108,0.0860577231128416));
#10915=DIRECTION('',(0.,-0.0895666217011521,-0.995980833287992));
#10916=DIRECTION('',(1.,0.,0.));
#10917=DIRECTION('',(-0.397607437634301,0.913867816284263,-0.082182357581898));
#10918=DIRECTION('',(-0.916969641465959,-0.398956985939325,0.));
#10919=DIRECTION('',(0.,-0.0895666217011521,-0.995980833287992));
#10920=DIRECTION('',(0.917555625309924,0.396009387056514,-0.0356123549521558));
#10921=DIRECTION('',(0.,-0.0895666217011521,-0.995980833287992));
#10922=DIRECTION('',(0.,-0.0895666217011521,-0.995980833287992));
#10923=DIRECTION('',(0.,0.995980833287992,-0.0895666217011521));
#10924=DIRECTION('',(0.,-0.0895666217011521,-0.995980833287992));
#10925=DIRECTION('',(0.,-0.0895666217011521,-0.995980833287992));
#10926=DIRECTION('',(0.,0.995980833287992,-0.0895666217011521));
#10927=DIRECTION('',(0.960823591180895,0.276046696438588,-0.0248243432056274));
#10928=DIRECTION('',(-0.27613179238521,0.96111978089837,0.));
#10929=DIRECTION('',(0.,-0.0895666217011521,-0.995980833287992));
#10930=DIRECTION('',(0.27716065130218,-0.956961880987108,0.0860577231128416));
#10931=DIRECTION('',(0.,-0.0895666217011521,-0.995980833287992));
#10932=DIRECTION('',(0.,0.995980833287992,-0.0895666217011521));
#10933=DIRECTION('',(0.,-0.0895666217011521,-0.995980833287992));
#10934=DIRECTION('',(0.,-0.0895666217011521,-0.995980833287992));
#10935=DIRECTION('',(0.,0.995980833287992,-0.0895666217011521));
#10936=DIRECTION('',(-0.397607437634301,0.913867816284263,-0.082182357581898));
#10937=DIRECTION('',(-0.916969641465959,-0.398956985939325,0.));
#10938=DIRECTION('',(0.,-0.0895666217011521,-0.995980833287992));
#10939=DIRECTION('',(0.917555625309924,0.396009387056514,-0.0356123549521558));
#10940=DIRECTION('',(0.,-0.0895666217011521,-0.995980833287992));
#10941=DIRECTION('',(0.,0.995980833287992,-0.0895666217011521));
#10942=DIRECTION('',(0.,-0.0895666217011521,-0.995980833287992));
#10943=DIRECTION('',(0.,-0.0895666217011521,-0.995980833287992));
#10944=DIRECTION('',(0.,0.995980833287992,-0.0895666217011521));
#10945=DIRECTION('',(0.960823591180895,0.276046696438588,-0.0248243432056274));
#10946=DIRECTION('',(-0.27613179238521,0.96111978089837,0.));
#10947=DIRECTION('',(0.,-0.0895666217011521,-0.995980833287992));
#10948=DIRECTION('',(0.277160651302181,-0.956961880987108,0.0860577231128416));
#10949=DIRECTION('',(0.,-0.0895666217011521,-0.995980833287992));
#10950=DIRECTION('',(0.,0.995980833287992,-0.0895666217011521));
#10951=DIRECTION('',(0.,-0.0895666217011521,-0.995980833287992));
#10952=DIRECTION('',(0.,0.995980833287992,-0.0895666217011521));
#10953=DIRECTION('',(0.,-0.0895666217011521,-0.995980833287992));
#10954=DIRECTION('',(1.,0.,0.));
#10955=DIRECTION('',(-0.397607437634301,0.913867816284263,-0.082182357581898));
#10956=DIRECTION('',(-0.916969641465959,-0.398956985939325,0.));
#10957=DIRECTION('',(0.,-0.0895666217011521,-0.995980833287992));
#10958=DIRECTION('',(0.917555625309924,0.396009387056514,-0.0356123549521558));
#10959=DIRECTION('',(0.,-0.0895666217011521,-0.995980833287992));
#10960=DIRECTION('',(0.,-0.0895666217011521,-0.995980833287992));
#10961=DIRECTION('',(0.,0.995980833287992,-0.0895666217011521));
#10962=DIRECTION('',(0.,-0.0895666217011521,-0.995980833287992));
#10963=DIRECTION('',(0.,-0.0895666217011521,-0.995980833287992));
#10964=DIRECTION('',(0.,0.995980833287992,-0.0895666217011521));
#10965=DIRECTION('',(0.960823591180895,0.276046696438588,-0.0248243432056274));
#10966=DIRECTION('',(-0.27613179238521,0.96111978089837,0.));
#10967=DIRECTION('',(0.,-0.0895666217011521,-0.995980833287992));
#10968=DIRECTION('',(0.27716065130218,-0.956961880987108,0.0860577231128416));
#10969=DIRECTION('',(0.,-0.0895666217011521,-0.995980833287992));
#10970=DIRECTION('',(0.,0.995980833287992,-0.0895666217011521));
#10971=DIRECTION('',(0.,-0.0895666217011521,-0.995980833287992));
#10972=DIRECTION('',(0.,-0.0895666217011521,-0.995980833287992));
#10973=DIRECTION('',(0.,0.995980833287992,-0.0895666217011521));
#10974=DIRECTION('',(-0.397607437634301,0.913867816284263,-0.082182357581898));
#10975=DIRECTION('',(-0.916969641465959,-0.398956985939326,0.));
#10976=DIRECTION('',(0.,-0.0895666217011521,-0.995980833287992));
#10977=DIRECTION('',(0.917555625309924,0.396009387056514,-0.0356123549521558));
#10978=DIRECTION('',(0.,-0.0895666217011521,-0.995980833287992));
#10979=DIRECTION('',(0.,0.995980833287992,-0.0895666217011521));
#10980=DIRECTION('',(0.,-0.0895666217011521,-0.995980833287992));
#10981=DIRECTION('',(0.,-0.0895666217011521,-0.995980833287992));
#10982=DIRECTION('',(0.,0.995980833287992,-0.0895666217011521));
#10983=DIRECTION('',(0.960823591180894,0.276046696438589,-0.0248243432056274));
#10984=DIRECTION('',(-0.276131792385211,0.96111978089837,0.));
#10985=DIRECTION('',(0.,-0.0895666217011521,-0.995980833287992));
#10986=DIRECTION('',(0.277160651302181,-0.956961880987108,0.0860577231128416));
#10987=DIRECTION('',(0.,-0.0895666217011521,-0.995980833287992));
#10988=DIRECTION('',(0.,0.995980833287992,-0.0895666217011521));
#10989=DIRECTION('',(0.,-0.0895666217011521,-0.995980833287992));
#10990=DIRECTION('',(0.,0.995980833287992,-0.0895666217011521));
#10991=DIRECTION('',(0.,-0.0895666217011521,-0.995980833287992));
#10992=DIRECTION('',(1.,0.,0.));
#10993=DIRECTION('',(0.,-0.0895666217011521,-0.995980833287992));
#10994=DIRECTION('',(0.,0.995980833287992,-0.0895666217011521));
#10995=DIRECTION('',(0.,-0.0895666217011521,-0.995980833287992));
#10996=DIRECTION('',(0.,-0.0895666217011521,-0.995980833287992));
#10997=DIRECTION('',(0.,0.995980833287992,-0.0895666217011521));
#10998=DIRECTION('',(0.,-0.0895666217011521,-0.995980833287992));
#10999=DIRECTION('',(-0.397607437634301,0.913867816284263,-0.082182357581898));
#11000=DIRECTION('',(-0.916969641465959,-0.398956985939325,0.));
#11001=DIRECTION('',(0.,-0.0895666217011521,-0.995980833287992));
#11002=DIRECTION('',(0.917555625309924,0.396009387056514,-0.0356123549521558));
#11003=DIRECTION('',(0.,-0.0895666217011521,-0.995980833287992));
#11004=DIRECTION('',(0.,0.995980833287992,-0.0895666217011521));
#11005=DIRECTION('',(0.,-0.0895666217011521,-0.995980833287992));
#11006=DIRECTION('',(0.,-0.0895666217011521,-0.995980833287992));
#11007=DIRECTION('',(0.,0.995980833287992,-0.0895666217011521));
#11008=DIRECTION('',(0.960823591180895,0.276046696438588,-0.0248243432056274));
#11009=DIRECTION('',(-0.27613179238521,0.96111978089837,0.));
#11010=DIRECTION('',(0.,-0.0895666217011521,-0.995980833287992));
#11011=DIRECTION('',(0.27716065130218,-0.956961880987108,0.0860577231128416));
#11012=DIRECTION('',(0.,-0.0895666217011521,-0.995980833287992));
#11013=DIRECTION('',(0.,0.995980833287992,-0.0895666217011521));
#11014=DIRECTION('',(0.,-0.0895666217011521,-0.995980833287992));
#11015=DIRECTION('',(0.,-0.0895666217011521,-0.995980833287992));
#11016=DIRECTION('',(0.,0.995980833287992,-0.0895666217011521));
#11017=DIRECTION('',(-0.397607437634301,0.913867816284263,-0.082182357581898));
#11018=DIRECTION('',(-0.916969641465959,-0.398956985939325,0.));
#11019=DIRECTION('',(0.,-0.0895666217011521,-0.995980833287992));
#11020=DIRECTION('',(0.917555625309924,0.396009387056514,-0.0356123549521558));
#11021=DIRECTION('',(0.,-0.0895666217011521,-0.995980833287992));
#11022=DIRECTION('',(0.,0.995980833287992,-0.0895666217011521));
#11023=DIRECTION('',(0.,-0.0895666217011521,-0.995980833287992));
#11024=DIRECTION('',(0.,-0.0895666217011521,-0.995980833287992));
#11025=DIRECTION('',(0.,0.995980833287992,-0.0895666217011521));
#11026=DIRECTION('',(0.960823591180895,0.276046696438589,-0.0248243432056274));
#11027=DIRECTION('',(-0.276131792385211,0.96111978089837,0.));
#11028=DIRECTION('',(0.277160651302181,-0.956961880987108,0.0860577231128416));
#11029=DIRECTION('',(0.,-0.0895666217011521,-0.995980833287992));
#11030=DIRECTION('',(1.,0.,0.));
#11031=DIRECTION('',(0.,-0.0895666217011521,-0.995980833287992));
#11032=DIRECTION('',(0.,0.995980833287992,-0.0895666217011521));
#11033=DIRECTION('',(0.,-0.0895666217011521,-0.995980833287992));
#11034=DIRECTION('',(0.,-0.0895666217011521,-0.995980833287992));
#11035=DIRECTION('',(0.,0.995980833287992,-0.0895666217011521));
#11036=DIRECTION('',(0.,-0.0895666217011521,-0.995980833287992));
#11037=DIRECTION('',(-0.3976074376343,0.913867816284263,-0.082182357581898));
#11038=DIRECTION('',(-0.916969641465959,-0.398956985939325,0.));
#11039=DIRECTION('',(0.,-0.0895666217011521,-0.995980833287992));
#11040=DIRECTION('',(0.917555625309924,0.396009387056514,-0.0356123549521557));
#11041=DIRECTION('',(1.,0.,0.));
#11042=DIRECTION('',(0.,0.,-1.));
#11043=DIRECTION('',(0.,-0.0895666217011521,-0.995980833287992));
#11044=DIRECTION('',(0.,-0.995980833287992,0.0895666217011521));
#11045=DIRECTION('',(-0.397607437634301,0.913867816284263,-0.082182357581898));
#11046=DIRECTION('',(-0.916969641465958,-0.398956985939326,0.));
#11047=DIRECTION('',(0.,-0.0895666217011521,-0.995980833287992));
#11048=DIRECTION('',(0.917555625309924,0.396009387056514,-0.0356123549521558));
#11049=DIRECTION('',(0.,-0.0895666217011521,-0.995980833287992));
#11050=DIRECTION('',(0.,0.995980833287992,-0.0895666217011521));
#11051=DIRECTION('',(0.,-0.0895666217011521,-0.995980833287992));
#11052=DIRECTION('',(0.,-0.0895666217011521,-0.995980833287992));
#11053=DIRECTION('',(0.,0.995980833287992,-0.0895666217011521));
#11054=DIRECTION('',(0.960823591180895,0.276046696438587,-0.0248243432056272));
#11055=DIRECTION('',(-0.276131792385209,0.961119780898371,0.));
#11056=DIRECTION('',(0.277160651302179,-0.956961880987109,0.0860577231128416));
#11057=DIRECTION('',(0.,-0.0895666217011521,-0.995980833287992));
#11058=DIRECTION('',(1.,0.,0.));
#11059=CARTESIAN_POINT('',(0.,0.,0.));
#11060=CARTESIAN_POINT('',(0.,0.,0.));
#11061=CARTESIAN_POINT('',(0.1615,0.0695,0.));
#11062=CARTESIAN_POINT('',(0.159841687654985,0.0720000000332743,0.));
#11063=CARTESIAN_POINT('',(0.164000000000066,0.0678416876049221,0.));
#11064=CARTESIAN_POINT('',(0.164,-0.0695,0.));
#11065=CARTESIAN_POINT('',(0.164,-0.0231666666666667,0.));
#11066=CARTESIAN_POINT('',(0.164,0.0231666666666667,0.));
#11067=CARTESIAN_POINT('',(0.164,0.0695,0.));
#11068=CARTESIAN_POINT('',(0.164000000024857,-0.0678416876422945,0.));
#11069=CARTESIAN_POINT('',(0.1615,-0.0695,0.));
#11070=CARTESIAN_POINT('',(0.159841687637351,-0.0720000000215772,0.));
#11071=CARTESIAN_POINT('',(0.159841687651664,-0.072,0.));
#11072=CARTESIAN_POINT('',(0.0532805625661463,-0.072,0.));
#11073=CARTESIAN_POINT('',(-0.0532805625193713,-0.072,0.));
#11074=CARTESIAN_POINT('',(-0.159841687604889,-0.072,0.));
#11075=CARTESIAN_POINT('',(-0.159841687604869,-0.0720000000000308,0.));
#11076=CARTESIAN_POINT('',(-0.1615,-0.0695,0.));
#11077=CARTESIAN_POINT('',(-0.164000000040991,-0.0678416876666187,0.));
#11078=CARTESIAN_POINT('',(-0.164,-0.0695,0.));
#11079=CARTESIAN_POINT('',(-0.164,-0.0231666666666667,0.));
#11080=CARTESIAN_POINT('',(-0.164,0.0231666666666667,0.));
#11081=CARTESIAN_POINT('',(-0.164,0.0695,0.));
#11082=CARTESIAN_POINT('',(-0.164000000000012,0.0678416876048412,0.));
#11083=CARTESIAN_POINT('',(-0.1615,0.0695,0.));
#11084=CARTESIAN_POINT('',(-0.159841687606812,0.0720000000013202,0.));
#11085=CARTESIAN_POINT('',(-0.159841687607688,0.072,0.));
#11086=CARTESIAN_POINT('',(-0.053280562512773,0.072,0.));
#11087=CARTESIAN_POINT('',(0.053280562582142,0.072,0.));
#11088=CARTESIAN_POINT('',(0.159841687677057,0.072,0.));
#11089=CARTESIAN_POINT('',(0.03010253213731,-0.0691881808666075,0.));
#11090=CARTESIAN_POINT('',(0.0934881187956931,-0.0416102530250746,7.86046575051991E-19));
#11091=CARTESIAN_POINT('',(0.0731272223966082,-0.050468912560864,-5.42101086242752E-19));
#11092=CARTESIAN_POINT('',(0.,-0.0416102530250746,0.));
#11093=CARTESIAN_POINT('',(0.105501485150538,-0.0416102530250746,-1.62630325872826E-19));
#11094=CARTESIAN_POINT('',(0.0864139436304623,0.024826912957145,0.));
#11095=CARTESIAN_POINT('',(0.107640431705078,-0.049055190191109,0.));
#11096=CARTESIAN_POINT('',(0.108333333333333,-0.05146694240327,0.));
#11097=CARTESIAN_POINT('',(0.106039444270058,-0.0524649722456759,8.13151629364128E-19));
#11098=CARTESIAN_POINT('',(0.0360712825109272,-0.0829068600299996,0.));
#11099=CARTESIAN_POINT('',(0.0796650418741163,-0.0639400000001544,-2.92165380430532E-16));
#11100=CARTESIAN_POINT('',(0.,-0.0639400000001609,0.));
#11101=CARTESIAN_POINT('',(0.111916869765737,-0.0639400000001615,2.53161207275365E-17));
#11102=CARTESIAN_POINT('',(0.0864139436304623,0.024826912957145,0.));
#11103=CARTESIAN_POINT('',(0.109026234961589,-0.0538786946154309,0.));
#11104=CARTESIAN_POINT('',(0.108333333333333,-0.05146694240327,0.));
#11105=CARTESIAN_POINT('',(0.110627222396608,-0.050468912560864,-1.62630325872826E-19));
#11106=CARTESIAN_POINT('',(0.0360712825109272,-0.0829068600299996,0.));
#11107=CARTESIAN_POINT('',(0.130988118795693,-0.0416102530250746,4.74338450462408E-19));
#11108=CARTESIAN_POINT('',(0.,-0.0416102530250746,0.));
#11109=CARTESIAN_POINT('',(0.143001485150538,-0.0416102530250746,-9.48676900924816E-20));
#11110=CARTESIAN_POINT('',(0.121054614876742,0.0347792527495081,0.));
#11111=CARTESIAN_POINT('',(0.145140431705078,-0.049055190191109,0.));
#11112=CARTESIAN_POINT('',(0.145833333333333,-0.05146694240327,0.));
#11113=CARTESIAN_POINT('',(0.143539444270058,-0.0524649722456759,-1.62630325872826E-19));
#11114=CARTESIAN_POINT('',(0.0420400328845443,-0.0966255391933917,0.));
#11115=CARTESIAN_POINT('',(0.117165041874096,-0.063940000000163,9.53013709614758E-17));
#11116=CARTESIAN_POINT('',(0.,-0.0639400000001609,0.));
#11117=CARTESIAN_POINT('',(0.149416869765738,-0.0639400000001633,1.06116287632019E-16));
#11118=CARTESIAN_POINT('',(0.121054614876742,0.034779252749508,0.));
#11119=CARTESIAN_POINT('',(0.146526234961589,-0.053878694615431,-4.33680868994202E-19));
#11120=CARTESIAN_POINT('',(0.145833333333333,-0.05146694240327,0.));
#11121=CARTESIAN_POINT('',(0.148127222396608,-0.050468912560864,1.02999206386123E-18));
#11122=CARTESIAN_POINT('',(0.0420400328845444,-0.0966255391933917,0.));
#11123=CARTESIAN_POINT('',(0.15,-0.0496541007348265,0.));
#11124=CARTESIAN_POINT('',(0.15,0.,0.));
#11125=CARTESIAN_POINT('',(0.15,-0.0639400000001607,-9.37834879199961E-18));
#11126=CARTESIAN_POINT('',(0.,-0.0639400000001609,0.));
#11127=CARTESIAN_POINT('',(0.1545,-0.0639400000001628,8.5868812060852E-17));
#11128=CARTESIAN_POINT('',(0.158951750283533,-0.0142367712863812,0.));
#11129=CARTESIAN_POINT('',(0.1575,-0.0304453795375309,-2.73218947466347E-17));
#11130=CARTESIAN_POINT('',(0.1575,0.,0.));
#11131=CARTESIAN_POINT('',(0.1575,0.0665,2.16840434497101E-19));
#11132=CARTESIAN_POINT('',(0.112,0.112,0.));
#11133=CARTESIAN_POINT('',(0.1545,0.0695,-4.33680868994202E-19));
#11134=CARTESIAN_POINT('',(0.,0.0695,0.));
#11135=CARTESIAN_POINT('',(-0.1545,0.0695,-1.7347234759768E-18));
#11136=CARTESIAN_POINT('',(-0.112,0.112,0.));
#11137=CARTESIAN_POINT('',(-0.1575,0.0665,2.16840434497101E-19));
#11138=CARTESIAN_POINT('',(-0.1575,0.,0.));
#11139=CARTESIAN_POINT('',(-0.1575,-0.0304453795375315,4.11996825544492E-18));
#11140=CARTESIAN_POINT('',(-0.158951750283533,-0.0142367712863812,0.));
#11141=CARTESIAN_POINT('',(-0.1545,-0.0639400000001612,1.43114686768087E-17));
#11142=CARTESIAN_POINT('',(0.,-0.0639400000001609,0.));
#11143=CARTESIAN_POINT('',(-0.15,-0.0639400000001606,-1.32814766129474E-17));
#11144=CARTESIAN_POINT('',(-0.15,0.,0.));
#11145=CARTESIAN_POINT('',(-0.15,-0.0496541007348264,-1.19262238973405E-18));
#11146=CARTESIAN_POINT('',(-0.00570997010439309,0.0131238941137453,0.));
#11147=CARTESIAN_POINT('',(-0.131511881204307,-0.0416102530250746,2.71050543121376E-19));
#11148=CARTESIAN_POINT('',(0.,-0.0416102530250746,0.));
#11149=CARTESIAN_POINT('',(-0.119498514849462,-0.0416102530250746,1.89735380184964E-19));
#11150=CARTESIAN_POINT('',(-0.121430083847217,-0.0348871257970333,0.));
#11151=CARTESIAN_POINT('',(-0.117359568294922,-0.049055190191109,0.));
#11152=CARTESIAN_POINT('',(-0.116666666666667,-0.0514669424032699,0.));
#11153=CARTESIAN_POINT('',(-0.118960555729941,-0.0524649722456759,-2.16840434497101E-19));
#11154=CARTESIAN_POINT('',(0.000258780269224097,-0.000594785049646861,0.));
#11155=CARTESIAN_POINT('',(-0.145334958125884,-0.0639400000001544,-2.92951427005583E-16));
#11156=CARTESIAN_POINT('',(0.,-0.0639400000001609,0.));
#11157=CARTESIAN_POINT('',(-0.113083130234263,-0.063940000000161,3.03576608295941E-18));
#11158=CARTESIAN_POINT('',(-0.121430083847217,-0.0348871257970333,0.));
#11159=CARTESIAN_POINT('',(-0.115973765038411,-0.0538786946154309,0.));
#11160=CARTESIAN_POINT('',(-0.116666666666667,-0.0514669424032699,0.));
#11161=CARTESIAN_POINT('',(-0.114372777603392,-0.050468912560864,3.25260651745652E-19));
#11162=CARTESIAN_POINT('',(0.000258780269224096,-0.00059478504964686,0.));
#11163=CARTESIAN_POINT('',(-0.094011881204307,-0.0416102530250746,3.52365706057789E-19));
#11164=CARTESIAN_POINT('',(0.,-0.0416102530250746,0.));
#11165=CARTESIAN_POINT('',(-0.0819985148494616,-0.0416102530250746,9.48676900924816E-20));
#11166=CARTESIAN_POINT('',(-0.0867894126009372,-0.0249347860046703,0.));
#11167=CARTESIAN_POINT('',(-0.0798595682949221,-0.049055190191109,0.));
#11168=CARTESIAN_POINT('',(-0.0791666666666667,-0.0514669424032699,0.));
#11169=CARTESIAN_POINT('',(-0.0814605557299415,-0.0524649722456759,0.));
#11170=CARTESIAN_POINT('',(0.00622753064284128,-0.014313464213039,0.));
#11171=CARTESIAN_POINT('',(-0.107834958125914,-0.0639400000001673,2.86608844296543E-16));
#11172=CARTESIAN_POINT('',(0.,-0.0639400000001609,0.));
#11173=CARTESIAN_POINT('',(-0.0755831302342625,-0.0639400000001614,2.30935062739413E-17));
#11174=CARTESIAN_POINT('',(-0.0867894126009372,-0.0249347860046703,0.));
#11175=CARTESIAN_POINT('',(-0.0784737650384112,-0.0538786946154309,0.));
#11176=CARTESIAN_POINT('',(-0.0791666666666667,-0.0514669424032699,0.));
#11177=CARTESIAN_POINT('',(-0.0768727776033918,-0.050468912560864,1.0842021724855E-19));
#11178=CARTESIAN_POINT('',(0.00622753064284128,-0.014313464213039,0.));
#11179=CARTESIAN_POINT('',(-0.0565118812043069,-0.0416102530250746,-9.48676900924816E-20));
#11180=CARTESIAN_POINT('',(0.,-0.0416102530250746,0.));
#11181=CARTESIAN_POINT('',(-0.0444985148494616,-0.0416102530250746,1.89735380184964E-19));
#11182=CARTESIAN_POINT('',(-0.0521487413546573,-0.0149824462123072,0.));
#11183=CARTESIAN_POINT('',(-0.0423595682949221,-0.0490551901911089,0.));
#11184=CARTESIAN_POINT('',(-0.0416666666666667,-0.0514669424032699,0.));
#11185=CARTESIAN_POINT('',(-0.0439605557299415,-0.0524649722456759,0.));
#11186=CARTESIAN_POINT('',(0.0121962810164584,-0.0280321433764311,0.));
#11187=CARTESIAN_POINT('',(-0.0703349581258936,-0.0639400000001587,-1.01291587964458E-16));
#11188=CARTESIAN_POINT('',(0.,-0.0639400000001609,0.));
#11189=CARTESIAN_POINT('',(-0.0380831302342633,-0.0639400000001587,-9.70089893831405E-17));
#11190=CARTESIAN_POINT('',(-0.0521487413546574,-0.0149824462123072,0.));
#11191=CARTESIAN_POINT('',(-0.0409737650384113,-0.0538786946154309,0.));
#11192=CARTESIAN_POINT('',(-0.0416666666666667,-0.0514669424032699,0.));
#11193=CARTESIAN_POINT('',(-0.0393727776033919,-0.050468912560864,-1.0842021724855E-19));
#11194=CARTESIAN_POINT('',(0.0121962810164584,-0.0280321433764311,0.));
#11195=CARTESIAN_POINT('',(-0.019011881204307,-0.0416102530250746,1.21972744404619E-19));
#11196=CARTESIAN_POINT('',(0.,-0.0416102530250746,0.));
#11197=CARTESIAN_POINT('',(-0.00699851484946165,-0.0416102530250746,2.71050543121376E-19));
#11198=CARTESIAN_POINT('',(-0.0175080701083774,-0.00503010641994414,0.));
#11199=CARTESIAN_POINT('',(-0.00485956829492213,-0.049055190191109,0.));
#11200=CARTESIAN_POINT('',(-0.00416666666666668,-0.0514669424032699,0.));
#11201=CARTESIAN_POINT('',(-0.00646055572994148,-0.0524649722456759,-3.79470760369927E-19));
#11202=CARTESIAN_POINT('',(0.0181650313900757,-0.0417508225398232,0.));
#11203=CARTESIAN_POINT('',(-0.0328349581258937,-0.0639400000001587,-9.8689502750493E-17));
#11204=CARTESIAN_POINT('',(0.,-0.0639400000001609,0.));
#11205=CARTESIAN_POINT('',(-0.000583130234263284,-0.0639400000001587,-9.67921489486434E-17));
#11206=CARTESIAN_POINT('',(-0.0175080701083774,-0.00503010641994414,0.));
#11207=CARTESIAN_POINT('',(-0.00347376503841122,-0.0538786946154309,0.));
#11208=CARTESIAN_POINT('',(-0.00416666666666669,-0.05146694240327,0.));
#11209=CARTESIAN_POINT('',(-0.00187277760339186,-0.050468912560864,5.42101086242752E-20));
#11210=CARTESIAN_POINT('',(0.0181650313900757,-0.0417508225398232,0.));
#11211=CARTESIAN_POINT('',(0.0184881187956931,-0.0416102530250746,3.79470760369927E-19));
#11212=CARTESIAN_POINT('',(0.,-0.0416102530250746,0.));
#11213=CARTESIAN_POINT('',(0.0305014851505384,-0.0416102530250746,2.03287907341032E-19));
#11214=CARTESIAN_POINT('',(0.0171326011379025,0.00492223337241891,0.));
#11215=CARTESIAN_POINT('',(0.0326404317050778,-0.049055190191109,0.));
#11216=CARTESIAN_POINT('',(0.0333333333333333,-0.0514669424032699,0.));
#11217=CARTESIAN_POINT('',(0.0310394442700585,-0.0524649722456759,5.42101086242752E-19));
#11218=CARTESIAN_POINT('',(0.0241337817636928,-0.0554695017032153,0.));
#11219=CARTESIAN_POINT('',(0.00466504187410005,-0.0639400000001614,2.15485181781494E-17));
#11220=CARTESIAN_POINT('',(0.,-0.0639400000001609,0.));
#11221=CARTESIAN_POINT('',(0.0369168697657365,-0.0639400000001578,-1.35986057483994E-16));
#11222=CARTESIAN_POINT('',(0.0171326011379025,0.00492223337241891,0.));
#11223=CARTESIAN_POINT('',(0.0340262349615887,-0.0538786946154309,0.));
#11224=CARTESIAN_POINT('',(0.0333333333333333,-0.0514669424032699,0.));
#11225=CARTESIAN_POINT('',(0.0356272223966081,-0.050468912560864,2.16840434497101E-19));
#11226=CARTESIAN_POINT('',(0.0241337817636928,-0.0554695017032153,0.));
#11227=CARTESIAN_POINT('',(0.0559881187956931,-0.0416102530250746,-1.89735380184964E-19));
#11228=CARTESIAN_POINT('',(0.,-0.0416102530250746,0.));
#11229=CARTESIAN_POINT('',(0.0680014851505384,-0.0416102530250746,1.62630325872826E-19));
#11230=CARTESIAN_POINT('',(0.0517732723841824,0.0148745731647819,0.));
#11231=CARTESIAN_POINT('',(0.0701404317050779,-0.049055190191109,0.));
#11232=CARTESIAN_POINT('',(0.0708333333333333,-0.05146694240327,0.));
#11233=CARTESIAN_POINT('',(0.0685394442700585,-0.0524649722456759,-5.42101086242752E-19));
#11234=CARTESIAN_POINT('',(0.0301025321373099,-0.0691881808666075,0.));
#11235=CARTESIAN_POINT('',(0.0421650418740988,-0.063940000000162,4.68104287970617E-17));
#11236=CARTESIAN_POINT('',(0.,-0.0639400000001609,0.));
#11237=CARTESIAN_POINT('',(0.0744168697657375,-0.0639400000001615,2.55329611620336E-17));
#11238=CARTESIAN_POINT('',(0.0517732723841824,0.014874573164782,0.));
#11239=CARTESIAN_POINT('',(0.0715262349615888,-0.0538786946154309,0.));
#11240=CARTESIAN_POINT('',(0.0708333333333334,-0.05146694240327,0.));
#11241=CARTESIAN_POINT('',(-0.164,-0.0695,0.00250000000000008));
#11242=CARTESIAN_POINT('',(-0.166500000000001,0.0695,0.0025));
#11243=CARTESIAN_POINT('',(-0.166500000000001,0.0695,0.00192940066416542));
#11244=CARTESIAN_POINT('',(-0.166093447902136,0.0695,0.000790706945559139));
#11245=CARTESIAN_POINT('',(-0.165059070888151,0.0695,0.000164630124384986));
#11246=CARTESIAN_POINT('',(-0.164500000000005,0.0695,5.05102572170247E-5));
#11247=CARTESIAN_POINT('',(-0.1645,0.0695,5.05102572168226E-5));
#11248=CARTESIAN_POINT('',(-0.1665,0.0695,0.00250000000070995));
#11249=CARTESIAN_POINT('',(-0.164000000000012,0.0678416876048412,3.14639507186695E-26));
#11250=CARTESIAN_POINT('',(-0.164327344983463,0.0683351787353543,1.64231821565179E-15));
#11251=CARTESIAN_POINT('',(-0.1645,0.0689145713763052,5.05102572168519E-5));
#11252=CARTESIAN_POINT('',(-0.1645,0.0695,5.05102572168206E-5));
#11253=CARTESIAN_POINT('',(-0.1645,-0.0695,5.05102572168221E-5));
#11254=CARTESIAN_POINT('',(-0.1645,-0.068907950046725,5.05102572168532E-5));
#11255=CARTESIAN_POINT('',(-0.164323673633239,-0.0683296439928183,5.30709063973512E-12));
#11256=CARTESIAN_POINT('',(-0.164000000040991,-0.0678416876666187,3.36053507323905E-19));
#11257=CARTESIAN_POINT('',(-0.1645,-0.0695,5.05102572168226E-5));
#11258=CARTESIAN_POINT('',(-0.1645,-0.0695,5.05102572168547E-5));
#11259=CARTESIAN_POINT('',(-0.165059070888147,-0.0695,0.000164630124383894));
#11260=CARTESIAN_POINT('',(-0.166093447902134,-0.0695,0.000790706945557308));
#11261=CARTESIAN_POINT('',(-0.1665,-0.0695,0.00192940066416476));
#11262=CARTESIAN_POINT('',(-0.1665,-0.0695,0.0025));
#11263=CARTESIAN_POINT('',(-0.1665,-0.0695,0.00249999999963831));
#11264=CARTESIAN_POINT('',(-0.1665,0.0695,0.0025));
#11265=CARTESIAN_POINT('',(-0.1665,0.0231666666666667,0.0025));
#11266=CARTESIAN_POINT('',(-0.1665,-0.0231666666666667,0.0025));
#11267=CARTESIAN_POINT('',(-0.1665,-0.0695,0.0025));
#11268=CARTESIAN_POINT('',(-0.162124289360942,-0.0738467345957427,0.));
#11269=CARTESIAN_POINT('',(-0.162474800664669,-0.0733144897304952,0.));
#11270=CARTESIAN_POINT('',(-0.162825311968396,-0.0727822448652476,0.));
#11271=CARTESIAN_POINT('',(-0.163175823272122,-0.07225,0.));
#11272=CARTESIAN_POINT('',(-0.163477189079603,-0.0717923816524964,0.));
#11273=CARTESIAN_POINT('',(-0.16367612494631,-0.0713333333333334,0.));
#11274=CARTESIAN_POINT('',(-0.163938317315205,-0.0704166666666667,0.));
#11275=CARTESIAN_POINT('',(-0.163999999999981,-0.0699583333333334,0.));
#11276=CARTESIAN_POINT('',(-0.164,-0.0695,0.));
#11277=CARTESIAN_POINT('',(-0.164624289361005,-0.0738467345957928,1.07058524286362E-28));
#11278=CARTESIAN_POINT('',(-0.164974800664711,-0.0733144897305285,7.13862162198409E-29));
#11279=CARTESIAN_POINT('',(-0.165325311968417,-0.0727822448652644,3.57139081533199E-29));
#11280=CARTESIAN_POINT('',(-0.165675823272122,-0.0722500000000001,4.16000867987643E-32));
#11281=CARTESIAN_POINT('',(-0.165977189079585,-0.071792381652482,-3.06290624877488E-29));
#11282=CARTESIAN_POINT('',(-0.166176124946309,-0.0713333333333365,-2.03827585778719E-33));
#11283=CARTESIAN_POINT('',(-0.166438317315205,-0.0704166666666634,4.20976187010419E-32));
#11284=CARTESIAN_POINT('',(-0.166500000000019,-0.0699583333333357,-1.90542026602104E-14));
#11285=CARTESIAN_POINT('',(-0.1665,-0.0695000000000001,2.7755575615629E-17));
#11286=CARTESIAN_POINT('',(-0.164624289302075,-0.0738467345540191,0.0025000000000201));
#11287=CARTESIAN_POINT('',(-0.164974800625424,-0.0733144897026794,0.0025000000000134));
#11288=CARTESIAN_POINT('',(-0.165325311948774,-0.0727822448513397,0.00250000000000671));
#11289=CARTESIAN_POINT('',(-0.165675823272122,-0.07225,0.0025));
#11290=CARTESIAN_POINT('',(-0.165977189096474,-0.0717923816644542,0.00249999999999426));
#11291=CARTESIAN_POINT('',(-0.166176124949137,-0.0713333333341451,0.00250000000000011));
#11292=CARTESIAN_POINT('',(-0.166438317312378,-0.0704166666658549,0.00249999999999991));
#11293=CARTESIAN_POINT('',(-0.1665,-0.0699583333339431,0.0024999999999997));
#11294=CARTESIAN_POINT('',(-0.1665,-0.0695,0.0025));
#11295=CARTESIAN_POINT('',(-0.163451074350767,-0.0717788832523366,1.22172415410358E-23));
#11296=CARTESIAN_POINT('',(-0.164112646971367,-0.0712124753988855,3.66709928220668E-14));
#11297=CARTESIAN_POINT('',(-0.1645,-0.0703601082532217,5.05102572148836E-5));
#11298=CARTESIAN_POINT('',(-0.1645,-0.0695,5.05102572168217E-5));
#11299=CARTESIAN_POINT('',(-0.163451074350767,-0.0717788832523365,0.));
#11300=CARTESIAN_POINT('',(-0.163175823272122,-0.07225,0.));
#11301=CARTESIAN_POINT('',(-0.163477189079603,-0.0717923816524964,0.));
#11302=CARTESIAN_POINT('',(-0.16367612494631,-0.0713333333333334,0.));
#11303=CARTESIAN_POINT('',(-0.163938317315205,-0.0704166666666667,0.));
#11304=CARTESIAN_POINT('',(-0.163999999999981,-0.0699583333333334,0.));
#11305=CARTESIAN_POINT('',(-0.164,-0.0695,0.));
#11306=CARTESIAN_POINT('',(-0.163330405357782,-0.072,0.));
#11307=CARTESIAN_POINT('',(-0.163330405357769,-0.072,-2.49431849078497E-56));
#11308=CARTESIAN_POINT('',(-0.163470112063134,-0.0723330720814346,-1.48555599882769E-30));
#11309=CARTESIAN_POINT('',(-0.16368459715282,-0.0730311920697929,0.000140938884529816));
#11310=CARTESIAN_POINT('',(-0.163890132392008,-0.0736098267202155,0.000555278318669227));
#11311=CARTESIAN_POINT('',(-0.16397100990216,-0.0738466935164413,0.000814852215283842));
#11312=CARTESIAN_POINT('',(-0.163971032561868,-0.0738467012822494,0.000814886030956066));
#11313=CARTESIAN_POINT('',(-0.163971011629318,-0.0738467345821634,0.000814883745052369));
#11314=CARTESIAN_POINT('',(-0.164698988959657,-0.0734328973866443,0.00131400544279397));
#11315=CARTESIAN_POINT('',(-0.16525765499252,-0.0728849806667727,0.00191173164219643));
#11316=CARTESIAN_POINT('',(-0.165675823272057,-0.0722500000000993,0.00249999999999989));
#11317=CARTESIAN_POINT('',(-0.16567582327212,-0.0722500000000038,0.0025));
#11318=CARTESIAN_POINT('',(-0.16567582327212,-0.0722500000000041,0.0025));
#11319=CARTESIAN_POINT('',(-0.16595084313233,-0.0718323875154373,0.002424755533571));
#11320=CARTESIAN_POINT('',(-0.166169607885043,-0.0713561180383089,0.00242721927760427));
#11321=CARTESIAN_POINT('',(-0.16630722113076,-0.0708749999999909,0.00250000219643957));
#11322=CARTESIAN_POINT('',(-0.16630722113076,-0.0708749999999909,0.0025));
#11323=CARTESIAN_POINT('',(-0.1665,-0.0695,0.0025));
#11324=CARTESIAN_POINT('',(-0.1665,-0.0699643161706496,0.0025));
#11325=CARTESIAN_POINT('',(-0.166434908077688,-0.0704285858986109,0.0025));
#11326=CARTESIAN_POINT('',(-0.16630722113076,-0.0708749999999909,0.0025));
#11327=CARTESIAN_POINT('',(-0.164,0.0695,0.));
#11328=CARTESIAN_POINT('',(-0.164000000000249,0.0699166666666643,0.));
#11329=CARTESIAN_POINT('',(-0.163948812055937,0.0703333333333362,0.));
#11330=CARTESIAN_POINT('',(-0.163733646309582,0.0711666666666637,0.));
#11331=CARTESIAN_POINT('',(-0.163570689639649,0.0715833333333333,0.));
#11332=CARTESIAN_POINT('',(-0.163209845708559,0.0722083333333333,0.));
#11333=CARTESIAN_POINT('',(-0.163069923918199,0.0724166666666666,0.));
#11334=CARTESIAN_POINT('',(-0.162736323579799,0.0728333333333333,0.));
#11335=CARTESIAN_POINT('',(-0.162543416959144,0.0730416666666666,0.));
#11336=CARTESIAN_POINT('',(-0.162189075228674,0.0733541666666666,0.));
#11337=CARTESIAN_POINT('',(-0.162059987884988,0.0734583333333334,0.));
#11338=CARTESIAN_POINT('',(-0.161769624023192,0.0736666666666667,0.));
#11339=CARTESIAN_POINT('',(-0.161608884683701,0.0737708333333326,0.));
#11340=CARTESIAN_POINT('',(-0.161326479545219,0.0739270833333337,0.));
#11341=CARTESIAN_POINT('',(-0.161225364104356,0.0739791666666663,0.));
#11342=CARTESIAN_POINT('',(-0.161002057538915,0.0740833333333336,0.));
#11343=CARTESIAN_POINT('',(-0.160880243196974,0.0741354166666666,0.));
#11344=CARTESIAN_POINT('',(-0.160599609529795,0.0742395833333333,0.));
#11345=CARTESIAN_POINT('',(-0.160443615381476,0.074291666666667,0.));
#11346=CARTESIAN_POINT('',(-0.160138486199855,0.0743697916666664,0.));
#11347=CARTESIAN_POINT('',(-0.160026008992885,0.0743958333333335,0.));
#11348=CARTESIAN_POINT('',(-0.159807631558587,0.0744348958333332,0.));
#11349=CARTESIAN_POINT('',(-0.159727341973783,0.0744479166666666,0.));
#11350=CARTESIAN_POINT('',(-0.159571996166781,0.0744674479166666,0.));
#11351=CARTESIAN_POINT('',(-0.159514975119389,0.0744739583333332,0.));
#11352=CARTESIAN_POINT('',(-0.159404777355665,0.0744837239583333,0.));
#11353=CARTESIAN_POINT('',(-0.15936442299831,0.0744869791666667,0.));
#11354=CARTESIAN_POINT('',(-0.159286309563103,0.0744918619791666,0.));
#11355=CARTESIAN_POINT('',(-0.15925791518137,0.0744934895833333,0.));
#11356=CARTESIAN_POINT('',(-0.159202417781166,0.0744959309895833,0.));
#11357=CARTESIAN_POINT('',(-0.159182853820025,0.0744967447916667,0.));
#11358=CARTESIAN_POINT('',(-0.159142919478009,0.0744979654947917,0.));
#11359=CARTESIAN_POINT('',(-0.159131235762302,0.0744983723958333,0.));
#11360=CARTESIAN_POINT('',(-0.159100100155137,0.0744989827473958,0.));
#11361=CARTESIAN_POINT('',(-0.15908947973829,0.0744991861979166,0.));
#11362=CARTESIAN_POINT('',(-0.15907244405452,0.0744994913736979,0.));
#11363=CARTESIAN_POINT('',(-0.15906233269269,0.0744995930989584,0.));
#11364=CARTESIAN_POINT('',(-0.159051696465152,0.074499745686849,0.));
#11365=CARTESIAN_POINT('',(-0.159043271644595,0.0744997965494792,0.));
#11366=CARTESIAN_POINT('',(-0.159036957480657,0.0744998728434245,0.));
#11367=CARTESIAN_POINT('',(-0.159030011971209,0.0744998982747396,0.));
#11368=CARTESIAN_POINT('',(-0.159026425894313,0.0744999364217122,0.));
#11369=CARTESIAN_POINT('',(-0.159020842159278,0.0744999491373698,0.));
#11370=CARTESIAN_POINT('',(-0.159018220266209,0.0744999745686849,0.));
#11371=CARTESIAN_POINT('',(-0.159014444994686,0.0744998883106872,0.));
#11372=CARTESIAN_POINT('',(-0.159000006109918,0.0745,0.));
#11373=CARTESIAN_POINT('',(-0.1665,0.0695,6.16297582203916E-33));
#11374=CARTESIAN_POINT('',(-0.166500000000023,0.0699166666666623,1.09865820134793E-13));
#11375=CARTESIAN_POINT('',(-0.166448812055942,0.070333333333339,-2.77555756156353E-17));
#11376=CARTESIAN_POINT('',(-0.166233646309576,0.0711666666666608,-2.77555756156225E-17));
#11377=CARTESIAN_POINT('',(-0.166070689639649,0.0715833333333333,-1.96765842651362E-32));
#11378=CARTESIAN_POINT('',(-0.165709845708559,0.0722083333333334,1.04160711158843E-32));
#11379=CARTESIAN_POINT('',(-0.165569923918193,0.0724166666666666,2.89120579329179E-15));
#11380=CARTESIAN_POINT('',(-0.165236323579804,0.0728333333333333,-2.89120579329179E-15));
#11381=CARTESIAN_POINT('',(-0.165043416959148,0.0730416666666623,-2.89120579329178E-15));
#11382=CARTESIAN_POINT('',(-0.164689075228672,0.0733541666666688,1.44560289664592E-15));
#11383=CARTESIAN_POINT('',(-0.164559987884989,0.0734583333333326,1.01464409236703E-31));
#11384=CARTESIAN_POINT('',(-0.164269624023192,0.0736666666666675,-9.91532933034337E-32));
#11385=CARTESIAN_POINT('',(-0.164108884683704,0.0737708333333325,-1.44560289664586E-15));
#11386=CARTESIAN_POINT('',(-0.163826479545218,0.0739270833333336,7.2280144832293E-16));
#11387=CARTESIAN_POINT('',(-0.163725364104357,0.0739791666666669,-6.950458727073E-16));
#11388=CARTESIAN_POINT('',(-0.163502057538914,0.0740833333333329,7.50557023938559E-16));
#11389=CARTESIAN_POINT('',(-0.163380243196974,0.0741354166666658,8.74949973734261E-31));
#11390=CARTESIAN_POINT('',(-0.163099609529795,0.074239583333334,-8.1023872760285E-31));
#11391=CARTESIAN_POINT('',(-0.162943615381478,0.0742916666666684,-7.22801448322931E-16));
#11392=CARTESIAN_POINT('',(-0.162638486199854,0.0743697916666657,3.6140072416153E-16));
#11393=CARTESIAN_POINT('',(-0.162526008992885,0.0743958333333334,1.19679493538884E-31));
#11394=CARTESIAN_POINT('',(-0.162307631558587,0.0744348958333334,2.49267495454135E-34));
#11395=CARTESIAN_POINT('',(-0.162227341973783,0.0744479166666668,-6.45844557433274E-31));
#11396=CARTESIAN_POINT('',(-0.162071996166781,0.0744674479166666,3.32166742449928E-31));
#11397=CARTESIAN_POINT('',(-0.162014975119389,0.0744739583333333,9.0350181040415E-17));
#11398=CARTESIAN_POINT('',(-0.161904777355665,0.0744837239583333,-4.51750905201424E-17));
#11399=CARTESIAN_POINT('',(-0.16186442299831,0.0744869791666666,6.25946054246599E-17));
#11400=CARTESIAN_POINT('',(-0.161786309563103,0.0744918619791666,-7.29306661357724E-17));
#11401=CARTESIAN_POINT('',(-0.16175791518137,0.0744934895833332,2.77555756156308E-17));
#11402=CARTESIAN_POINT('',(-0.161702417781167,0.0744959309895834,2.7755575615629E-17));
#11403=CARTESIAN_POINT('',(-0.161682853820024,0.0744967447916667,-1.64618029855908E-17));
#11404=CARTESIAN_POINT('',(-0.161642919478009,0.0744979654947917,-3.3402461930646E-17));
#11405=CARTESIAN_POINT('',(-0.161631235762302,0.0744983723958332,-5.64688631501753E-18));
#11406=CARTESIAN_POINT('',(-0.161600100155137,0.0744989827473958,2.82344315757345E-18));
#11407=CARTESIAN_POINT('',(-0.161589479738289,0.0744991861979166,3.63619585861934E-31));
#11408=CARTESIAN_POINT('',(-0.16157244405452,0.0744994913736979,-1.81809792930967E-31));
#11409=CARTESIAN_POINT('',(-0.161562332692691,0.0744995930989583,-5.64688631514248E-18));
#11410=CARTESIAN_POINT('',(-0.161551696465152,0.074499745686849,2.82344315757812E-18));
#11411=CARTESIAN_POINT('',(-0.161543271644594,0.0744997965494792,-2.82344315756467E-18));
#11412=CARTESIAN_POINT('',(-0.161536957480656,0.0744998728434245,1.41172157853904E-18));
#11413=CARTESIAN_POINT('',(-0.161530011971209,0.0744998982747395,-2.52850628532018E-17));
#11414=CARTESIAN_POINT('',(-0.161526425894313,0.0744999364217122,-2.89908319972918E-17));
#11415=CARTESIAN_POINT('',(-0.161520842159277,0.0744999491373699,2.72261800234877E-17));
#11416=CARTESIAN_POINT('',(-0.161518220266209,0.0744999745686849,2.82849712075776E-17));
#11417=CARTESIAN_POINT('',(-0.161514444994686,0.0744998883106841,-6.54706071214415E-16));
#11418=CARTESIAN_POINT('',(-0.161500006109919,0.0744999999999963,-7.77156117237609E-16));
#11419=CARTESIAN_POINT('',(-0.1665,0.0695,0.0025));
#11420=CARTESIAN_POINT('',(-0.1665,0.0699166666671109,0.00250000000000335));
#11421=CARTESIAN_POINT('',(-0.16644881205364,0.0703333333327418,0.00249999999999901));
#11422=CARTESIAN_POINT('',(-0.166233646311879,0.0711666666672581,0.00250000000000099));
#11423=CARTESIAN_POINT('',(-0.166070689633225,0.071583333329625,0.0025));
#11424=CARTESIAN_POINT('',(-0.16570984571177,0.0722083333351874,0.0025));
#11425=CARTESIAN_POINT('',(-0.165569923912721,0.0724166666622849,0.00250000000000086));
#11426=CARTESIAN_POINT('',(-0.165236323585277,0.072833333337715,0.00249999999999914));
#11427=CARTESIAN_POINT('',(-0.165043416948349,0.0730416666544185,0.00249999999999761));
#11428=CARTESIAN_POINT('',(-0.164689075234072,0.0733541666727907,0.0025000000000012));
#11429=CARTESIAN_POINT('',(-0.164559987876445,0.0734583333214258,0.00249999999999883));
#11430=CARTESIAN_POINT('',(-0.164269624031735,0.0736666666785743,0.00250000000000117));
#11431=CARTESIAN_POINT('',(-0.164108884667638,0.0737708333042949,0.00249999999999968));
#11432=CARTESIAN_POINT('',(-0.163826479553251,0.0739270833478525,0.00250000000000015));
#11433=CARTESIAN_POINT('',(-0.163725364091862,0.0739791666398792,0.00249999999999936));
#11434=CARTESIAN_POINT('',(-0.16350205755141,0.0740833333601207,0.00250000000000064));
#11435=CARTESIAN_POINT('',(-0.163380243173799,0.0741354166042312,0.00249999999999983));
#11436=CARTESIAN_POINT('',(-0.16309960955297,0.0742395833957687,0.00250000000000014));
#11437=CARTESIAN_POINT('',(-0.162943615315349,0.0742916664083944,0.0025));
#11438=CARTESIAN_POINT('',(-0.162638486232918,0.0743697917958027,0.0025));
#11439=CARTESIAN_POINT('',(-0.162526008898973,0.0743958328083283,0.0025));
#11440=CARTESIAN_POINT('',(-0.162307631605543,0.0744348960958359,0.0025));
#11441=CARTESIAN_POINT('',(-0.162227341840674,0.0744479156080465,0.00250000000000027));
#11442=CARTESIAN_POINT('',(-0.162071996233336,0.0744674484459767,0.00249999999999987));
#11443=CARTESIAN_POINT('',(-0.162014974930796,0.0744739562059019,0.00249999999999982));
#11444=CARTESIAN_POINT('',(-0.161904777449962,0.074483725022049,0.00249999999999997));
#11445=CARTESIAN_POINT('',(-0.161864422730544,0.0744869748886861,0.0025));
#11446=CARTESIAN_POINT('',(-0.161786309696986,0.0744918641181569,0.00250000000000004));
#11447=CARTESIAN_POINT('',(-0.161757914797245,0.0744934808979437,0.00249999999999988));
#11448=CARTESIAN_POINT('',(-0.161702417973229,0.0744959353322782,0.00249999999999997));
#11449=CARTESIAN_POINT('',(-0.161682853243245,0.0744967263415049,0.00250000000000022));
#11450=CARTESIAN_POINT('',(-0.161642919766398,0.0744979747198726,0.0025));
#11451=CARTESIAN_POINT('',(-0.161631234616835,0.0744983205673746,0.00249999999999984));
#11452=CARTESIAN_POINT('',(-0.161600100727871,0.0744990086616252,0.0025));
#11453=CARTESIAN_POINT('',(-0.161589480144153,0.0744992121708077,0.00250000000000004));
#11454=CARTESIAN_POINT('',(-0.161572443851588,0.0744994783872525,0.0025));
#11455=CARTESIAN_POINT('',(-0.161562332950969,0.0744996164745638,0.00250000000000019));
#11456=CARTESIAN_POINT('',(-0.161551696336013,0.0744997339990463,0.00250000000000023));
#11457=CARTESIAN_POINT('',(-0.161543271785023,0.074499814523989,0.0025));
#11458=CARTESIAN_POINT('',(-0.161536957410442,0.0744998638561696,0.0025));
#11459=CARTESIAN_POINT('',(-0.161530012038738,0.074499910498555,0.00250000000000041));
#11460=CARTESIAN_POINT('',(-0.161526425860549,0.0744999303098045,0.00250000000000042));
#11461=CARTESIAN_POINT('',(-0.161520842188944,0.0744999567319973,0.0025));
#11462=CARTESIAN_POINT('',(-0.161518220236542,0.0744999669740574,0.0025));
#11463=CARTESIAN_POINT('',(-0.161514445782567,0.0744999999823512,0.0025));
#11464=CARTESIAN_POINT('',(-0.161500006109919,0.0744999999999963,0.0025));
#11465=CARTESIAN_POINT('',(-0.1645,0.0695,5.0510257216823E-5));
#11466=CARTESIAN_POINT('',(-0.1645,0.0703716909987669,5.05102571716377E-5));
#11467=CARTESIAN_POINT('',(-0.16410328617326,0.0712208856577261,-3.34735840180834E-19));
#11468=CARTESIAN_POINT('',(-0.163450276109,0.0717795664277806,0.));
#11469=CARTESIAN_POINT('',(-0.163450276109,0.0717795664277806,0.));
#11470=CARTESIAN_POINT('',(-0.1615,0.0745,0.0025));
#11471=CARTESIAN_POINT('',(-0.162808996938996,0.0745,0.0025));
#11472=CARTESIAN_POINT('',(-0.165416569342368,0.0734165693423676,0.0025));
#11473=CARTESIAN_POINT('',(-0.1665,0.0708089969389957,0.0025));
#11474=CARTESIAN_POINT('',(-0.1665,0.0695,0.0025));
#11475=CARTESIAN_POINT('',(-0.1615,0.0745,0.0025));
#11476=CARTESIAN_POINT('',(-0.163330131684731,0.0719999919185662,2.11254624904456E-14));
#11477=CARTESIAN_POINT('',(-0.163417962922595,0.0722089489758928,-6.75447251606519E-10));
#11478=CARTESIAN_POINT('',(-0.163544949369525,0.0726146116169469,5.48764435013594E-5));
#11479=CARTESIAN_POINT('',(-0.163595454432989,0.0731242563758805,0.000243580834590485));
#11480=CARTESIAN_POINT('',(-0.163505762781446,0.0735319076281098,0.000509631101076448));
#11481=CARTESIAN_POINT('',(-0.163362387790198,0.0737995660153601,0.000756067546813697));
#11482=CARTESIAN_POINT('',(-0.163193374123248,0.0739950951528348,0.000986772970310646));
#11483=CARTESIAN_POINT('',(-0.163069157681215,0.0740968946243491,0.00113492800439758));
#11484=CARTESIAN_POINT('',(-0.162852101507533,0.0742418135269996,0.00137711550106524));
#11485=CARTESIAN_POINT('',(-0.162408568453814,0.0744303169051008,0.00181375636925395));
#11486=CARTESIAN_POINT('',(-0.161896990631314,0.0744999999999911,0.00222613233201507));
#11487=CARTESIAN_POINT('',(-0.161500006109919,0.074499999999992,0.0025));
#11488=CARTESIAN_POINT('',(-0.163330131684731,0.072,0.));
#11489=CARTESIAN_POINT('',(-0.163450276109,0.0717795664277806,0.));
#11490=CARTESIAN_POINT('',(-0.163410226412308,0.0718530442851871,0.));
#11491=CARTESIAN_POINT('',(-0.163370176715615,0.0719265221425935,0.));
#11492=CARTESIAN_POINT('',(-0.163330127018922,0.072,0.));
#11493=CARTESIAN_POINT('',(0.164,-0.0695,0.00250000000000008));
#11494=CARTESIAN_POINT('',(0.1665,-0.0695,0.0025));
#11495=CARTESIAN_POINT('',(0.1665,-0.0695,0.00192940066416567));
#11496=CARTESIAN_POINT('',(0.166093447902135,-0.0695,0.000790706945560023));
#11497=CARTESIAN_POINT('',(0.165059070888151,-0.0695,0.000164630124386028));
#11498=CARTESIAN_POINT('',(0.164500000000005,-0.0695,5.05102572179485E-5));
#11499=CARTESIAN_POINT('',(0.1645,-0.0695,5.05102572168313E-5));
#11500=CARTESIAN_POINT('',(0.1665,-0.0695,0.00250000000000027));
#11501=CARTESIAN_POINT('',(0.164000000024857,-0.0678416876422945,1.23566663551271E-19));
#11502=CARTESIAN_POINT('',(0.164327344992518,-0.0683351787650548,3.25462786936256E-12));
#11503=CARTESIAN_POINT('',(0.1645,-0.0689145713920989,5.05102572168573E-5));
#11504=CARTESIAN_POINT('',(0.1645,-0.0695,5.05102572168266E-5));
#11505=CARTESIAN_POINT('',(0.1645,0.0695,5.05102572168171E-5));
#11506=CARTESIAN_POINT('',(0.1645,0.0689079500217723,5.05102572168482E-5));
#11507=CARTESIAN_POINT('',(0.164323673618721,0.0683296439447894,8.56739686516854E-15));
#11508=CARTESIAN_POINT('',(0.164000000000066,0.0678416876049221,8.7577627645519E-25));
#11509=CARTESIAN_POINT('',(0.1645,0.0695,5.05102572168174E-5));
#11510=CARTESIAN_POINT('',(0.1645,0.0695,5.051025721596E-5));
#11511=CARTESIAN_POINT('',(0.165059070888147,0.0695,0.000164630124382908));
#11512=CARTESIAN_POINT('',(0.166093447902135,0.0695,0.000790706945556496));
#11513=CARTESIAN_POINT('',(0.166500000000001,0.0695,0.00192940066416453));
#11514=CARTESIAN_POINT('',(0.166500000000001,0.0695,0.0025));
#11515=CARTESIAN_POINT('',(0.1665,0.0695,0.00250000000036169));
#11516=CARTESIAN_POINT('',(0.1665,-0.0695,0.0025));
#11517=CARTESIAN_POINT('',(0.1665,-0.0231666666666667,0.0025));
#11518=CARTESIAN_POINT('',(0.1665,0.0231666666666667,0.0025));
#11519=CARTESIAN_POINT('',(0.1665,0.0695,0.0025));
#11520=CARTESIAN_POINT('',(0.1665,0.0695,0.0025));
#11521=CARTESIAN_POINT('',(0.1665,0.069916666667114,0.00249999999999458));
#11522=CARTESIAN_POINT('',(0.166448812053641,0.0703333333327377,0.00250000000000216));
#11523=CARTESIAN_POINT('',(0.166233646311878,0.0711666666672623,0.00249999999999783));
#11524=CARTESIAN_POINT('',(0.166070689633225,0.0715833333296254,0.00249999999999764));
#11525=CARTESIAN_POINT('',(0.16570984571177,0.0722083333351872,0.00250000000000116));
#11526=CARTESIAN_POINT('',(0.165569923912724,0.0724166666622808,0.00249999999999907));
#11527=CARTESIAN_POINT('',(0.165236323585274,0.0728333333377193,0.00250000000000096));
#11528=CARTESIAN_POINT('',(0.165043416948347,0.0730416666544209,0.00249999999999877));
#11529=CARTESIAN_POINT('',(0.164689075234073,0.0733541666727896,0.0025000000000006));
#11530=CARTESIAN_POINT('',(0.164559987876447,0.0734583333214247,0.00249999999999986));
#11531=CARTESIAN_POINT('',(0.164269624031733,0.0736666666785755,0.00250000000000013));
#11532=CARTESIAN_POINT('',(0.164108884667631,0.0737708333042988,0.0025));
#11533=CARTESIAN_POINT('',(0.163826479553255,0.0739270833478506,0.0025));
#11534=CARTESIAN_POINT('',(0.163725364091863,0.0739791666398786,0.00249999999999992));
#11535=CARTESIAN_POINT('',(0.163502057551408,0.0740833333601214,0.00250000000000008));
#11536=CARTESIAN_POINT('',(0.163380243173801,0.0741354166042305,0.0025));
#11537=CARTESIAN_POINT('',(0.163099609552968,0.0742395833957694,0.0025));
#11538=CARTESIAN_POINT('',(0.162943615315352,0.0742916664083936,0.00249999999999955));
#11539=CARTESIAN_POINT('',(0.162638486232916,0.0743697917958031,0.00250000000000021));
#11540=CARTESIAN_POINT('',(0.162526008898975,0.0743958328083279,0.00250000000000004));
#11541=CARTESIAN_POINT('',(0.162307631605542,0.0744348960958361,0.0025));
#11542=CARTESIAN_POINT('',(0.162227341840675,0.0744479156080463,0.00249999999999981));
#11543=CARTESIAN_POINT('',(0.162071996233335,0.0744674484459768,0.00250000000000005));
#11544=CARTESIAN_POINT('',(0.162014974930797,0.0744739562059019,0.00249999999999978));
#11545=CARTESIAN_POINT('',(0.161904777449961,0.074483725022049,0.00250000000000008));
#11546=CARTESIAN_POINT('',(0.161864422730544,0.0744869748886862,0.00250000000000005));
#11547=CARTESIAN_POINT('',(0.161786309696986,0.074491864118157,0.00249999999999997));
#11548=CARTESIAN_POINT('',(0.161757914797244,0.0744934808979437,0.0025));
#11549=CARTESIAN_POINT('',(0.16170241797323,0.0744959353322782,0.00250000000000009));
#11550=CARTESIAN_POINT('',(0.161682853243252,0.0744967263415047,0.0025));
#11551=CARTESIAN_POINT('',(0.161642919766396,0.0744979747198728,0.0025));
#11552=CARTESIAN_POINT('',(0.161631234616835,0.0744983205673746,0.00249999999999997));
#11553=CARTESIAN_POINT('',(0.16160010072787,0.0744990086616252,0.0025));
#11554=CARTESIAN_POINT('',(0.161589480144158,0.0744992121708076,0.0025));
#11555=CARTESIAN_POINT('',(0.161572443851597,0.0744994783872523,0.0025));
#11556=CARTESIAN_POINT('',(0.16156233295097,0.0744996164745638,0.0025));
#11557=CARTESIAN_POINT('',(0.161551696336014,0.0744997339990463,0.0025));
#11558=CARTESIAN_POINT('',(0.161543271785026,0.074499814523989,0.0025));
#11559=CARTESIAN_POINT('',(0.161536957410447,0.0744998638561696,0.0025));
#11560=CARTESIAN_POINT('',(0.161530012038741,0.074499910498555,0.00249999999999932));
#11561=CARTESIAN_POINT('',(0.161526425860552,0.0744999303098045,0.00249999999999929));
#11562=CARTESIAN_POINT('',(0.161520842188939,0.0744999567319973,0.00250000000000098));
#11563=CARTESIAN_POINT('',(0.161518220236536,0.0744999669740575,0.00250000000000101));
#11564=CARTESIAN_POINT('',(0.161514419925416,0.0744999998880323,0.00249999999974564));
#11565=CARTESIAN_POINT('',(0.161500038876339,0.0744999999998489,0.00249999999969468));
#11566=CARTESIAN_POINT('',(0.1665,0.0695,0.));
#11567=CARTESIAN_POINT('',(0.166499999999988,0.0699166666666667,0.));
#11568=CARTESIAN_POINT('',(0.166448812055948,0.0703333333333333,-5.75465601096795E-15));
#11569=CARTESIAN_POINT('',(0.166233646309571,0.0711666666666666,5.81016716219921E-15));
#11570=CARTESIAN_POINT('',(0.166070689639643,0.0715833333333275,0.));
#11571=CARTESIAN_POINT('',(0.165709845708562,0.0722083333333361,0.));
#11572=CARTESIAN_POINT('',(0.165569923918202,0.0724166666666667,-5.78241158658357E-15));
#11573=CARTESIAN_POINT('',(0.165236323579796,0.0728333333333334,5.78241158658357E-15));
#11574=CARTESIAN_POINT('',(0.16504341695915,0.073041666666671,0.));
#11575=CARTESIAN_POINT('',(0.164689075228671,0.0733541666666645,0.));
#11576=CARTESIAN_POINT('',(0.16455998788499,0.0734583333333312,0.));
#11577=CARTESIAN_POINT('',(0.16426962402319,0.0736666666666689,0.));
#11578=CARTESIAN_POINT('',(0.164108884683695,0.073770833333334,1.47335847226149E-15));
#11579=CARTESIAN_POINT('',(0.163826479545222,0.073927083333333,-6.95045872707303E-16));
#11580=CARTESIAN_POINT('',(0.163725364104359,0.0739791666666666,-7.5055702393856E-16));
#11581=CARTESIAN_POINT('',(0.163502057538913,0.0740833333333333,6.95045872707302E-16));
#11582=CARTESIAN_POINT('',(0.163380243196976,0.0741354166666648,-2.77555756156289E-17));
#11583=CARTESIAN_POINT('',(0.163099609529793,0.074239583333335,-2.77555756156289E-17));
#11584=CARTESIAN_POINT('',(0.162943615381481,0.0742916666666666,-2.77555756156289E-17));
#11585=CARTESIAN_POINT('',(0.162638486199852,0.0743697916666666,-2.77555756156289E-17));
#11586=CARTESIAN_POINT('',(0.162526008992887,0.0743958333333331,0.));
#11587=CARTESIAN_POINT('',(0.162307631558586,0.0744348958333334,0.));
#11588=CARTESIAN_POINT('',(0.162227341973784,0.0744479166666666,-1.80700362080701E-16));
#11589=CARTESIAN_POINT('',(0.16207199616678,0.0744674479166666,9.03501810404145E-17));
#11590=CARTESIAN_POINT('',(0.162014975119389,0.0744739583333332,1.18105756656043E-16));
#11591=CARTESIAN_POINT('',(0.161904777355664,0.0744837239583333,-1.74195149045141E-17));
#11592=CARTESIAN_POINT('',(0.16186442299831,0.0744869791666666,0.));
#11593=CARTESIAN_POINT('',(0.161786309563102,0.0744918619791666,0.));
#11594=CARTESIAN_POINT('',(0.16175791518137,0.0744934895833333,5.03431208757005E-17));
#11595=CARTESIAN_POINT('',(0.161702417781167,0.0744959309895833,1.64618029855931E-17));
#11596=CARTESIAN_POINT('',(0.16168285382003,0.0744967447916665,-5.64688631501789E-17));
#11597=CARTESIAN_POINT('',(0.161642919478007,0.0744979654947919,2.82344315750894E-17));
#11598=CARTESIAN_POINT('',(0.161631235762302,0.0744983723958332,1.08149166705752E-17));
#11599=CARTESIAN_POINT('',(0.161600100155135,0.0744989827473958,3.62259050883483E-17));
#11600=CARTESIAN_POINT('',(0.161589479738294,0.0744991861979165,-1.92852461429095E-17));
#11601=CARTESIAN_POINT('',(0.161572444054529,0.0744994913736978,-3.19907403519886E-17));
#11602=CARTESIAN_POINT('',(0.161562332692692,0.0744995930989583,2.35204108792692E-17));
#11603=CARTESIAN_POINT('',(0.161551696465154,0.074499745686849,2.98731579838087E-17));
#11604=CARTESIAN_POINT('',(0.161543271644597,0.0744997965494792,-2.06969677216961E-17));
#11605=CARTESIAN_POINT('',(0.161536957480661,0.0744998728434244,-3.12848795619534E-17));
#11606=CARTESIAN_POINT('',(0.161530011971212,0.0744998982747396,-1.41172157852978E-18));
#11607=CARTESIAN_POINT('',(0.161526425894316,0.0744999364217122,7.05860789521681E-19));
#11608=CARTESIAN_POINT('',(0.161520842159272,0.0744999491373699,-8.823259869021E-19));
#11609=CARTESIAN_POINT('',(0.161518220266203,0.074499974568685,8.82325986581112E-19));
#11610=CARTESIAN_POINT('',(0.161514419140615,0.0744998887216178,-3.14314167886198E-15));
#11611=CARTESIAN_POINT('',(0.161500038876039,0.0744999999997493,-3.77475828372553E-15));
#11612=CARTESIAN_POINT('',(0.164,0.0695,0.));
#11613=CARTESIAN_POINT('',(0.163999999999971,0.0699166666666667,0.));
#11614=CARTESIAN_POINT('',(0.163948812055937,0.0703333333333333,0.));
#11615=CARTESIAN_POINT('',(0.163733646309582,0.0711666666666666,0.));
#11616=CARTESIAN_POINT('',(0.163570689639637,0.0715833333333304,0.));
#11617=CARTESIAN_POINT('',(0.163209845708565,0.0722083333333348,0.));
#11618=CARTESIAN_POINT('',(0.163069923918196,0.0724166666666667,0.));
#11619=CARTESIAN_POINT('',(0.162736323579802,0.0728333333333333,0.));
#11620=CARTESIAN_POINT('',(0.162543416959145,0.0730416666666666,0.));
#11621=CARTESIAN_POINT('',(0.162189075228674,0.0733541666666667,0.));
#11622=CARTESIAN_POINT('',(0.162059987884992,0.0734583333333334,0.));
#11623=CARTESIAN_POINT('',(0.161769624023189,0.0736666666666667,0.));
#11624=CARTESIAN_POINT('',(0.161608884683696,0.0737708333333333,0.));
#11625=CARTESIAN_POINT('',(0.161326479545221,0.0739270833333333,0.));
#11626=CARTESIAN_POINT('',(0.161225364104359,0.0739791666666663,0.));
#11627=CARTESIAN_POINT('',(0.161002057538914,0.0740833333333337,0.));
#11628=CARTESIAN_POINT('',(0.160880243196975,0.0741354166666659,0.));
#11629=CARTESIAN_POINT('',(0.160599609529793,0.074239583333334,0.));
#11630=CARTESIAN_POINT('',(0.16044361538148,0.0742916666666666,0.));
#11631=CARTESIAN_POINT('',(0.160138486199852,0.0743697916666666,0.));
#11632=CARTESIAN_POINT('',(0.160026008992887,0.0743958333333336,0.));
#11633=CARTESIAN_POINT('',(0.159807631558585,0.0744348958333333,0.));
#11634=CARTESIAN_POINT('',(0.159727341973785,0.0744479166666666,0.));
#11635=CARTESIAN_POINT('',(0.15957199616678,0.0744674479166667,0.));
#11636=CARTESIAN_POINT('',(0.15951497511939,0.0744739583333333,0.));
#11637=CARTESIAN_POINT('',(0.159404777355664,0.0744837239583333,0.));
#11638=CARTESIAN_POINT('',(0.159364422998309,0.0744869791666667,0.));
#11639=CARTESIAN_POINT('',(0.159286309563102,0.0744918619791667,0.));
#11640=CARTESIAN_POINT('',(0.15925791518137,0.0744934895833333,0.));
#11641=CARTESIAN_POINT('',(0.159202417781167,0.0744959309895833,0.));
#11642=CARTESIAN_POINT('',(0.159182853820031,0.0744967447916667,0.));
#11643=CARTESIAN_POINT('',(0.159142919478006,0.0744979654947917,0.));
#11644=CARTESIAN_POINT('',(0.159131235762303,0.0744983723958334,0.));
#11645=CARTESIAN_POINT('',(0.159100100155136,0.0744989827473959,0.));
#11646=CARTESIAN_POINT('',(0.159089479738295,0.0744991861979167,0.));
#11647=CARTESIAN_POINT('',(0.159072444054529,0.074499491373698,0.));
#11648=CARTESIAN_POINT('',(0.159062332692692,0.0744995930989584,0.));
#11649=CARTESIAN_POINT('',(0.159051696465154,0.074499745686849,0.));
#11650=CARTESIAN_POINT('',(0.159043271644597,0.0744997965494792,0.));
#11651=CARTESIAN_POINT('',(0.159036957480662,0.0744998728434245,0.));
#11652=CARTESIAN_POINT('',(0.159030011971212,0.0744998982747396,0.));
#11653=CARTESIAN_POINT('',(0.159026425894317,0.0744999364217122,0.));
#11654=CARTESIAN_POINT('',(0.159020842159272,0.0744999491373698,0.));
#11655=CARTESIAN_POINT('',(0.159018220266203,0.0744999745686849,0.));
#11656=CARTESIAN_POINT('',(0.159014419140384,0.0744998887217473,0.));
#11657=CARTESIAN_POINT('',(0.159000038876331,0.0744999999999004,0.));
#11658=CARTESIAN_POINT('',(0.163450276108992,0.0717795664277877,0.));
#11659=CARTESIAN_POINT('',(0.164112648325849,0.071212875896619,6.6363960894256E-17));
#11660=CARTESIAN_POINT('',(0.1645,0.0703594479995982,5.05102572272465E-5));
#11661=CARTESIAN_POINT('',(0.1645,0.0695,5.05102572168236E-5));
#11662=CARTESIAN_POINT('',(0.163450276108992,0.0717795664277877,0.));
#11663=CARTESIAN_POINT('',(0.164,0.0695,0.));
#11664=CARTESIAN_POINT('',(0.163999999999971,0.0699166666666667,0.));
#11665=CARTESIAN_POINT('',(0.163948812055937,0.0703333333333333,0.));
#11666=CARTESIAN_POINT('',(0.163733646309582,0.0711666666666666,0.));
#11667=CARTESIAN_POINT('',(0.163570689639637,0.0715833333333304,0.));
#11668=CARTESIAN_POINT('',(0.163209845708565,0.0722083333333348,0.));
#11669=CARTESIAN_POINT('',(0.163069923918196,0.0724166666666667,0.));
#11670=CARTESIAN_POINT('',(0.162736323579802,0.0728333333333333,0.));
#11671=CARTESIAN_POINT('',(0.162543416959145,0.0730416666666666,0.));
#11672=CARTESIAN_POINT('',(0.162189075228674,0.0733541666666667,0.));
#11673=CARTESIAN_POINT('',(0.162059987884992,0.0734583333333334,0.));
#11674=CARTESIAN_POINT('',(0.161769624023189,0.0736666666666667,0.));
#11675=CARTESIAN_POINT('',(0.161608884683696,0.0737708333333333,0.));
#11676=CARTESIAN_POINT('',(0.161326479545221,0.0739270833333333,0.));
#11677=CARTESIAN_POINT('',(0.161225364104359,0.0739791666666663,0.));
#11678=CARTESIAN_POINT('',(0.161002057538914,0.0740833333333337,0.));
#11679=CARTESIAN_POINT('',(0.160880243196975,0.0741354166666659,0.));
#11680=CARTESIAN_POINT('',(0.160599609529793,0.074239583333334,0.));
#11681=CARTESIAN_POINT('',(0.16044361538148,0.0742916666666666,0.));
#11682=CARTESIAN_POINT('',(0.160138486199852,0.0743697916666666,0.));
#11683=CARTESIAN_POINT('',(0.160026008992887,0.0743958333333336,0.));
#11684=CARTESIAN_POINT('',(0.159807631558585,0.0744348958333333,0.));
#11685=CARTESIAN_POINT('',(0.159727341973785,0.0744479166666666,0.));
#11686=CARTESIAN_POINT('',(0.15957199616678,0.0744674479166667,0.));
#11687=CARTESIAN_POINT('',(0.15951497511939,0.0744739583333333,0.));
#11688=CARTESIAN_POINT('',(0.159404777355664,0.0744837239583333,0.));
#11689=CARTESIAN_POINT('',(0.159364422998309,0.0744869791666667,0.));
#11690=CARTESIAN_POINT('',(0.159286309563102,0.0744918619791667,0.));
#11691=CARTESIAN_POINT('',(0.15925791518137,0.0744934895833333,0.));
#11692=CARTESIAN_POINT('',(0.159202417781167,0.0744959309895833,0.));
#11693=CARTESIAN_POINT('',(0.159182853820031,0.0744967447916667,0.));
#11694=CARTESIAN_POINT('',(0.159142919478006,0.0744979654947917,0.));
#11695=CARTESIAN_POINT('',(0.159131235762303,0.0744983723958334,0.));
#11696=CARTESIAN_POINT('',(0.159100100155136,0.0744989827473959,0.));
#11697=CARTESIAN_POINT('',(0.159089479738295,0.0744991861979167,0.));
#11698=CARTESIAN_POINT('',(0.159072444054529,0.074499491373698,0.));
#11699=CARTESIAN_POINT('',(0.159062332692692,0.0744995930989584,0.));
#11700=CARTESIAN_POINT('',(0.159051696465154,0.074499745686849,0.));
#11701=CARTESIAN_POINT('',(0.159043271644597,0.0744997965494792,0.));
#11702=CARTESIAN_POINT('',(0.159036957480662,0.0744998728434245,0.));
#11703=CARTESIAN_POINT('',(0.159030011971212,0.0744998982747396,0.));
#11704=CARTESIAN_POINT('',(0.159026425894317,0.0744999364217122,0.));
#11705=CARTESIAN_POINT('',(0.159020842159272,0.0744999491373698,0.));
#11706=CARTESIAN_POINT('',(0.159018220266203,0.0744999745686849,0.));
#11707=CARTESIAN_POINT('',(0.159014419140384,0.0744998887217473,0.));
#11708=CARTESIAN_POINT('',(0.159000038876331,0.0744999999999004,0.));
#11709=CARTESIAN_POINT('',(0.163330131684696,0.072,0.));
#11710=CARTESIAN_POINT('',(0.161499999999983,0.0744999999999992,0.00249999999969454));
#11711=CARTESIAN_POINT('',(0.161896911798213,0.0744999999999656,0.00222618688074814));
#11712=CARTESIAN_POINT('',(0.162408432545153,0.0744303471460533,0.00181385345176474));
#11713=CARTESIAN_POINT('',(0.162852006469947,0.074241842964704,0.00137717476266882));
#11714=CARTESIAN_POINT('',(0.163069097908997,0.0740969244314965,0.00113496942897582));
#11715=CARTESIAN_POINT('',(0.163193398433751,0.0739950684967552,0.000986740908177046));
#11716=CARTESIAN_POINT('',(0.163362342405231,0.0737996506135459,0.000756164457423842));
#11717=CARTESIAN_POINT('',(0.16350571213445,0.0735320480799863,0.000509730018649794));
#11718=CARTESIAN_POINT('',(0.163595458398962,0.0731241797709807,0.000243538931192487));
#11719=CARTESIAN_POINT('',(0.163544994740134,0.0726147408504445,5.49203243329593E-5));
#11720=CARTESIAN_POINT('',(0.16341798463549,0.0722090006295959,-6.75616987649009E-10));
#11721=CARTESIAN_POINT('',(0.163330131684696,0.0719999919186272,1.38721499565175E-14));
#11722=CARTESIAN_POINT('',(0.1615,0.0745,0.00249999999999997));
#11723=CARTESIAN_POINT('',(0.1665,0.0695,0.0025));
#11724=CARTESIAN_POINT('',(0.1665,0.0708089969389958,0.00249999999994909));
#11725=CARTESIAN_POINT('',(0.165416569342368,0.0734165693423676,0.00249999999984727));
#11726=CARTESIAN_POINT('',(0.162808996938996,0.0745,0.00249999999974545));
#11727=CARTESIAN_POINT('',(0.1615,0.0745,0.00249999999969454));
#11728=CARTESIAN_POINT('',(0.164624316751809,-0.0738466928721137,0.0025000000000045));
#11729=CARTESIAN_POINT('',(0.164974818925247,-0.0733144619147425,0.002500000000003));
#11730=CARTESIAN_POINT('',(0.165325321098685,-0.0727822309573712,0.0025000000000015));
#11731=CARTESIAN_POINT('',(0.165675823272122,-0.07225,0.0025));
#11732=CARTESIAN_POINT('',(0.165977189096473,-0.0717923816644552,0.00249999999999871));
#11733=CARTESIAN_POINT('',(0.166176124949137,-0.0713333333341434,0.00249999999999802));
#11734=CARTESIAN_POINT('',(0.166438317312378,-0.0704166666658565,0.00250000000000199));
#11735=CARTESIAN_POINT('',(0.1665,-0.0699583333339417,0.0025000000000002));
#11736=CARTESIAN_POINT('',(0.1665,-0.0695,0.0025));
#11737=CARTESIAN_POINT('',(0.164624316810623,-0.073846692913804,-6.65034519320457E-14));
#11738=CARTESIAN_POINT('',(0.164974818964456,-0.073314461942536,-4.43448864799024E-14));
#11739=CARTESIAN_POINT('',(0.165325321118289,-0.072782230971268,-2.2186321027759E-14));
#11740=CARTESIAN_POINT('',(0.165675823272122,-0.07225,-2.77555756156289E-17));
#11741=CARTESIAN_POINT('',(0.165977189079618,-0.0717923816525065,1.9024435394926E-14));
#11742=CARTESIAN_POINT('',(0.166176124946316,-0.0713333333333365,-6.36065274524194E-15));
#11743=CARTESIAN_POINT('',(0.166438317315199,-0.0704166666666634,6.36065274524194E-15));
#11744=CARTESIAN_POINT('',(0.166500000000006,-0.0699583333333357,-1.90542026608711E-14));
#11745=CARTESIAN_POINT('',(0.1665,-0.0695000000000001,2.77555756156289E-17));
#11746=CARTESIAN_POINT('',(0.162124316810564,-0.0738466929137684,0.));
#11747=CARTESIAN_POINT('',(0.162474818964417,-0.0733144619425123,0.));
#11748=CARTESIAN_POINT('',(0.16282532111827,-0.0727822309712561,0.));
#11749=CARTESIAN_POINT('',(0.163175823272122,-0.07225,0.));
#11750=CARTESIAN_POINT('',(0.163477189079634,-0.0717923816525168,0.));
#11751=CARTESIAN_POINT('',(0.16367612494631,-0.0713333333333333,0.));
#11752=CARTESIAN_POINT('',(0.163938317315206,-0.0704166666666666,0.));
#11753=CARTESIAN_POINT('',(0.163999999999974,-0.0699583333333334,0.));
#11754=CARTESIAN_POINT('',(0.164,-0.0695,0.));
#11755=CARTESIAN_POINT('',(0.1645,-0.0695,5.05102572168305E-5));
#11756=CARTESIAN_POINT('',(0.1645,-0.0703709110858171,5.05102572177915E-5));
#11757=CARTESIAN_POINT('',(0.164104188447445,-0.071219717016877,2.95737062324965E-11));
#11758=CARTESIAN_POINT('',(0.163451074710452,-0.0717788829443907,8.15298424572793E-18));
#11759=CARTESIAN_POINT('',(0.163451074710452,-0.0717788829443907,0.));
#11760=CARTESIAN_POINT('',(0.166307221130758,-0.0708749999999976,0.0025));
#11761=CARTESIAN_POINT('',(0.166434908077687,-0.0704285858986155,0.0025));
#11762=CARTESIAN_POINT('',(0.1665,-0.0699643161706519,0.0025));
#11763=CARTESIAN_POINT('',(0.1665,-0.0695,0.0025));
#11764=CARTESIAN_POINT('',(0.166307221130758,-0.0708749999999977,0.0025));
#11765=CARTESIAN_POINT('',(0.16567582327212,-0.0722500000000028,0.00249999999999993));
#11766=CARTESIAN_POINT('',(0.165950843279479,-0.0718323872919932,0.00242475548766222));
#11767=CARTESIAN_POINT('',(0.166169609306343,-0.0713561130692123,0.00242718921530606));
#11768=CARTESIAN_POINT('',(0.166307221130758,-0.0708749999999977,0.00250000953889789));
#11769=CARTESIAN_POINT('',(0.16567582327212,-0.0722500000000028,0.00249999999999993));
#11770=CARTESIAN_POINT('',(0.163971011449058,-0.0738467346846367,0.000814883621549754));
#11771=CARTESIAN_POINT('',(0.16469898886847,-0.0734328974784274,0.00131400534211038));
#11772=CARTESIAN_POINT('',(0.165257654957972,-0.0728849807192209,0.00191173159427937));
#11773=CARTESIAN_POINT('',(0.165675823272097,-0.0722500000000385,0.0025));
#11774=CARTESIAN_POINT('',(0.163971027262273,-0.0738467042993357,0.00081488713896201));
#11775=CARTESIAN_POINT('',(0.163330405357765,-0.072,-2.057209696334E-26));
#11776=CARTESIAN_POINT('',(0.163470041936145,-0.0723329048920472,-2.057209696334E-26));
#11777=CARTESIAN_POINT('',(0.163684505776534,-0.0730309053592029,0.000140814309650313));
#11778=CARTESIAN_POINT('',(0.163890093656493,-0.0736097132753408,0.000555154189198356));
#11779=CARTESIAN_POINT('',(0.163971009691668,-0.0738466929002061,0.00081485153997394));
#11780=CARTESIAN_POINT('',(0.163330405357765,-0.072,0.));
#11781=CARTESIAN_POINT('',(0.163175823272122,-0.07225,0.));
#11782=CARTESIAN_POINT('',(0.163477189079634,-0.0717923816525168,0.));
#11783=CARTESIAN_POINT('',(0.16367612494631,-0.0713333333333333,0.));
#11784=CARTESIAN_POINT('',(0.163938317315206,-0.0704166666666666,0.));
#11785=CARTESIAN_POINT('',(0.163999999999974,-0.0699583333333334,0.));
#11786=CARTESIAN_POINT('',(0.164,-0.0695,0.));
#11787=CARTESIAN_POINT('',(0.,0.,0.));
#11788=CARTESIAN_POINT('',(0.163158312395093,0.072,0.));
#11789=CARTESIAN_POINT('',(0.163215585491628,0.072,0.));
#11790=CARTESIAN_POINT('',(0.163272858588162,0.072,0.));
#11791=CARTESIAN_POINT('',(0.163330131684696,0.072,0.));
#11792=CARTESIAN_POINT('',(0.163158312395119,0.0720000000000388,0.));
#11793=CARTESIAN_POINT('',(0.1615,0.0695,0.));
#11794=CARTESIAN_POINT('',(0.,0.,0.));
#11795=CARTESIAN_POINT('',(-0.163158312336217,-0.072,0.));
#11796=CARTESIAN_POINT('',(-0.163215676676739,-0.072,0.));
#11797=CARTESIAN_POINT('',(-0.16327304101726,-0.072,0.));
#11798=CARTESIAN_POINT('',(-0.163330405357782,-0.072,0.));
#11799=CARTESIAN_POINT('',(-0.163158312354233,-0.0720000000271599,0.));
#11800=CARTESIAN_POINT('',(-0.1615,-0.0695,0.));
#11801=CARTESIAN_POINT('',(0.,0.,0.));
#11802=CARTESIAN_POINT('',(0.1615,-0.0695,0.));
#11803=CARTESIAN_POINT('',(0.163158312395178,-0.072,0.));
#11804=CARTESIAN_POINT('',(0.163330405357765,-0.072,0.));
#11805=CARTESIAN_POINT('',(0.163273041036903,-0.072,0.));
#11806=CARTESIAN_POINT('',(0.163215676716041,-0.072,0.));
#11807=CARTESIAN_POINT('',(0.163158312395178,-0.072,0.));
#11808=CARTESIAN_POINT('',(0.19899715106512,0.072,0.00250000000000004));
#11809=CARTESIAN_POINT('',(0.1615,0.0745,0.0025));
#11810=CARTESIAN_POINT('',(0.0538333333333333,0.0745,0.0025));
#11811=CARTESIAN_POINT('',(-0.0538333333333333,0.0745,0.0025));
#11812=CARTESIAN_POINT('',(-0.1615,0.0745,0.0025));
#11813=CARTESIAN_POINT('',(0.159841687654985,0.0720000000332743,2.21435765293788E-19));
#11814=CARTESIAN_POINT('',(0.160334911923194,0.0723271679860529,4.35451349091685E-12));
#11815=CARTESIAN_POINT('',(0.16149440554759,0.0726752827445116,0.000101020450887071));
#11816=CARTESIAN_POINT('',(0.16267247823539,0.0723222659236544,5.02212631160527E-15));
#11817=CARTESIAN_POINT('',(0.163158312395119,0.0720000000000389,3.03568360113939E-25));
#11818=CARTESIAN_POINT('',(-0.163158312395171,0.0720000000000045,3.99066243024139E-27));
#11819=CARTESIAN_POINT('',(-0.162665088125313,0.0723271679681258,5.84366872297535E-16));
#11820=CARTESIAN_POINT('',(-0.161505594485231,0.0726752827503313,0.000101020452977433));
#11821=CARTESIAN_POINT('',(-0.160327521774845,0.0723222659299027,1.70180835521363E-13));
#11822=CARTESIAN_POINT('',(-0.159841687606813,0.0720000000013202,3.48580051399616E-22));
#11823=CARTESIAN_POINT('',(-0.163158312395171,0.0720000000000045,0.));
#11824=CARTESIAN_POINT('',(-0.163330131684731,0.072,0.));
#11825=CARTESIAN_POINT('',(-0.16327285858821,0.072,0.));
#11826=CARTESIAN_POINT('',(-0.163215585491689,0.072,0.));
#11827=CARTESIAN_POINT('',(-0.163158312395168,0.072,0.));
#11828=CARTESIAN_POINT('',(0.198997193126015,-0.072,0.00250000000000004));
#11829=CARTESIAN_POINT('',(0.163971034493792,-0.073846721584193,0.000814882974249098));
#11830=CARTESIAN_POINT('',(0.163177984005334,-0.0742975567882291,0.00130895376546704));
#11831=CARTESIAN_POINT('',(0.162335465990902,-0.0745,0.00190923672639418));
#11832=CARTESIAN_POINT('',(0.1615,-0.0745,0.0025));
#11833=CARTESIAN_POINT('',(0.1615,-0.0745,0.0025));
#11834=CARTESIAN_POINT('',(-0.1615,-0.0745,0.0025));
#11835=CARTESIAN_POINT('',(-0.0538333333333333,-0.0745,0.0025));
#11836=CARTESIAN_POINT('',(0.0538333333333333,-0.0745,0.0025));
#11837=CARTESIAN_POINT('',(0.1615,-0.0745,0.0025));
#11838=CARTESIAN_POINT('',(-0.1615,-0.0745,0.0025));
#11839=CARTESIAN_POINT('',(-0.163971038996252,-0.0738467190246208,0.000814880169215369));
#11840=CARTESIAN_POINT('',(-0.163177988035019,-0.074297555584362,0.00130895093893687));
#11841=CARTESIAN_POINT('',(-0.162335467663047,-0.0745,0.00190923554365558));
#11842=CARTESIAN_POINT('',(-0.1615,-0.0745,0.0025));
#11843=CARTESIAN_POINT('',(-0.159841687604869,-0.0720000000000308,1.89388861304454E-25));
#11844=CARTESIAN_POINT('',(-0.160334911868134,-0.0723271679637676,4.02710525680554E-15));
#11845=CARTESIAN_POINT('',(-0.161494405489902,-0.0726752827455267,0.000101020451307232));
#11846=CARTESIAN_POINT('',(-0.16267247818771,-0.0723222659438401,3.50106679352429E-12));
#11847=CARTESIAN_POINT('',(-0.163158312354233,-0.0720000000271597,1.47530568671317E-19));
#11848=CARTESIAN_POINT('',(0.163158312395178,-0.072,0.));
#11849=CARTESIAN_POINT('',(0.162665088130487,-0.072327167964696,0.));
#11850=CARTESIAN_POINT('',(0.16150559450475,-0.0726752827465692,0.000101020451669702));
#11851=CARTESIAN_POINT('',(0.160327521804207,-0.0723222659408333,2.78145737941118E-12));
#11852=CARTESIAN_POINT('',(0.159841687637351,-0.0720000000215773,9.31163713293351E-20));
#11853=CARTESIAN_POINT('',(0.1615,0.0694999999999999,0.0165));
#11854=CARTESIAN_POINT('',(0.1665,0.0695,0.00250000000036169));
#11855=CARTESIAN_POINT('',(0.1665,0.0695,0.00666666666690779));
#11856=CARTESIAN_POINT('',(0.1665,0.0695,0.0108333333334539));
#11857=CARTESIAN_POINT('',(0.1665,0.0695,0.015));
#11858=CARTESIAN_POINT('',(0.1665,0.0695,0.015));
#11859=CARTESIAN_POINT('',(0.1615,0.0745,0.015));
#11860=CARTESIAN_POINT('',(0.1615,0.0745,0.0108333333333333));
#11861=CARTESIAN_POINT('',(0.1615,0.0745,0.00666666666666665));
#11862=CARTESIAN_POINT('',(0.1615,0.0745,0.00249999999999998));
#11863=CARTESIAN_POINT('',(0.1615,0.0745,0.015));
#11864=CARTESIAN_POINT('',(0.1665,0.0695,0.015));
#11865=CARTESIAN_POINT('',(0.1665,0.0708205425818143,0.015));
#11866=CARTESIAN_POINT('',(0.165413323978709,0.0734082681594788,0.015));
#11867=CARTESIAN_POINT('',(0.162820542581814,0.0745,0.015));
#11868=CARTESIAN_POINT('',(0.1615,0.0745,0.015));
#11869=CARTESIAN_POINT('',(-0.1615,-0.0694999999999999,0.0165));
#11870=CARTESIAN_POINT('',(-0.1615,-0.0745,0.015));
#11871=CARTESIAN_POINT('',(-0.1615,-0.0745,0.0108333333333333));
#11872=CARTESIAN_POINT('',(-0.1615,-0.0745,0.00666666666666667));
#11873=CARTESIAN_POINT('',(-0.1615,-0.0745,0.0025));
#11874=CARTESIAN_POINT('',(-0.1615,-0.0745,0.015));
#11875=CARTESIAN_POINT('',(-0.1665,-0.0695,0.015));
#11876=CARTESIAN_POINT('',(-0.1665,-0.0708205425818143,0.015));
#11877=CARTESIAN_POINT('',(-0.165413323978709,-0.0734082681594788,0.015));
#11878=CARTESIAN_POINT('',(-0.162820542581814,-0.0745,0.015));
#11879=CARTESIAN_POINT('',(-0.1615,-0.0745,0.015));
#11880=CARTESIAN_POINT('',(-0.1665,-0.0695,0.015));
#11881=CARTESIAN_POINT('',(-0.1665,-0.0695,0.00249999999963831));
#11882=CARTESIAN_POINT('',(-0.1665,-0.0695,0.00666666666642554));
#11883=CARTESIAN_POINT('',(-0.1665,-0.0695,0.0108333333332128));
#11884=CARTESIAN_POINT('',(-0.1665,-0.0695,0.015));
#11885=CARTESIAN_POINT('',(0.1615,-0.0694999999999999,0.0165));
#11886=CARTESIAN_POINT('',(0.1665,-0.0695,0.015));
#11887=CARTESIAN_POINT('',(0.1665,-0.0695,0.0108333333333334));
#11888=CARTESIAN_POINT('',(0.1665,-0.0695,0.00666666666666684));
#11889=CARTESIAN_POINT('',(0.1665,-0.0695,0.00250000000000026));
#11890=CARTESIAN_POINT('',(0.1665,-0.0695,0.015));
#11891=CARTESIAN_POINT('',(0.1615,-0.0745,0.015));
#11892=CARTESIAN_POINT('',(0.162820542581814,-0.0745,0.015));
#11893=CARTESIAN_POINT('',(0.165408268159479,-0.0734133239787092,0.015));
#11894=CARTESIAN_POINT('',(0.1665,-0.0708205425818143,0.015));
#11895=CARTESIAN_POINT('',(0.1665,-0.0695,0.015));
#11896=CARTESIAN_POINT('',(0.1615,-0.0745,0.015));
#11897=CARTESIAN_POINT('',(0.1615,-0.0745,0.00250000000000001));
#11898=CARTESIAN_POINT('',(0.1615,-0.0745,0.00666666666666667));
#11899=CARTESIAN_POINT('',(0.1615,-0.0745,0.0108333333333333));
#11900=CARTESIAN_POINT('',(0.1615,-0.0745,0.015));
#11901=CARTESIAN_POINT('',(-0.1615,0.0694999999999999,0.0165));
#11902=CARTESIAN_POINT('',(-0.1615,0.0745,0.00249999999999999));
#11903=CARTESIAN_POINT('',(-0.1615,0.0745,0.00666666666666666));
#11904=CARTESIAN_POINT('',(-0.1615,0.0745,0.0108333333333333));
#11905=CARTESIAN_POINT('',(-0.1615,0.0745,0.015));
#11906=CARTESIAN_POINT('',(-0.1615,0.0745,0.015));
#11907=CARTESIAN_POINT('',(-0.1665,0.0695,0.015));
#11908=CARTESIAN_POINT('',(-0.1665,0.0695,0.01083333333357));
#11909=CARTESIAN_POINT('',(-0.1665,0.0695,0.00666666666713996));
#11910=CARTESIAN_POINT('',(-0.1665,0.0695,0.00250000000070994));
#11911=CARTESIAN_POINT('',(-0.1665,0.0695,0.015));
#11912=CARTESIAN_POINT('',(-0.1615,0.0745,0.015));
#11913=CARTESIAN_POINT('',(-0.162820542581814,0.0745,0.015));
#11914=CARTESIAN_POINT('',(-0.165408268159479,0.0734133239787092,0.015));
#11915=CARTESIAN_POINT('',(-0.1665,0.0708205425818143,0.015));
#11916=CARTESIAN_POINT('',(-0.1665,0.0695,0.015));
#11917=CARTESIAN_POINT('',(0.,0.,0.015));
#11918=CARTESIAN_POINT('',(-0.1615,0.0695,0.015));
#11919=CARTESIAN_POINT('',(-0.1598,0.0695,0.015));
#11920=CARTESIAN_POINT('',(0.1615,0.0695,0.015));
#11921=CARTESIAN_POINT('',(0.1632,0.0695,0.015));
#11922=CARTESIAN_POINT('',(0.1615,-0.0695,0.015));
#11923=CARTESIAN_POINT('',(0.1632,-0.0695,0.015));
#11924=CARTESIAN_POINT('',(-0.1615,-0.0695,0.015));
#11925=CARTESIAN_POINT('',(-0.1598,-0.0695,0.015));
#11926=CARTESIAN_POINT('',(0.1665,1.38777878078145E-17,0.015));
#11927=CARTESIAN_POINT('',(0.,0.0745,0.015));
#11928=CARTESIAN_POINT('',(-0.1665,-1.38777878078145E-17,0.015));
#11929=CARTESIAN_POINT('',(0.,-0.0745,0.015));
#11930=CARTESIAN_POINT('',(-5.80827540838241E-18,0.0655,0.015));
#11931=CARTESIAN_POINT('',(-0.1555,0.0655,0.015));
#11932=CARTESIAN_POINT('',(0.1555,0.0655,0.015));
#11933=CARTESIAN_POINT('',(0.1105,0.1105,0.015));
#11934=CARTESIAN_POINT('',(0.1575,0.0635,0.015));
#11935=CARTESIAN_POINT('',(0.1575,0.,0.015));
#11936=CARTESIAN_POINT('',(0.1575,-0.0635,0.015));
#11937=CARTESIAN_POINT('',(0.1105,-0.1105,0.015));
#11938=CARTESIAN_POINT('',(0.1555,-0.0655,0.015));
#11939=CARTESIAN_POINT('',(-0.1565,-0.0655,0.015));
#11940=CARTESIAN_POINT('',(-0.1555,-0.0655,0.015));
#11941=CARTESIAN_POINT('',(-0.1105,-0.1105,0.015));
#11942=CARTESIAN_POINT('',(-0.1575,-0.0635,0.015));
#11943=CARTESIAN_POINT('',(-0.1575,0.0645,0.015));
#11944=CARTESIAN_POINT('',(-0.1575,0.0635,0.015));
#11945=CARTESIAN_POINT('',(-0.1105,0.1105,0.015));
#11946=CARTESIAN_POINT('',(-0.1615,0.0695,0.015));
#11947=CARTESIAN_POINT('',(-0.1615,0.0695,0.0031));
#11948=CARTESIAN_POINT('',(-0.1598,0.0695,0.0031));
#11949=CARTESIAN_POINT('',(0.,0.,0.0031));
#11950=CARTESIAN_POINT('',(-0.1615,0.0695,0.0031));
#11951=CARTESIAN_POINT('',(-0.1585,0.0695,0.0031));
#11952=CARTESIAN_POINT('',(-0.1615,0.0695,0.015));
#11953=CARTESIAN_POINT('',(-0.1615,0.0695,0.));
#11954=CARTESIAN_POINT('',(0.1615,0.0695,0.015));
#11955=CARTESIAN_POINT('',(0.1615,0.0695,0.0031));
#11956=CARTESIAN_POINT('',(0.1632,0.0695,0.0031));
#11957=CARTESIAN_POINT('',(0.,0.,0.0031));
#11958=CARTESIAN_POINT('',(0.1615,0.0695,0.0031));
#11959=CARTESIAN_POINT('',(0.1645,0.0695,0.0031));
#11960=CARTESIAN_POINT('',(0.1615,0.0695,0.015));
#11961=CARTESIAN_POINT('',(0.1615,-0.0695,0.015));
#11962=CARTESIAN_POINT('',(0.1615,-0.0695,0.0031));
#11963=CARTESIAN_POINT('',(0.1632,-0.0695,0.0031));
#11964=CARTESIAN_POINT('',(0.,0.,0.0031));
#11965=CARTESIAN_POINT('',(0.1615,-0.0695,0.0031));
#11966=CARTESIAN_POINT('',(0.1645,-0.0695,0.0031));
#11967=CARTESIAN_POINT('',(0.1615,-0.0695,0.015));
#11968=CARTESIAN_POINT('',(-0.1615,-0.0695,0.015));
#11969=CARTESIAN_POINT('',(-0.1615,-0.0695,0.0031));
#11970=CARTESIAN_POINT('',(-0.1598,-0.0695,0.0031));
#11971=CARTESIAN_POINT('',(0.,0.,0.0031));
#11972=CARTESIAN_POINT('',(-0.1615,-0.0695,0.0031));
#11973=CARTESIAN_POINT('',(-0.1585,-0.0695,0.0031));
#11974=CARTESIAN_POINT('',(-0.1615,-0.0695,0.015));
#11975=CARTESIAN_POINT('',(0.,-0.0745,0.015));
#11976=CARTESIAN_POINT('',(0.1665,1.38777878078145E-17,0.015));
#11977=CARTESIAN_POINT('',(0.,0.0745,0.015));
#11978=CARTESIAN_POINT('',(0.1565,1.38777878078145E-17,0.015));
#11979=CARTESIAN_POINT('',(0.1565,0.0635,0.003));
#11980=CARTESIAN_POINT('',(0.1565,0.0635,0.014));
#11981=CARTESIAN_POINT('',(0.1565,0.0635,0.004));
#11982=CARTESIAN_POINT('',(0.1565,-0.0645,0.004));
#11983=CARTESIAN_POINT('',(0.1565,-0.0635,0.004));
#11984=CARTESIAN_POINT('',(0.1565,-0.0635,0.015));
#11985=CARTESIAN_POINT('',(0.1565,-0.0635,0.014));
#11986=CARTESIAN_POINT('',(0.1565,1.38777878078145E-17,0.014));
#11987=CARTESIAN_POINT('',(0.,-0.0645,0.015));
#11988=CARTESIAN_POINT('',(0.1555,-0.0645,0.015));
#11989=CARTESIAN_POINT('',(0.1555,-0.0645,0.014));
#11990=CARTESIAN_POINT('',(0.1555,-0.0645,0.004));
#11991=CARTESIAN_POINT('',(0.,-0.0645,0.004));
#11992=CARTESIAN_POINT('',(-0.1555,-0.0645,0.004));
#11993=CARTESIAN_POINT('',(-0.1555,-0.0645,0.015));
#11994=CARTESIAN_POINT('',(-0.1555,-0.0645,0.014));
#11995=CARTESIAN_POINT('',(0.1565,-0.0645,0.014));
#11996=CARTESIAN_POINT('',(-0.1565,-1.38777878078145E-17,0.015));
#11997=CARTESIAN_POINT('',(-0.1565,-0.0635,0.003));
#11998=CARTESIAN_POINT('',(-0.1565,-0.0635,0.014));
#11999=CARTESIAN_POINT('',(-0.1565,-0.0635,0.004));
#12000=CARTESIAN_POINT('',(-0.1565,-1.38777878078145E-17,0.004));
#12001=CARTESIAN_POINT('',(-0.1565,0.0635,0.004));
#12002=CARTESIAN_POINT('',(-0.1565,0.0635,0.015));
#12003=CARTESIAN_POINT('',(-0.1565,0.0635,0.014));
#12004=CARTESIAN_POINT('',(-0.1565,-0.0645,0.014));
#12005=CARTESIAN_POINT('',(0.,0.0645,0.015));
#12006=CARTESIAN_POINT('',(-0.1555,0.0645,0.015));
#12007=CARTESIAN_POINT('',(-0.1555,0.0645,0.014));
#12008=CARTESIAN_POINT('',(-0.1555,0.0645,0.004));
#12009=CARTESIAN_POINT('',(0.1565,0.0645,0.004));
#12010=CARTESIAN_POINT('',(0.1555,0.0645,0.004));
#12011=CARTESIAN_POINT('',(0.1555,0.0645,0.015));
#12012=CARTESIAN_POINT('',(0.1555,0.0645,0.014));
#12013=CARTESIAN_POINT('',(0.,0.0645,0.014));
#12014=CARTESIAN_POINT('',(-0.1665,-1.38777878078145E-17,0.015));
#12015=CARTESIAN_POINT('',(0.,0.,0.));
#12016=CARTESIAN_POINT('',(0.,0.,0.003));
#12017=CARTESIAN_POINT('',(0.0642655,-0.0425321383476483,0.003));
#12018=CARTESIAN_POINT('',(0.0682655,-0.0425321383476483,0.003));
#12019=CARTESIAN_POINT('',(0.0948800585259539,-0.00558022806839966,0.003));
#12020=CARTESIAN_POINT('',(0.0988800585259539,-0.00558022806839966,0.003));
#12021=CARTESIAN_POINT('',(0.040453,0.0147099066792609,0.003));
#12022=CARTESIAN_POINT('',(0.044453,0.0147099066792609,0.003));
#12023=CARTESIAN_POINT('',(-0.0024095,-0.0233900933207392,0.003));
#12024=CARTESIAN_POINT('',(0.0015905,-0.0233900933207392,0.003));
#12025=CARTESIAN_POINT('',(-0.083372,0.0131900933207391,0.003));
#12026=CARTESIAN_POINT('',(-0.079372,0.0131900933207391,0.003));
#12027=CARTESIAN_POINT('',(-0.0881345,-0.0249099066792609,0.003));
#12028=CARTESIAN_POINT('',(-0.0841345,-0.0249099066792609,0.003));
#12029=CARTESIAN_POINT('',(0.1555,0.0645,0.003));
#12030=CARTESIAN_POINT('',(0.1555,-0.0635,0.003));
#12031=CARTESIAN_POINT('',(0.1555,0.0635,0.003));
#12032=CARTESIAN_POINT('',(-0.1565,0.0635,0.003));
#12033=CARTESIAN_POINT('',(-0.1555,0.0635,0.003));
#12034=CARTESIAN_POINT('',(-0.1555,0.,0.003));
#12035=CARTESIAN_POINT('',(-0.1555,-0.0635,0.003));
#12036=CARTESIAN_POINT('',(5.63092348751577E-18,-0.0635,0.003));
#12037=CARTESIAN_POINT('',(-0.0881345,-0.0249099066792609,0.0105));
#12038=CARTESIAN_POINT('',(-0.0881345,-0.0249099066792609,0.004));
#12039=CARTESIAN_POINT('',(-0.0851345,-0.0249099066792609,0.004));
#12040=CARTESIAN_POINT('',(-0.0881345,-0.0249099066792609,0.0095));
#12041=CARTESIAN_POINT('',(-0.0851345,-0.0249099066792609,0.0095));
#12042=CARTESIAN_POINT('',(0.11270625,-0.033044,0.0105));
#12043=CARTESIAN_POINT('',(-0.0881345,-0.0249099066792609,0.0105));
#12044=CARTESIAN_POINT('',(-0.0861345,-0.0249099066792609,0.0105));
#12045=CARTESIAN_POINT('',(-0.083372,0.0131900933207391,0.0105));
#12046=CARTESIAN_POINT('',(-0.083372,0.0131900933207391,0.004));
#12047=CARTESIAN_POINT('',(-0.080372,0.0131900933207391,0.004));
#12048=CARTESIAN_POINT('',(-0.083372,0.0131900933207391,0.0095));
#12049=CARTESIAN_POINT('',(-0.080372,0.0131900933207391,0.0095));
#12050=CARTESIAN_POINT('',(0.11270625,-0.033044,0.0105));
#12051=CARTESIAN_POINT('',(-0.083372,0.0131900933207391,0.0105));
#12052=CARTESIAN_POINT('',(-0.081372,0.0131900933207391,0.0105));
#12053=CARTESIAN_POINT('',(-0.0024095,-0.0233900933207392,0.0105));
#12054=CARTESIAN_POINT('',(-0.0024095,-0.0233900933207392,0.004));
#12055=CARTESIAN_POINT('',(0.0005905,-0.0233900933207392,0.004));
#12056=CARTESIAN_POINT('',(-0.0024095,-0.0233900933207392,0.0095));
#12057=CARTESIAN_POINT('',(0.0005905,-0.0233900933207392,0.0095));
#12058=CARTESIAN_POINT('',(0.11270625,-0.033044,0.0105));
#12059=CARTESIAN_POINT('',(-0.0024095,-0.0233900933207392,0.0105));
#12060=CARTESIAN_POINT('',(-0.0004095,-0.0233900933207392,0.0105));
#12061=CARTESIAN_POINT('',(0.040453,0.0147099066792609,0.0105));
#12062=CARTESIAN_POINT('',(0.040453,0.0147099066792609,0.004));
#12063=CARTESIAN_POINT('',(0.043453,0.0147099066792609,0.004));
#12064=CARTESIAN_POINT('',(0.040453,0.0147099066792609,0.0095));
#12065=CARTESIAN_POINT('',(0.043453,0.0147099066792609,0.0095));
#12066=CARTESIAN_POINT('',(0.11270625,-0.033044,0.0105));
#12067=CARTESIAN_POINT('',(0.040453,0.0147099066792609,0.0105));
#12068=CARTESIAN_POINT('',(0.042453,0.0147099066792609,0.0105));
#12069=CARTESIAN_POINT('',(0.0948800585259539,-0.00558022806839966,0.0105));
#12070=CARTESIAN_POINT('',(0.0948800585259539,-0.00558022806839966,0.004));
#12071=CARTESIAN_POINT('',(0.0978800585259539,-0.00558022806839966,0.004));
#12072=CARTESIAN_POINT('',(0.0948800585259539,-0.00558022806839966,0.0095));
#12073=CARTESIAN_POINT('',(0.0978800585259539,-0.00558022806839966,0.0095));
#12074=CARTESIAN_POINT('',(0.11270625,-0.033044,0.0105));
#12075=CARTESIAN_POINT('',(0.0948800585259539,-0.00558022806839966,0.0105));
#12076=CARTESIAN_POINT('',(0.0968800585259539,-0.00558022806839966,0.0105));
#12077=CARTESIAN_POINT('',(0.0642655,-0.0425321383476483,0.0105));
#12078=CARTESIAN_POINT('',(0.0642655,-0.0425321383476483,0.004));
#12079=CARTESIAN_POINT('',(0.0672655,-0.0425321383476483,0.004));
#12080=CARTESIAN_POINT('',(0.0642655,-0.0425321383476483,0.0095));
#12081=CARTESIAN_POINT('',(0.0672655,-0.0425321383476483,0.0095));
#12082=CARTESIAN_POINT('',(0.11270625,-0.033044,0.0105));
#12083=CARTESIAN_POINT('',(0.0642655,-0.0425321383476483,0.0105));
#12084=CARTESIAN_POINT('',(0.0662655,-0.0425321383476483,0.0105));
#12085=CARTESIAN_POINT('',(0.0642655,-0.0425321383476483,0.003));
#12086=CARTESIAN_POINT('',(0.0948800585259539,-0.00558022806839966,0.003));
#12087=CARTESIAN_POINT('',(0.040453,0.0147099066792609,0.003));
#12088=CARTESIAN_POINT('',(-0.0024095,-0.0233900933207392,0.003));
#12089=CARTESIAN_POINT('',(-0.083372,0.0131900933207391,0.003));
#12090=CARTESIAN_POINT('',(-0.0881345,-0.0249099066792609,0.003));
#12091=CARTESIAN_POINT('',(0.0642655,-0.0425321383476483,0.0105));
#12092=CARTESIAN_POINT('',(0.0948800585259539,-0.00558022806839966,0.0105));
#12093=CARTESIAN_POINT('',(0.040453,0.0147099066792609,0.0105));
#12094=CARTESIAN_POINT('',(-0.0024095,-0.0233900933207392,0.0105));
#12095=CARTESIAN_POINT('',(-0.083372,0.0131900933207391,0.0105));
#12096=CARTESIAN_POINT('',(-0.0881345,-0.0249099066792609,0.0105));
#12097=CARTESIAN_POINT('',(0.1555,-0.0645,0.015));
#12098=CARTESIAN_POINT('',(0.1555,-0.0645,0.014));
#12099=CARTESIAN_POINT('',(0.1555,-0.0645,0.004));
#12100=CARTESIAN_POINT('',(0.1565,-0.0635,0.014));
#12101=CARTESIAN_POINT('',(0.1575,-0.0635,0.015));
#12102=CARTESIAN_POINT('',(0.1555,-0.0645,0.014));
#12103=CARTESIAN_POINT('',(0.1555,-0.0645,0.004));
#12104=CARTESIAN_POINT('',(0.1555,-0.0645,0.004));
#12105=CARTESIAN_POINT('',(0.156,-0.0635,0.0035));
#12106=CARTESIAN_POINT('',(5.80827540838241E-18,-0.0655,0.015));
#12107=CARTESIAN_POINT('',(-0.1555,-0.0655,0.015));
#12108=CARTESIAN_POINT('',(0.1565,1.38777878078145E-17,0.014));
#12109=CARTESIAN_POINT('',(0.1565,0.0635,0.014));
#12110=CARTESIAN_POINT('',(0.1565,0.0635,0.015));
#12111=CARTESIAN_POINT('',(0.1565,0.0635,0.004));
#12112=CARTESIAN_POINT('',(0.1565,0.0635,0.014));
#12113=CARTESIAN_POINT('',(0.1555,0.,0.003));
#12114=CARTESIAN_POINT('',(0.1565,0.0635,0.004));
#12115=CARTESIAN_POINT('',(0.,-0.0645,0.004));
#12116=CARTESIAN_POINT('',(-0.1555,-0.064,0.0035));
#12117=CARTESIAN_POINT('',(-0.1565,-0.0635,0.015));
#12118=CARTESIAN_POINT('',(-0.1565,-0.0635,0.014));
#12119=CARTESIAN_POINT('',(-0.1565,-0.0635,0.004));
#12120=CARTESIAN_POINT('',(-0.1555,-0.0645,0.014));
#12121=CARTESIAN_POINT('',(-0.1565,-0.0635,0.014));
#12122=CARTESIAN_POINT('',(0.1555,0.0645,0.014));
#12123=CARTESIAN_POINT('',(0.1555,0.0655,0.015));
#12124=CARTESIAN_POINT('',(0.1565,0.0635,0.004));
#12125=CARTESIAN_POINT('',(0.1555,0.064,0.0035));
#12126=CARTESIAN_POINT('',(-0.1565,-0.0635,0.004));
#12127=CARTESIAN_POINT('',(-0.1565,-0.0635,0.004));
#12128=CARTESIAN_POINT('',(-0.1575,0.,0.015));
#12129=CARTESIAN_POINT('',(-0.1575,0.0635,0.015));
#12130=CARTESIAN_POINT('',(0.,0.0645,0.014));
#12131=CARTESIAN_POINT('',(-0.1555,0.0645,0.014));
#12132=CARTESIAN_POINT('',(-5.63092348751577E-18,0.0635,0.003));
#12133=CARTESIAN_POINT('',(-0.1555,0.0645,0.004));
#12134=CARTESIAN_POINT('',(-0.1565,-1.38777878078145E-17,0.004));
#12135=CARTESIAN_POINT('',(-0.156,0.0635,0.0035));
#12136=CARTESIAN_POINT('',(-0.1565,0.0635,0.014));
#12137=CARTESIAN_POINT('',(-0.1555,0.0645,0.014));
#12138=CARTESIAN_POINT('',(-0.1555,0.0645,0.004));
#12139=CARTESIAN_POINT('',(-0.1555,0.0645,0.004));
#12140=CARTESIAN_POINT('',(-0.1555,0.0645,0.015));
#12141=CARTESIAN_POINT('',(0.1575,4.85722573273506E-17,-0.00575000000018085));
#12142=CARTESIAN_POINT('',(0.0645833333333333,-0.0299874187917672,-0.00305328967710217));
#12143=CARTESIAN_POINT('',(0.0631929016282554,-0.025186628587155,-0.0034850154149395));
#12144=CARTESIAN_POINT('',(0.0659737650384112,-0.0347882089963793,-0.00262156393926485));
#12145=CARTESIAN_POINT('',(0.0666666666666667,-0.0371806136988472,-0.00240641963148274));
#12146=CARTESIAN_POINT('',(0.0689605557299415,-0.0361905902312058,-0.00249545051886313));
#12147=CARTESIAN_POINT('',(0.0833333333333333,-0.0299874187917672,-0.00305328967710217));
#12148=CARTESIAN_POINT('',(0.0977061109367252,-0.0237842473523285,-0.00361112883534121));
#12149=CARTESIAN_POINT('',(0.1,-0.0227942238846872,-0.0037001597227216));
#12150=CARTESIAN_POINT('',(0.0993070983717445,-0.0204018191822195,-0.00391530403050371));
#12151=CARTESIAN_POINT('',(0.0979166666666667,-0.0156010289776073,-0.00434702976834104));
#12152=CARTESIAN_POINT('',(0.0965262349615888,-0.0108002387729951,-0.00477875550617836));
#12153=CARTESIAN_POINT('',(0.0958333333333333,-0.00840783407052735,-0.00499389981396047));
#12154=CARTESIAN_POINT('',(0.0935394442700585,-0.00939785753816865,-0.00490486892658008));
#12155=CARTESIAN_POINT('',(0.0791666666666667,-0.0156010289776073,-0.00434702976834104));
#12156=CARTESIAN_POINT('',(0.0647938890632748,-0.021804200417046,-0.00378919061010199));
#12157=CARTESIAN_POINT('',(0.0625,-0.0227942238846872,-0.0037001597227216));
#12158=CARTESIAN_POINT('',(0.0270833333333333,-0.0299874187917672,-0.00305328967710217));
#12159=CARTESIAN_POINT('',(0.0256929016282555,-0.025186628587155,-0.0034850154149395));
#12160=CARTESIAN_POINT('',(0.0284737650384112,-0.0347882089963793,-0.00262156393926485));
#12161=CARTESIAN_POINT('',(0.0291666666666666,-0.0371806136988472,-0.00240641963148274));
#12162=CARTESIAN_POINT('',(0.0314605557299414,-0.0361905902312058,-0.00249545051886313));
#12163=CARTESIAN_POINT('',(0.0458333333333333,-0.0299874187917672,-0.00305328967710217));
#12164=CARTESIAN_POINT('',(0.0602061109367252,-0.0237842473523285,-0.00361112883534121));
#12165=CARTESIAN_POINT('',(0.0625,-0.0227942238846872,-0.0037001597227216));
#12166=CARTESIAN_POINT('',(0.0618070983717445,-0.0204018191822194,-0.00391530403050371));
#12167=CARTESIAN_POINT('',(0.0604166666666667,-0.0156010289776073,-0.00434702976834104));
#12168=CARTESIAN_POINT('',(0.0590262349615888,-0.0108002387729951,-0.00477875550617836));
#12169=CARTESIAN_POINT('',(0.0583333333333333,-0.00840783407052733,-0.00499389981396047));
#12170=CARTESIAN_POINT('',(0.0560394442700585,-0.00939785753816862,-0.00490486892658008));
#12171=CARTESIAN_POINT('',(0.0416666666666667,-0.0156010289776073,-0.00434702976834104));
#12172=CARTESIAN_POINT('',(0.0272938890632748,-0.021804200417046,-0.00378919061010199));
#12173=CARTESIAN_POINT('',(0.025,-0.0227942238846872,-0.0037001597227216));
#12174=CARTESIAN_POINT('',(-0.09375,0.0635241150002721,-0.0114626002701548));
#12175=CARTESIAN_POINT('',(-0.0775,0.0635241150002721,-0.0114626002701548));
#12176=CARTESIAN_POINT('',(-0.11,0.0635241150002721,-0.0114626002701548));
#12177=CARTESIAN_POINT('',(-0.1125,0.0635241150002721,-0.0114626002701548));
#12178=CARTESIAN_POINT('',(-0.111807098371744,0.0611317102978043,-0.0112474559623727));
#12179=CARTESIAN_POINT('',(-0.110416666666667,0.0563309200931922,-0.0108157302245354));
#12180=CARTESIAN_POINT('',(-0.109026234961589,0.05153012988858,-0.010384004486698));
#12181=CARTESIAN_POINT('',(-0.108333333333333,0.0491377251861122,-0.0101688601789159));
#12182=CARTESIAN_POINT('',(-0.106039444270058,0.0501277486537535,-0.0102578910662963));
#12183=CARTESIAN_POINT('',(-0.0916666666666667,0.0563309200931922,-0.0108157302245354));
#12184=CARTESIAN_POINT('',(-0.0772938890632748,0.0625340915326309,-0.0113735693827744));
#12185=CARTESIAN_POINT('',(-0.075,0.0635241150002721,-0.0114626002701548));
#12186=CARTESIAN_POINT('',(-0.05625,0.0635241150002721,-0.0114626002701548));
#12187=CARTESIAN_POINT('',(-0.04,0.0635241150002721,-0.0114626002701548));
#12188=CARTESIAN_POINT('',(-0.0725,0.0635241150002721,-0.0114626002701548));
#12189=CARTESIAN_POINT('',(-0.075,0.0635241150002721,-0.0114626002701548));
#12190=CARTESIAN_POINT('',(-0.0743070983717445,0.0611317102978043,-0.0112474559623727));
#12191=CARTESIAN_POINT('',(-0.0729166666666667,0.0563309200931922,-0.0108157302245354));
#12192=CARTESIAN_POINT('',(-0.0715262349615888,0.05153012988858,-0.010384004486698));
#12193=CARTESIAN_POINT('',(-0.0708333333333334,0.0491377251861122,-0.0101688601789159));
#12194=CARTESIAN_POINT('',(-0.0685394442700585,0.0501277486537535,-0.0102578910662963));
#12195=CARTESIAN_POINT('',(-0.0541666666666667,0.0563309200931922,-0.0108157302245353));
#12196=CARTESIAN_POINT('',(-0.0397938890632748,0.0625340915326308,-0.0113735693827744));
#12197=CARTESIAN_POINT('',(-0.0375,0.0635241150002721,-0.0114626002701548));
#12198=CARTESIAN_POINT('',(-0.01875,0.0635241150002721,-0.0114626002701548));
#12199=CARTESIAN_POINT('',(-0.0025,0.0635241150002721,-0.0114626002701548));
#12200=CARTESIAN_POINT('',(-0.035,0.0635241150002721,-0.0114626002701548));
#12201=CARTESIAN_POINT('',(-0.0375,0.0635241150002721,-0.0114626002701548));
#12202=CARTESIAN_POINT('',(-0.0368070983717445,0.0611317102978043,-0.0112474559623727));
#12203=CARTESIAN_POINT('',(-0.0354166666666667,0.0563309200931922,-0.0108157302245353));
#12204=CARTESIAN_POINT('',(-0.0340262349615888,0.05153012988858,-0.010384004486698));
#12205=CARTESIAN_POINT('',(-0.0333333333333333,0.0491377251861122,-0.0101688601789159));
#12206=CARTESIAN_POINT('',(-0.0310394442700585,0.0501277486537535,-0.0102578910662963));
#12207=CARTESIAN_POINT('',(-0.0166666666666666,0.0563309200931922,-0.0108157302245353));
#12208=CARTESIAN_POINT('',(-0.0022938890632748,0.0625340915326308,-0.0113735693827744));
#12209=CARTESIAN_POINT('',(9.49761103097302E-17,0.0635241150002721,-0.0114626002701548));
#12210=CARTESIAN_POINT('',(0.01875,0.0635241150002721,-0.0114626002701548));
#12211=CARTESIAN_POINT('',(0.035,0.0635241150002721,-0.0114626002701548));
#12212=CARTESIAN_POINT('',(0.0025,0.0635241150002721,-0.0114626002701548));
#12213=CARTESIAN_POINT('',(-1.80519661718836E-17,0.0635241150002721,-0.0114626002701548));
#12214=CARTESIAN_POINT('',(0.000692901628255452,0.0611317102978043,-0.0112474559623727));
#12215=CARTESIAN_POINT('',(0.00208333333333333,0.0563309200931921,-0.0108157302245353));
#12216=CARTESIAN_POINT('',(0.00347376503841121,0.05153012988858,-0.010384004486698));
#12217=CARTESIAN_POINT('',(0.00416666666666668,0.0491377251861122,-0.0101688601789159));
#12218=CARTESIAN_POINT('',(0.00646055572994148,0.0501277486537535,-0.0102578910662963));
#12219=CARTESIAN_POINT('',(0.0208333333333333,0.0563309200931921,-0.0108157302245353));
#12220=CARTESIAN_POINT('',(0.0352061109367252,0.0625340915326308,-0.0113735693827744));
#12221=CARTESIAN_POINT('',(0.0375,0.0635241150002721,-0.0114626002701548));
#12222=CARTESIAN_POINT('',(0.05625,0.0635241150002721,-0.0114626002701548));
#12223=CARTESIAN_POINT('',(0.0725,0.0635241150002721,-0.0114626002701548));
#12224=CARTESIAN_POINT('',(0.04,0.0635241150002721,-0.0114626002701548));
#12225=CARTESIAN_POINT('',(0.0375,0.0635241150002721,-0.0114626002701548));
#12226=CARTESIAN_POINT('',(0.0381929016282554,0.0611317102978043,-0.0112474559623727));
#12227=CARTESIAN_POINT('',(0.0395833333333334,0.0563309200931921,-0.0108157302245353));
#12228=CARTESIAN_POINT('',(0.0409737650384112,0.05153012988858,-0.010384004486698));
#12229=CARTESIAN_POINT('',(0.0416666666666667,0.0491377251861122,-0.0101688601789159));
#12230=CARTESIAN_POINT('',(0.0439605557299415,0.0501277486537535,-0.0102578910662963));
#12231=CARTESIAN_POINT('',(0.0583333333333333,0.0563309200931921,-0.0108157302245353));
#12232=CARTESIAN_POINT('',(0.0727061109367252,0.0625340915326308,-0.0113735693827744));
#12233=CARTESIAN_POINT('',(0.075,0.0635241150002721,-0.0114626002701548));
#12234=CARTESIAN_POINT('',(0.09375,0.0635241150002721,-0.0114626002701548));
#12235=CARTESIAN_POINT('',(0.11,0.0635241150002721,-0.0114626002701548));
#12236=CARTESIAN_POINT('',(0.0775,0.0635241150002721,-0.0114626002701548));
#12237=CARTESIAN_POINT('',(0.075,0.0635241150002721,-0.0114626002701548));
#12238=CARTESIAN_POINT('',(0.0756929016282555,0.0611317102978043,-0.0112474559623727));
#12239=CARTESIAN_POINT('',(0.0770833333333333,0.0563309200931921,-0.0108157302245353));
#12240=CARTESIAN_POINT('',(0.0784737650384112,0.05153012988858,-0.010384004486698));
#12241=CARTESIAN_POINT('',(0.0791666666666667,0.0491377251861122,-0.0101688601789159));
#12242=CARTESIAN_POINT('',(0.0814605557299415,0.0501277486537535,-0.0102578910662963));
#12243=CARTESIAN_POINT('',(0.0958333333333333,0.0563309200931921,-0.0108157302245353));
#12244=CARTESIAN_POINT('',(0.110206110936725,0.0625340915326308,-0.0113735693827744));
#12245=CARTESIAN_POINT('',(0.1125,0.0635241150002721,-0.0114626002701548));
#12246=CARTESIAN_POINT('',(0.1325,0.063524115000272,-0.0114626002701548));
#12247=CARTESIAN_POINT('',(0.15,0.0635241150002721,-0.0114626002701548));
#12248=CARTESIAN_POINT('',(0.115,0.0635241150002721,-0.0114626002701548));
#12249=CARTESIAN_POINT('',(0.1125,0.0635241150002721,-0.0114626002701548));
#12250=CARTESIAN_POINT('',(0.113192901628255,0.0611317102978043,-0.0112474559623727));
#12251=CARTESIAN_POINT('',(0.114583333333333,0.0563309200931921,-0.0108157302245353));
#12252=CARTESIAN_POINT('',(0.115973765038411,0.0515301298885799,-0.010384004486698));
#12253=CARTESIAN_POINT('',(0.116666666666667,0.0491377251861122,-0.0101688601789159));
#12254=CARTESIAN_POINT('',(0.118960555729941,0.0501277486537535,-0.0102578910662963));
#12255=CARTESIAN_POINT('',(0.134480277864971,0.0568259318270128,-0.0108602456682255));
#12256=CARTESIAN_POINT('',(0.136563611198304,0.0415403926494679,-0.00948564682128425));
#12257=CARTESIAN_POINT('',(0.123127222396608,0.0357413588395935,-0.00896415097505744));
#12258=CARTESIAN_POINT('',(0.15,0.0473394264593422,-0.0100071426675111));
#12259=CARTESIAN_POINT('',(0.120833333333333,0.0347513353719523,-0.00887512008767705));
#12260=CARTESIAN_POINT('',(0.121526234961589,0.0323589306694845,-0.00865997577989495));
#12261=CARTESIAN_POINT('',(0.122916666666667,0.0275581404648724,-0.00822825004205762));
#12262=CARTESIAN_POINT('',(0.124307098371744,0.0227573502602602,-0.0077965243042203));
#12263=CARTESIAN_POINT('',(0.125,0.0203649455577924,-0.00758137999643819));
#12264=CARTESIAN_POINT('',(0.127293889063275,0.0213549690254337,-0.00767041088381858));
#12265=CARTESIAN_POINT('',(0.138646944531637,0.026254853471923,-0.00811104797434296));
#12266=CARTESIAN_POINT('',(0.15,0.0311547379184123,-0.00855168506486733));
#12267=CARTESIAN_POINT('',(0.15,0.0392470821888772,-0.0092794138661892));
#12268=CARTESIAN_POINT('',(0.144896944531637,-0.0196017640607116,-0.00398725143351908));
#12269=CARTESIAN_POINT('',(0.139793889063275,-0.021804200417046,-0.00378919061010198));
#12270=CARTESIAN_POINT('',(0.15,-0.0173993277043774,-0.00418531225693617));
#12271=CARTESIAN_POINT('',(0.1375,-0.0227942238846873,-0.0037001597227216));
#12272=CARTESIAN_POINT('',(0.138192901628255,-0.025186628587155,-0.00348501541493949));
#12273=CARTESIAN_POINT('',(0.139583333333333,-0.0299874187917673,-0.00305328967710217));
#12274=CARTESIAN_POINT('',(0.140973765038411,-0.0347882089963794,-0.00262156393926484));
#12275=CARTESIAN_POINT('',(0.141666666666667,-0.0371806136988472,-0.00240641963148273));
#12276=CARTESIAN_POINT('',(0.143960555729941,-0.0361905902312058,-0.00249545051886313));
#12277=CARTESIAN_POINT('',(0.146980277864971,-0.0348873032382565,-0.00261265258657779));
#12278=CARTESIAN_POINT('',(0.15,-0.0335840162453072,-0.00272985465429245));
#12279=CARTESIAN_POINT('',(0.15,-0.0254916719748422,-0.00345758345561432));
#12280=CARTESIAN_POINT('',(0.116666666666667,-0.0156010289776073,-0.00434702976834104));
#12281=CARTESIAN_POINT('',(0.102293889063275,-0.021804200417046,-0.00378919061010199));
#12282=CARTESIAN_POINT('',(0.131039444270058,-0.00939785753816865,-0.00490486892658008));
#12283=CARTESIAN_POINT('',(0.1,-0.0227942238846872,-0.0037001597227216));
#12284=CARTESIAN_POINT('',(0.100692901628255,-0.025186628587155,-0.0034850154149395));
#12285=CARTESIAN_POINT('',(0.102083333333333,-0.0299874187917672,-0.00305328967710217));
#12286=CARTESIAN_POINT('',(0.103473765038411,-0.0347882089963793,-0.00262156393926484));
#12287=CARTESIAN_POINT('',(0.104166666666667,-0.0371806136988472,-0.00240641963148273));
#12288=CARTESIAN_POINT('',(0.106460555729941,-0.0361905902312058,-0.00249545051886312));
#12289=CARTESIAN_POINT('',(0.120833333333333,-0.0299874187917672,-0.00305328967710217));
#12290=CARTESIAN_POINT('',(0.135206110936725,-0.0237842473523285,-0.00361112883534121));
#12291=CARTESIAN_POINT('',(0.1375,-0.0227942238846873,-0.00370015972272159));
#12292=CARTESIAN_POINT('',(0.136807098371745,-0.0204018191822195,-0.00391530403050371));
#12293=CARTESIAN_POINT('',(0.135416666666667,-0.0156010289776074,-0.00434702976834103));
#12294=CARTESIAN_POINT('',(0.134026234961589,-0.0108002387729951,-0.00477875550617836));
#12295=CARTESIAN_POINT('',(0.133333333333333,-0.00840783407052736,-0.00499389981396047));
#12296=CARTESIAN_POINT('',(0.00416666666666666,-0.0156010289776073,-0.00434702976834104));
#12297=CARTESIAN_POINT('',(-0.0102061109367252,-0.021804200417046,-0.00378919061010199));
#12298=CARTESIAN_POINT('',(0.0185394442700585,-0.00939785753816863,-0.00490486892658008));
#12299=CARTESIAN_POINT('',(-0.0125,-0.0227942238846872,-0.0037001597227216));
#12300=CARTESIAN_POINT('',(-0.0118070983717446,-0.025186628587155,-0.0034850154149395));
#12301=CARTESIAN_POINT('',(-0.0104166666666667,-0.0299874187917672,-0.00305328967710218));
#12302=CARTESIAN_POINT('',(-0.00902623496158884,-0.0347882089963793,-0.00262156393926485));
#12303=CARTESIAN_POINT('',(-0.00833333333333335,-0.0371806136988471,-0.00240641963148274));
#12304=CARTESIAN_POINT('',(-0.00603944427005853,-0.0361905902312058,-0.00249545051886313));
#12305=CARTESIAN_POINT('',(0.00833333333333332,-0.0299874187917672,-0.00305328967710218));
#12306=CARTESIAN_POINT('',(0.0227061109367252,-0.0237842473523285,-0.00361112883534121));
#12307=CARTESIAN_POINT('',(0.025,-0.0227942238846872,-0.0037001597227216));
#12308=CARTESIAN_POINT('',(0.0243070983717446,-0.0204018191822194,-0.00391530403050371));
#12309=CARTESIAN_POINT('',(0.0229166666666667,-0.0156010289776073,-0.00434702976834104));
#12310=CARTESIAN_POINT('',(0.0215262349615888,-0.0108002387729951,-0.00477875550617836));
#12311=CARTESIAN_POINT('',(0.0208333333333333,-0.00840783407052734,-0.00499389981396047));
#12312=CARTESIAN_POINT('',(-0.0145833333333333,-0.0156010289776073,-0.00434702976834104));
#12313=CARTESIAN_POINT('',(-0.0159737650384112,-0.0108002387729951,-0.00477875550617836));
#12314=CARTESIAN_POINT('',(-0.0131929016282555,-0.0204018191822194,-0.00391530403050371));
#12315=CARTESIAN_POINT('',(-0.0166666666666666,-0.00840783407052734,-0.00499389981396047));
#12316=CARTESIAN_POINT('',(-0.0189605557299415,-0.00939785753816862,-0.00490486892658008));
#12317=CARTESIAN_POINT('',(-0.0333333333333333,-0.0156010289776073,-0.00434702976834104));
#12318=CARTESIAN_POINT('',(-0.0477061109367252,-0.021804200417046,-0.00378919061010199));
#12319=CARTESIAN_POINT('',(-0.05,-0.0227942238846872,-0.0037001597227216));
#12320=CARTESIAN_POINT('',(-0.0493070983717446,-0.025186628587155,-0.0034850154149395));
#12321=CARTESIAN_POINT('',(-0.0479166666666667,-0.0299874187917672,-0.00305328967710218));
#12322=CARTESIAN_POINT('',(-0.0465262349615888,-0.0347882089963793,-0.00262156393926485));
#12323=CARTESIAN_POINT('',(-0.0458333333333333,-0.0371806136988471,-0.00240641963148274));
#12324=CARTESIAN_POINT('',(-0.0435394442700585,-0.0361905902312058,-0.00249545051886313));
#12325=CARTESIAN_POINT('',(-0.0291666666666666,-0.0299874187917672,-0.00305328967710218));
#12326=CARTESIAN_POINT('',(-0.0147938890632748,-0.0237842473523285,-0.00361112883534121));
#12327=CARTESIAN_POINT('',(-0.0125,-0.0227942238846872,-0.0037001597227216));
#12328=CARTESIAN_POINT('',(-0.0520833333333333,-0.0156010289776072,-0.00434702976834104));
#12329=CARTESIAN_POINT('',(-0.0534737650384112,-0.0108002387729951,-0.00477875550617836));
#12330=CARTESIAN_POINT('',(-0.0506929016282555,-0.0204018191822194,-0.00391530403050371));
#12331=CARTESIAN_POINT('',(-0.0541666666666667,-0.00840783407052734,-0.00499389981396047));
#12332=CARTESIAN_POINT('',(-0.0564605557299415,-0.00939785753816861,-0.00490486892658008));
#12333=CARTESIAN_POINT('',(-0.0708333333333333,-0.0156010289776072,-0.00434702976834104));
#12334=CARTESIAN_POINT('',(-0.0852061109367252,-0.0218042004170459,-0.00378919061010199));
#12335=CARTESIAN_POINT('',(-0.0875,-0.0227942238846872,-0.0037001597227216));
#12336=CARTESIAN_POINT('',(-0.0868070983717446,-0.0251866285871549,-0.0034850154149395));
#12337=CARTESIAN_POINT('',(-0.0854166666666667,-0.0299874187917672,-0.00305328967710218));
#12338=CARTESIAN_POINT('',(-0.0840262349615888,-0.0347882089963793,-0.00262156393926485));
#12339=CARTESIAN_POINT('',(-0.0833333333333333,-0.0371806136988471,-0.00240641963148274));
#12340=CARTESIAN_POINT('',(-0.0810394442700586,-0.0361905902312058,-0.00249545051886313));
#12341=CARTESIAN_POINT('',(-0.0666666666666667,-0.0299874187917672,-0.00305328967710218));
#12342=CARTESIAN_POINT('',(-0.0522938890632748,-0.0237842473523285,-0.00361112883534121));
#12343=CARTESIAN_POINT('',(-0.05,-0.0227942238846872,-0.0037001597227216));
#12344=CARTESIAN_POINT('',(-0.127083333333333,-0.0156010289776073,-0.00434702976834104));
#12345=CARTESIAN_POINT('',(-0.128473765038411,-0.0108002387729951,-0.00477875550617836));
#12346=CARTESIAN_POINT('',(-0.125692901628255,-0.0204018191822194,-0.00391530403050371));
#12347=CARTESIAN_POINT('',(-0.129166666666667,-0.00840783407052732,-0.00499389981396047));
#12348=CARTESIAN_POINT('',(-0.131460555729941,-0.00939785753816862,-0.00490486892658008));
#12349=CARTESIAN_POINT('',(-0.140730277864971,-0.0133985926212729,-0.00454509059175813));
#12350=CARTESIAN_POINT('',(-0.15,-0.0173993277043773,-0.00418531225693618));
#12351=CARTESIAN_POINT('',(-0.15,-0.0254916719748422,-0.00345758345561432));
#12352=CARTESIAN_POINT('',(-0.15,-0.0335840162453071,-0.00272985465429246));
#12353=CARTESIAN_POINT('',(-0.138646944531637,-0.0286841317988178,-0.00317049174481684));
#12354=CARTESIAN_POINT('',(-0.127293889063275,-0.0237842473523285,-0.00361112883534121));
#12355=CARTESIAN_POINT('',(-0.125,-0.0227942238846872,-0.00370015972272161));
#12356=CARTESIAN_POINT('',(-0.0895833333333333,-0.0156010289776072,-0.00434702976834104));
#12357=CARTESIAN_POINT('',(-0.0909737650384112,-0.0108002387729951,-0.00477875550617836));
#12358=CARTESIAN_POINT('',(-0.0881929016282555,-0.0204018191822194,-0.00391530403050371));
#12359=CARTESIAN_POINT('',(-0.0916666666666667,-0.00840783407052732,-0.00499389981396047));
#12360=CARTESIAN_POINT('',(-0.0939605557299415,-0.00939785753816861,-0.00490486892658008));
#12361=CARTESIAN_POINT('',(-0.108333333333333,-0.0156010289776072,-0.00434702976834104));
#12362=CARTESIAN_POINT('',(-0.122706110936725,-0.021804200417046,-0.00378919061010199));
#12363=CARTESIAN_POINT('',(-0.125,-0.0227942238846872,-0.0037001597227216));
#12364=CARTESIAN_POINT('',(-0.124307098371745,-0.025186628587155,-0.0034850154149395));
#12365=CARTESIAN_POINT('',(-0.122916666666667,-0.0299874187917672,-0.00305328967710218));
#12366=CARTESIAN_POINT('',(-0.121526234961589,-0.0347882089963793,-0.00262156393926485));
#12367=CARTESIAN_POINT('',(-0.120833333333333,-0.0371806136988471,-0.00240641963148274));
#12368=CARTESIAN_POINT('',(-0.118539444270058,-0.0361905902312058,-0.00249545051886313));
#12369=CARTESIAN_POINT('',(-0.104166666666667,-0.0299874187917672,-0.00305328967710218));
#12370=CARTESIAN_POINT('',(-0.0897938890632748,-0.0237842473523285,-0.00361112883534121));
#12371=CARTESIAN_POINT('',(-0.0875,-0.0227942238846872,-0.0037001597227216));
#12372=CARTESIAN_POINT('',(0.08125,0.0419445302790323,-0.00952199013329649));
#12373=CARTESIAN_POINT('',(0.0798595682949221,0.0467453204836444,-0.00995371587113382));
#12374=CARTESIAN_POINT('',(0.0826404317050779,0.0371437400744201,-0.00909026439545916));
#12375=CARTESIAN_POINT('',(0.0791666666666667,0.0491377251861122,-0.0101688601789159));
#12376=CARTESIAN_POINT('',(0.0768727776033919,0.0481477017184709,-0.0100798292915355));
#12377=CARTESIAN_POINT('',(0.0625,0.0419445302790323,-0.00952199013329649));
#12378=CARTESIAN_POINT('',(0.0481272223966082,0.0357413588395936,-0.00896415097505745));
#12379=CARTESIAN_POINT('',(0.0458333333333333,0.0347513353719523,-0.00887512008767706));
#12380=CARTESIAN_POINT('',(0.0465262349615888,0.0323589306694846,-0.00865997577989495));
#12381=CARTESIAN_POINT('',(0.0479166666666667,0.0275581404648724,-0.00822825004205763));
#12382=CARTESIAN_POINT('',(0.0493070983717446,0.0227573502602602,-0.0077965243042203));
#12383=CARTESIAN_POINT('',(0.05,0.0203649455577924,-0.0075813799964382));
#12384=CARTESIAN_POINT('',(0.052293889063275,0.0213549690254338,-0.00767041088381859));
#12385=CARTESIAN_POINT('',(0.0666666666666668,0.0275581404648724,-0.00822825004205763));
#12386=CARTESIAN_POINT('',(0.0810394442700585,0.033761311904311,-0.00878608920029667));
#12387=CARTESIAN_POINT('',(0.0833333333333333,0.0347513353719523,-0.00887512008767706));
#12388=CARTESIAN_POINT('',(0.04375,0.0419445302790323,-0.00952199013329649));
#12389=CARTESIAN_POINT('',(0.0423595682949221,0.0467453204836444,-0.00995371587113382));
#12390=CARTESIAN_POINT('',(0.0451404317050779,0.0371437400744201,-0.00909026439545916));
#12391=CARTESIAN_POINT('',(0.0416666666666667,0.0491377251861122,-0.0101688601789159));
#12392=CARTESIAN_POINT('',(0.0393727776033918,0.0481477017184709,-0.0100798292915355));
#12393=CARTESIAN_POINT('',(0.025,0.0419445302790323,-0.00952199013329649));
#12394=CARTESIAN_POINT('',(0.0106272223966081,0.0357413588395936,-0.00896415097505744));
#12395=CARTESIAN_POINT('',(0.00833333333333333,0.0347513353719523,-0.00887512008767706));
#12396=CARTESIAN_POINT('',(0.00902623496158878,0.0323589306694846,-0.00865997577989495));
#12397=CARTESIAN_POINT('',(0.0104166666666667,0.0275581404648724,-0.00822825004205762));
#12398=CARTESIAN_POINT('',(0.0118070983717445,0.0227573502602602,-0.0077965243042203));
#12399=CARTESIAN_POINT('',(0.0125,0.0203649455577924,-0.00758137999643819));
#12400=CARTESIAN_POINT('',(0.0147938890632748,0.0213549690254337,-0.00767041088381858));
#12401=CARTESIAN_POINT('',(0.0291666666666666,0.0275581404648724,-0.00822825004205762));
#12402=CARTESIAN_POINT('',(0.0435394442700585,0.0337613119043111,-0.00878608920029667));
#12403=CARTESIAN_POINT('',(0.0458333333333333,0.0347513353719523,-0.00887512008767706));
#12404=CARTESIAN_POINT('',(0.00625,0.0419445302790323,-0.00952199013329649));
#12405=CARTESIAN_POINT('',(0.00485956829492212,0.0467453204836444,-0.00995371587113382));
#12406=CARTESIAN_POINT('',(0.00764043170507788,0.0371437400744201,-0.00909026439545916));
#12407=CARTESIAN_POINT('',(0.00416666666666666,0.0491377251861122,-0.0101688601789159));
#12408=CARTESIAN_POINT('',(0.00187277760339187,0.0481477017184709,-0.0100798292915355));
#12409=CARTESIAN_POINT('',(-0.0125,0.0419445302790323,-0.00952199013329649));
#12410=CARTESIAN_POINT('',(-0.0268727776033919,0.0357413588395935,-0.00896415097505744));
#12411=CARTESIAN_POINT('',(-0.0291666666666666,0.0347513353719523,-0.00887512008767706));
#12412=CARTESIAN_POINT('',(-0.0284737650384112,0.0323589306694846,-0.00865997577989495));
#12413=CARTESIAN_POINT('',(-0.0270833333333334,0.0275581404648724,-0.00822825004205762));
#12414=CARTESIAN_POINT('',(-0.0256929016282555,0.0227573502602602,-0.0077965243042203));
#12415=CARTESIAN_POINT('',(-0.025,0.0203649455577924,-0.0075813799964382));
#12416=CARTESIAN_POINT('',(-0.0227061109367251,0.0213549690254338,-0.00767041088381859));
#12417=CARTESIAN_POINT('',(-0.0083333333333333,0.0275581404648724,-0.00822825004205762));
#12418=CARTESIAN_POINT('',(0.00603944427005852,0.033761311904311,-0.00878608920029667));
#12419=CARTESIAN_POINT('',(0.00833333333333333,0.0347513353719523,-0.00887512008767706));
#12420=CARTESIAN_POINT('',(-0.03125,0.0419445302790323,-0.00952199013329649));
#12421=CARTESIAN_POINT('',(-0.0326404317050779,0.0467453204836445,-0.00995371587113382));
#12422=CARTESIAN_POINT('',(-0.0298595682949221,0.0371437400744201,-0.00909026439545916));
#12423=CARTESIAN_POINT('',(-0.0333333333333333,0.0491377251861122,-0.0101688601789159));
#12424=CARTESIAN_POINT('',(-0.0356272223966081,0.0481477017184709,-0.0100798292915355));
#12425=CARTESIAN_POINT('',(-0.05,0.0419445302790323,-0.00952199013329649));
#12426=CARTESIAN_POINT('',(-0.0643727776033918,0.0357413588395936,-0.00896415097505745));
#12427=CARTESIAN_POINT('',(-0.0666666666666667,0.0347513353719523,-0.00887512008767706));
#12428=CARTESIAN_POINT('',(-0.0659737650384112,0.0323589306694846,-0.00865997577989495));
#12429=CARTESIAN_POINT('',(-0.0645833333333333,0.0275581404648724,-0.00822825004205763));
#12430=CARTESIAN_POINT('',(-0.0631929016282555,0.0227573502602602,-0.0077965243042203));
#12431=CARTESIAN_POINT('',(-0.0625,0.0203649455577924,-0.00758137999643819));
#12432=CARTESIAN_POINT('',(-0.0602061109367252,0.0213549690254337,-0.00767041088381858));
#12433=CARTESIAN_POINT('',(-0.0458333333333333,0.0275581404648724,-0.00822825004205762));
#12434=CARTESIAN_POINT('',(-0.0314605557299415,0.033761311904311,-0.00878608920029667));
#12435=CARTESIAN_POINT('',(-0.0291666666666666,0.0347513353719523,-0.00887512008767706));
#12436=CARTESIAN_POINT('',(-0.135416666666667,0.0131717506507125,-0.00693450995081876));
#12437=CARTESIAN_POINT('',(-0.136807098371745,0.0179725408553247,-0.00736623568865609));
#12438=CARTESIAN_POINT('',(-0.134026234961589,0.00837096044610035,-0.00650278421298144));
#12439=CARTESIAN_POINT('',(-0.1375,0.0203649455577924,-0.0075813799964382));
#12440=CARTESIAN_POINT('',(-0.139793889063275,0.0193749220901511,-0.00749234910905781));
#12441=CARTESIAN_POINT('',(-0.144896944531637,0.0171724857338168,-0.00729428828564072));
#12442=CARTESIAN_POINT('',(-0.15,0.0149700493774825,-0.00709622746222362));
#12443=CARTESIAN_POINT('',(-0.15,0.00687770510701758,-0.00636849866090176));
#12444=CARTESIAN_POINT('',(-0.15,-0.00121463916344735,-0.0056407698595799));
#12445=CARTESIAN_POINT('',(-0.142813611198304,0.00188694655627196,-0.00591968943869942));
#12446=CARTESIAN_POINT('',(-0.135627222396608,0.00498853227599129,-0.00619860901781894));
#12447=CARTESIAN_POINT('',(-0.133333333333333,0.00597855574363257,-0.00628763990519933));
#12448=CARTESIAN_POINT('',(-0.10625,0.0419445302790323,-0.00952199013329649));
#12449=CARTESIAN_POINT('',(-0.107640431705078,0.0467453204836445,-0.00995371587113382));
#12450=CARTESIAN_POINT('',(-0.104859568294922,0.0371437400744201,-0.00909026439545916));
#12451=CARTESIAN_POINT('',(-0.108333333333333,0.0491377251861122,-0.0101688601789159));
#12452=CARTESIAN_POINT('',(-0.110627222396608,0.048147701718471,-0.0100798292915355));
#12453=CARTESIAN_POINT('',(-0.125,0.0419445302790323,-0.00952199013329649));
#12454=CARTESIAN_POINT('',(-0.139372777603392,0.0357413588395936,-0.00896415097505745));
#12455=CARTESIAN_POINT('',(-0.141666666666667,0.0347513353719523,-0.00887512008767706));
#12456=CARTESIAN_POINT('',(-0.140973765038411,0.0323589306694846,-0.00865997577989496));
#12457=CARTESIAN_POINT('',(-0.139583333333333,0.0275581404648724,-0.00822825004205763));
#12458=CARTESIAN_POINT('',(-0.138192901628255,0.0227573502602602,-0.0077965243042203));
#12459=CARTESIAN_POINT('',(-0.1375,0.0203649455577924,-0.00758137999643819));
#12460=CARTESIAN_POINT('',(-0.135206110936725,0.0213549690254338,-0.00767041088381859));
#12461=CARTESIAN_POINT('',(-0.120833333333333,0.0275581404648724,-0.00822825004205763));
#12462=CARTESIAN_POINT('',(-0.106460555729941,0.0337613119043111,-0.00878608920029667));
#12463=CARTESIAN_POINT('',(-0.104166666666667,0.0347513353719523,-0.00887512008767706));
#12464=CARTESIAN_POINT('',(-0.14375,0.0419445302790323,-0.00952199013329649));
#12465=CARTESIAN_POINT('',(-0.145140431705078,0.0467453204836445,-0.00995371587113382));
#12466=CARTESIAN_POINT('',(-0.142359568294922,0.0371437400744202,-0.00909026439545916));
#12467=CARTESIAN_POINT('',(-0.145833333333333,0.0491377251861122,-0.0101688601789159));
#12468=CARTESIAN_POINT('',(-0.148127222396608,0.0481477017184709,-0.0100798292915355));
#12469=CARTESIAN_POINT('',(-0.149063611198304,0.0477435640889066,-0.0100434859795233));
#12470=CARTESIAN_POINT('',(-0.15,0.0473394264593423,-0.0100071426675111));
#12471=CARTESIAN_POINT('',(-0.15,0.0392470821888773,-0.00927941386618921));
#12472=CARTESIAN_POINT('',(-0.15,0.0311547379184124,-0.00855168506486735));
#12473=CARTESIAN_POINT('',(-0.146980277864971,0.0324580249113618,-0.00866888713258201));
#12474=CARTESIAN_POINT('',(-0.143960555729941,0.0337613119043111,-0.00878608920029667));
#12475=CARTESIAN_POINT('',(-0.141666666666667,0.0347513353719524,-0.00887512008767706));
#12476=CARTESIAN_POINT('',(-0.06875,0.0419445302790323,-0.00952199013329649));
#12477=CARTESIAN_POINT('',(-0.0701404317050779,0.0467453204836444,-0.00995371587113382));
#12478=CARTESIAN_POINT('',(-0.0673595682949221,0.0371437400744201,-0.00909026439545916));
#12479=CARTESIAN_POINT('',(-0.0708333333333334,0.0491377251861122,-0.0101688601789159));
#12480=CARTESIAN_POINT('',(-0.0731272223966081,0.0481477017184709,-0.0100798292915355));
#12481=CARTESIAN_POINT('',(-0.0875,0.0419445302790323,-0.00952199013329649));
#12482=CARTESIAN_POINT('',(-0.101872777603392,0.0357413588395936,-0.00896415097505745));
#12483=CARTESIAN_POINT('',(-0.104166666666667,0.0347513353719523,-0.00887512008767706));
#12484=CARTESIAN_POINT('',(-0.103473765038411,0.0323589306694846,-0.00865997577989496));
#12485=CARTESIAN_POINT('',(-0.102083333333333,0.0275581404648724,-0.00822825004205763));
#12486=CARTESIAN_POINT('',(-0.100692901628255,0.0227573502602602,-0.0077965243042203));
#12487=CARTESIAN_POINT('',(-0.1,0.0203649455577924,-0.00758137999643819));
#12488=CARTESIAN_POINT('',(-0.0977061109367252,0.0213549690254338,-0.00767041088381859));
#12489=CARTESIAN_POINT('',(-0.0833333333333333,0.0275581404648724,-0.00822825004205763));
#12490=CARTESIAN_POINT('',(-0.0689605557299415,0.0337613119043111,-0.00878608920029667));
#12491=CARTESIAN_POINT('',(-0.0666666666666667,0.0347513353719523,-0.00887512008767706));
#12492=CARTESIAN_POINT('',(-0.0979166666666667,0.0131717506507125,-0.00693450995081876));
#12493=CARTESIAN_POINT('',(-0.0993070983717445,0.0179725408553247,-0.00736623568865609));
#12494=CARTESIAN_POINT('',(-0.0965262349615888,0.00837096044610032,-0.00650278421298143));
#12495=CARTESIAN_POINT('',(-0.1,0.0203649455577924,-0.00758137999643819));
#12496=CARTESIAN_POINT('',(-0.102293889063275,0.0193749220901512,-0.00749234910905781));
#12497=CARTESIAN_POINT('',(-0.116666666666667,0.0131717506507125,-0.00693450995081877));
#12498=CARTESIAN_POINT('',(-0.131039444270058,0.0069685792112739,-0.00637667079257972));
#12499=CARTESIAN_POINT('',(-0.133333333333333,0.00597855574363255,-0.00628763990519933));
#12500=CARTESIAN_POINT('',(-0.132640431705078,0.0035861510411648,-0.00607249559741723));
#12501=CARTESIAN_POINT('',(-0.13125,-0.00121463916344739,-0.0056407698595799));
#12502=CARTESIAN_POINT('',(-0.129859568294922,-0.00601542936805956,-0.00520904412174257));
#12503=CARTESIAN_POINT('',(-0.129166666666667,-0.00840783407052736,-0.00499389981396047));
#12504=CARTESIAN_POINT('',(-0.126872777603392,-0.00741781060288606,-0.00508293070134086));
#12505=CARTESIAN_POINT('',(-0.1125,-0.00121463916344739,-0.0056407698595799));
#12506=CARTESIAN_POINT('',(-0.0981272223966081,0.00498853227599126,-0.00619860901781894));
#12507=CARTESIAN_POINT('',(-0.0958333333333333,0.00597855574363254,-0.00628763990519933));
#12508=CARTESIAN_POINT('',(-0.0604166666666667,0.0131717506507125,-0.00693450995081876));
#12509=CARTESIAN_POINT('',(-0.0618070983717446,0.0179725408553247,-0.00736623568865609));
#12510=CARTESIAN_POINT('',(-0.0590262349615888,0.00837096044610031,-0.00650278421298143));
#12511=CARTESIAN_POINT('',(-0.0625,0.0203649455577924,-0.00758137999643819));
#12512=CARTESIAN_POINT('',(-0.0647938890632748,0.0193749220901511,-0.0074923491090578));
#12513=CARTESIAN_POINT('',(-0.0791666666666667,0.0131717506507125,-0.00693450995081876));
#12514=CARTESIAN_POINT('',(-0.0935394442700585,0.00696857921127382,-0.00637667079257972));
#12515=CARTESIAN_POINT('',(-0.0958333333333333,0.00597855574363257,-0.00628763990519933));
#12516=CARTESIAN_POINT('',(-0.0951404317050779,0.00358615104116477,-0.00607249559741723));
#12517=CARTESIAN_POINT('',(-0.09375,-0.00121463916344739,-0.0056407698595799));
#12518=CARTESIAN_POINT('',(-0.0923595682949221,-0.00601542936805956,-0.00520904412174257));
#12519=CARTESIAN_POINT('',(-0.0916666666666667,-0.00840783407052733,-0.00499389981396047));
#12520=CARTESIAN_POINT('',(-0.0893727776033919,-0.00741781060288604,-0.00508293070134086));
#12521=CARTESIAN_POINT('',(-0.075,-0.00121463916344739,-0.0056407698595799));
#12522=CARTESIAN_POINT('',(-0.0606272223966081,0.00498853227599126,-0.00619860901781894));
#12523=CARTESIAN_POINT('',(-0.0583333333333333,0.00597855574363255,-0.00628763990519933));
#12524=CARTESIAN_POINT('',(-0.0229166666666667,0.0131717506507125,-0.00693450995081876));
#12525=CARTESIAN_POINT('',(-0.0243070983717446,0.0179725408553247,-0.00736623568865609));
#12526=CARTESIAN_POINT('',(-0.0215262349615888,0.00837096044610032,-0.00650278421298144));
#12527=CARTESIAN_POINT('',(-0.025,0.0203649455577924,-0.0075813799964382));
#12528=CARTESIAN_POINT('',(-0.0272938890632748,0.0193749220901512,-0.00749234910905781));
#12529=CARTESIAN_POINT('',(-0.0416666666666667,0.0131717506507125,-0.00693450995081876));
#12530=CARTESIAN_POINT('',(-0.0560394442700585,0.00696857921127383,-0.00637667079257972));
#12531=CARTESIAN_POINT('',(-0.0583333333333333,0.00597855574363255,-0.00628763990519933));
#12532=CARTESIAN_POINT('',(-0.0576404317050779,0.00358615104116477,-0.00607249559741723));
#12533=CARTESIAN_POINT('',(-0.05625,-0.00121463916344739,-0.0056407698595799));
#12534=CARTESIAN_POINT('',(-0.0548595682949221,-0.00601542936805955,-0.00520904412174257));
#12535=CARTESIAN_POINT('',(-0.0541666666666667,-0.00840783407052731,-0.00499389981396047));
#12536=CARTESIAN_POINT('',(-0.0518727776033919,-0.00741781060288604,-0.00508293070134086));
#12537=CARTESIAN_POINT('',(-0.0375,-0.00121463916344739,-0.0056407698595799));
#12538=CARTESIAN_POINT('',(-0.0231272223966081,0.00498853227599127,-0.00619860901781894));
#12539=CARTESIAN_POINT('',(-0.0208333333333333,0.00597855574363255,-0.00628763990519933));
#12540=CARTESIAN_POINT('',(0.0145833333333333,0.0131717506507125,-0.00693450995081876));
#12541=CARTESIAN_POINT('',(0.0131929016282554,0.0179725408553247,-0.00736623568865609));
#12542=CARTESIAN_POINT('',(0.0159737650384112,0.00837096044610031,-0.00650278421298143));
#12543=CARTESIAN_POINT('',(0.0125,0.0203649455577924,-0.00758137999643819));
#12544=CARTESIAN_POINT('',(0.0102061109367252,0.0193749220901511,-0.0074923491090578));
#12545=CARTESIAN_POINT('',(-0.00416666666666668,0.0131717506507125,-0.00693450995081876));
#12546=CARTESIAN_POINT('',(-0.0185394442700585,0.00696857921127386,-0.00637667079257972));
#12547=CARTESIAN_POINT('',(-0.0208333333333333,0.00597855574363255,-0.00628763990519933));
#12548=CARTESIAN_POINT('',(-0.0201404317050779,0.00358615104116478,-0.00607249559741723));
#12549=CARTESIAN_POINT('',(-0.01875,-0.00121463916344739,-0.0056407698595799));
#12550=CARTESIAN_POINT('',(-0.0173595682949221,-0.00601542936805957,-0.00520904412174257));
#12551=CARTESIAN_POINT('',(-0.0166666666666666,-0.00840783407052733,-0.00499389981396047));
#12552=CARTESIAN_POINT('',(-0.0143727776033919,-0.00741781060288605,-0.00508293070134086));
#12553=CARTESIAN_POINT('',(-9.54097911787244E-18,-0.0012146391634474,-0.0056407698595799));
#12554=CARTESIAN_POINT('',(0.0143727776033918,0.00498853227599126,-0.00619860901781894));
#12555=CARTESIAN_POINT('',(0.0166666666666666,0.00597855574363254,-0.00628763990519933));
#12556=CARTESIAN_POINT('',(0.0520833333333333,0.0131717506507125,-0.00693450995081876));
#12557=CARTESIAN_POINT('',(0.0506929016282555,0.0179725408553247,-0.00736623568865609));
#12558=CARTESIAN_POINT('',(0.0534737650384112,0.0083709604461003,-0.00650278421298143));
#12559=CARTESIAN_POINT('',(0.05,0.0203649455577925,-0.0075813799964382));
#12560=CARTESIAN_POINT('',(0.0477061109367254,0.0193749220901512,-0.00749234910905781));
#12561=CARTESIAN_POINT('',(0.0333333333333334,0.0131717506507125,-0.00693450995081877));
#12562=CARTESIAN_POINT('',(0.0189605557299415,0.00696857921127383,-0.00637667079257972));
#12563=CARTESIAN_POINT('',(0.0166666666666666,0.00597855574363254,-0.00628763990519933));
#12564=CARTESIAN_POINT('',(0.0173595682949221,0.00358615104116477,-0.00607249559741723));
#12565=CARTESIAN_POINT('',(0.01875,-0.0012146391634474,-0.0056407698595799));
#12566=CARTESIAN_POINT('',(0.0201404317050779,-0.00601542936805958,-0.00520904412174257));
#12567=CARTESIAN_POINT('',(0.0208333333333333,-0.00840783407052735,-0.00499389981396047));
#12568=CARTESIAN_POINT('',(0.0231272223966081,-0.00741781060288606,-0.00508293070134086));
#12569=CARTESIAN_POINT('',(0.0375,-0.00121463916344741,-0.0056407698595799));
#12570=CARTESIAN_POINT('',(0.0518727776033919,0.00498853227599125,-0.00619860901781894));
#12571=CARTESIAN_POINT('',(0.0541666666666667,0.00597855574363253,-0.00628763990519933));
#12572=CARTESIAN_POINT('',(0.0708333333333333,0.0131717506507125,-0.00693450995081876));
#12573=CARTESIAN_POINT('',(0.0564605557299415,0.00696857921127382,-0.00637667079257972));
#12574=CARTESIAN_POINT('',(0.0852061109367252,0.0193749220901511,-0.0074923491090578));
#12575=CARTESIAN_POINT('',(0.0541666666666667,0.00597855574363254,-0.00628763990519933));
#12576=CARTESIAN_POINT('',(0.0548595682949221,0.00358615104116476,-0.00607249559741723));
#12577=CARTESIAN_POINT('',(0.05625,-0.0012146391634474,-0.0056407698595799));
#12578=CARTESIAN_POINT('',(0.0576404317050779,-0.00601542936805957,-0.00520904412174257));
#12579=CARTESIAN_POINT('',(0.0583333333333333,-0.00840783407052733,-0.00499389981396047));
#12580=CARTESIAN_POINT('',(0.0606272223966081,-0.00741781060288605,-0.00508293070134086));
#12581=CARTESIAN_POINT('',(0.075,-0.0012146391634474,-0.0056407698595799));
#12582=CARTESIAN_POINT('',(0.0893727776033919,0.00498853227599126,-0.00619860901781894));
#12583=CARTESIAN_POINT('',(0.0916666666666667,0.00597855574363253,-0.00628763990519933));
#12584=CARTESIAN_POINT('',(0.0909737650384112,0.00837096044610031,-0.00650278421298143));
#12585=CARTESIAN_POINT('',(0.0895833333333333,0.0131717506507125,-0.00693450995081876));
#12586=CARTESIAN_POINT('',(0.0881929016282555,0.0179725408553247,-0.00736623568865609));
#12587=CARTESIAN_POINT('',(0.0875,0.0203649455577924,-0.00758137999643819));
#12588=CARTESIAN_POINT('',(0.127083333333333,0.0131717506507125,-0.00693450995081876));
#12589=CARTESIAN_POINT('',(0.125692901628255,0.0179725408553247,-0.00736623568865609));
#12590=CARTESIAN_POINT('',(0.128473765038411,0.00837096044610028,-0.00650278421298143));
#12591=CARTESIAN_POINT('',(0.125,0.0203649455577924,-0.00758137999643819));
#12592=CARTESIAN_POINT('',(0.122706110936725,0.0193749220901511,-0.0074923491090578));
#12593=CARTESIAN_POINT('',(0.108333333333333,0.0131717506507125,-0.00693450995081876));
#12594=CARTESIAN_POINT('',(0.0939605557299415,0.00696857921127383,-0.00637667079257972));
#12595=CARTESIAN_POINT('',(0.0916666666666667,0.00597855574363253,-0.00628763990519933));
#12596=CARTESIAN_POINT('',(0.0923595682949221,0.00358615104116477,-0.00607249559741723));
#12597=CARTESIAN_POINT('',(0.09375,-0.00121463916344741,-0.0056407698595799));
#12598=CARTESIAN_POINT('',(0.0951404317050779,-0.00601542936805959,-0.00520904412174257));
#12599=CARTESIAN_POINT('',(0.0958333333333333,-0.00840783407052737,-0.00499389981396047));
#12600=CARTESIAN_POINT('',(0.0981272223966081,-0.00741781060288608,-0.00508293070134086));
#12601=CARTESIAN_POINT('',(0.1125,-0.00121463916344743,-0.0056407698595799));
#12602=CARTESIAN_POINT('',(0.126872777603392,0.00498853227599124,-0.00619860901781894));
#12603=CARTESIAN_POINT('',(0.129166666666667,0.0059785557436325,-0.00628763990519933));
#12604=CARTESIAN_POINT('',(0.140730277864971,0.0109693142943781,-0.00673644912740167));
#12605=CARTESIAN_POINT('',(0.131460555729941,0.00696857921127378,-0.00637667079257972));
#12606=CARTESIAN_POINT('',(0.15,0.0149700493774824,-0.00709622746222362));
#12607=CARTESIAN_POINT('',(0.129166666666667,0.00597855574363249,-0.00628763990519933));
#12608=CARTESIAN_POINT('',(0.129859568294922,0.00358615104116473,-0.00607249559741722));
#12609=CARTESIAN_POINT('',(0.13125,-0.00121463916344743,-0.0056407698595799));
#12610=CARTESIAN_POINT('',(0.132640431705078,-0.00601542936805961,-0.00520904412174257));
#12611=CARTESIAN_POINT('',(0.133333333333333,-0.0084078340705274,-0.00499389981396046));
#12612=CARTESIAN_POINT('',(0.135627222396608,-0.0074178106028861,-0.00508293070134085));
#12613=CARTESIAN_POINT('',(0.142813611198304,-0.00431622488316676,-0.00536185028046038));
#12614=CARTESIAN_POINT('',(0.15,-0.00121463916344742,-0.0056407698595799));
#12615=CARTESIAN_POINT('',(0.15,0.0068777051070175,-0.00636849866090176));
#12616=CARTESIAN_POINT('',(-0.148263117480794,0.0575271224444261,-0.0109233023784264));
#12617=CARTESIAN_POINT('',(-0.15,0.0635241150002721,-0.0114626002701548));
#12618=CARTESIAN_POINT('',(-0.146526234961589,0.05153012988858,-0.010384004486698));
#12619=CARTESIAN_POINT('',(-0.145833333333333,0.0491377251861122,-0.0101688601789159));
#12620=CARTESIAN_POINT('',(-0.143539444270058,0.0501277486537535,-0.0102578910662963));
#12621=CARTESIAN_POINT('',(-0.129166666666667,0.0563309200931922,-0.0108157302245354));
#12622=CARTESIAN_POINT('',(-0.114793889063275,0.0625340915326308,-0.0113735693827744));
#12623=CARTESIAN_POINT('',(-0.1125,0.063524115000272,-0.0114626002701548));
#12624=CARTESIAN_POINT('',(-0.115,0.0635241150002721,-0.0114626002701548));
#12625=CARTESIAN_POINT('',(-0.1325,0.0635241150002721,-0.0114626002701548));
#12626=CARTESIAN_POINT('',(0.11875,0.0419445302790322,-0.00952199013329649));
#12627=CARTESIAN_POINT('',(0.117359568294922,0.0467453204836444,-0.00995371587113381));
#12628=CARTESIAN_POINT('',(0.120140431705078,0.0371437400744201,-0.00909026439545916));
#12629=CARTESIAN_POINT('',(0.116666666666667,0.0491377251861121,-0.0101688601789159));
#12630=CARTESIAN_POINT('',(0.114372777603392,0.0481477017184709,-0.0100798292915355));
#12631=CARTESIAN_POINT('',(0.1,0.0419445302790323,-0.00952199013329649));
#12632=CARTESIAN_POINT('',(0.0856272223966082,0.0357413588395936,-0.00896415097505744));
#12633=CARTESIAN_POINT('',(0.0833333333333333,0.0347513353719523,-0.00887512008767706));
#12634=CARTESIAN_POINT('',(0.0840262349615888,0.0323589306694846,-0.00865997577989495));
#12635=CARTESIAN_POINT('',(0.0854166666666667,0.0275581404648724,-0.00822825004205762));
#12636=CARTESIAN_POINT('',(0.0868070983717445,0.0227573502602602,-0.0077965243042203));
#12637=CARTESIAN_POINT('',(0.0875,0.0203649455577923,-0.00758137999643819));
#12638=CARTESIAN_POINT('',(0.0897938890632748,0.0213549690254337,-0.00767041088381858));
#12639=CARTESIAN_POINT('',(0.104166666666667,0.0275581404648724,-0.00822825004205762));
#12640=CARTESIAN_POINT('',(0.118539444270058,0.033761311904311,-0.00878608920029667));
#12641=CARTESIAN_POINT('',(0.120833333333333,0.0347513353719523,-0.00887512008767705));
#12642=CARTESIAN_POINT('',(-0.1545,4.85722573273506E-17,-0.00575000000018085));
#12643=CARTESIAN_POINT('',(-0.1545,0.0665120575001361,-0.0117313001352582));
#12644=CARTESIAN_POINT('',(-0.1575,0.0665120575001361,-0.0117313001352582));
#12645=CARTESIAN_POINT('',(0.1545,0.0665120575001361,-0.0117313001352582));
#12646=CARTESIAN_POINT('',(0.1545,0.0695,-0.0120000000003617));
#12647=CARTESIAN_POINT('',(0.15,-0.057861049056702,-0.000546668250326869));
#12648=CARTESIAN_POINT('',(0.15,-0.049768704786237,-0.00127439705164873));
#12649=CARTESIAN_POINT('',(0.149063611198304,-0.0501728424158014,-0.0012380537396365));
#12650=CARTESIAN_POINT('',(0.148127222396608,-0.0505769800453658,-0.00120171042762426));
#12651=CARTESIAN_POINT('',(0.145833333333333,-0.0515670035130071,-0.00111267954024387));
#12652=CARTESIAN_POINT('',(0.146526234961589,-0.0539594082154748,-0.00089753523246177));
#12653=CARTESIAN_POINT('',(0.148263117480794,-0.0599564007713209,-0.000358237340733391));
#12654=CARTESIAN_POINT('',(0.128019722135029,-0.0592552101539076,-0.00042129405093425));
#12655=CARTESIAN_POINT('',(0.143539444270058,-0.0525570269806483,-0.00102364865286348));
#12656=CARTESIAN_POINT('',(0.145833333333333,-0.051567003513007,-0.00111267954024387));
#12657=CARTESIAN_POINT('',(0.145140431705078,-0.0491745988105393,-0.00132782384802598));
#12658=CARTESIAN_POINT('',(0.14375,-0.0443738086059271,-0.00175954958586331));
#12659=CARTESIAN_POINT('',(0.142359568294922,-0.0395730184013149,-0.00219127532370063));
#12660=CARTESIAN_POINT('',(0.141666666666667,-0.0371806136988472,-0.00240641963148273));
#12661=CARTESIAN_POINT('',(0.139372777603392,-0.0381706371664884,-0.00231738874410235));
#12662=CARTESIAN_POINT('',(0.125,-0.0443738086059271,-0.00175954958586331));
#12663=CARTESIAN_POINT('',(0.110627222396608,-0.0505769800453657,-0.00120171042762426));
#12664=CARTESIAN_POINT('',(0.108333333333333,-0.051567003513007,-0.00111267954024388));
#12665=CARTESIAN_POINT('',(0.109026234961589,-0.0539594082154748,-0.000897535232461772));
#12666=CARTESIAN_POINT('',(0.110763117480794,-0.0599564007713208,-0.000358237340733391));
#12667=CARTESIAN_POINT('',(0.0905197221350293,-0.0592552101539076,-0.00042129405093425));
#12668=CARTESIAN_POINT('',(0.106039444270058,-0.0525570269806483,-0.00102364865286348));
#12669=CARTESIAN_POINT('',(0.108333333333333,-0.051567003513007,-0.00111267954024388));
#12670=CARTESIAN_POINT('',(0.107640431705078,-0.0491745988105392,-0.00132782384802598));
#12671=CARTESIAN_POINT('',(0.10625,-0.0443738086059271,-0.00175954958586331));
#12672=CARTESIAN_POINT('',(0.104859568294922,-0.0395730184013149,-0.00219127532370063));
#12673=CARTESIAN_POINT('',(0.104166666666667,-0.0371806136988472,-0.00240641963148273));
#12674=CARTESIAN_POINT('',(0.101872777603392,-0.0381706371664884,-0.00231738874410235));
#12675=CARTESIAN_POINT('',(0.0875,-0.0443738086059271,-0.00175954958586331));
#12676=CARTESIAN_POINT('',(0.0731272223966081,-0.0505769800453657,-0.00120171042762426));
#12677=CARTESIAN_POINT('',(0.0708333333333334,-0.051567003513007,-0.00111267954024387));
#12678=CARTESIAN_POINT('',(0.0715262349615888,-0.0539594082154748,-0.00089753523246177));
#12679=CARTESIAN_POINT('',(0.0732631174807944,-0.0599564007713209,-0.000358237340733391));
#12680=CARTESIAN_POINT('',(0.0530197221350293,-0.0592552101539076,-0.00042129405093425));
#12681=CARTESIAN_POINT('',(0.0685394442700585,-0.0525570269806483,-0.00102364865286348));
#12682=CARTESIAN_POINT('',(0.0708333333333333,-0.051567003513007,-0.00111267954024387));
#12683=CARTESIAN_POINT('',(0.0701404317050779,-0.0491745988105393,-0.00132782384802598));
#12684=CARTESIAN_POINT('',(0.06875,-0.0443738086059271,-0.00175954958586331));
#12685=CARTESIAN_POINT('',(0.0673595682949221,-0.0395730184013149,-0.00219127532370063));
#12686=CARTESIAN_POINT('',(0.0666666666666667,-0.0371806136988471,-0.00240641963148274));
#12687=CARTESIAN_POINT('',(0.0643727776033918,-0.0381706371664884,-0.00231738874410235));
#12688=CARTESIAN_POINT('',(0.05,-0.0443738086059271,-0.00175954958586331));
#12689=CARTESIAN_POINT('',(0.0356272223966081,-0.0505769800453657,-0.00120171042762427));
#12690=CARTESIAN_POINT('',(0.0333333333333333,-0.051567003513007,-0.00111267954024388));
#12691=CARTESIAN_POINT('',(0.0340262349615887,-0.0539594082154748,-0.000897535232461774));
#12692=CARTESIAN_POINT('',(0.0357631174807944,-0.0599564007713208,-0.000358237340733392));
#12693=CARTESIAN_POINT('',(0.0155197221350292,-0.0592552101539076,-0.000421294050934252));
#12694=CARTESIAN_POINT('',(0.0310394442700585,-0.0525570269806483,-0.00102364865286349));
#12695=CARTESIAN_POINT('',(0.0333333333333333,-0.051567003513007,-0.00111267954024388));
#12696=CARTESIAN_POINT('',(0.0326404317050778,-0.0491745988105392,-0.00132782384802598));
#12697=CARTESIAN_POINT('',(0.03125,-0.0443738086059271,-0.00175954958586331));
#12698=CARTESIAN_POINT('',(0.0298595682949221,-0.0395730184013149,-0.00219127532370063));
#12699=CARTESIAN_POINT('',(0.0291666666666666,-0.0371806136988471,-0.00240641963148274));
#12700=CARTESIAN_POINT('',(0.0268727776033919,-0.0381706371664884,-0.00231738874410235));
#12701=CARTESIAN_POINT('',(0.0125,-0.0443738086059271,-0.00175954958586331));
#12702=CARTESIAN_POINT('',(-0.00187277760339186,-0.0505769800453657,-0.00120171042762426));
#12703=CARTESIAN_POINT('',(-0.00416666666666669,-0.051567003513007,-0.00111267954024388));
#12704=CARTESIAN_POINT('',(-0.00347376503841122,-0.0539594082154748,-0.000897535232461773));
#12705=CARTESIAN_POINT('',(-0.00173688251920562,-0.0599564007713208,-0.000358237340733394));
#12706=CARTESIAN_POINT('',(-0.0219802778649708,-0.0592552101539076,-0.000421294050934251));
#12707=CARTESIAN_POINT('',(-0.00646055572994148,-0.0525570269806483,-0.00102364865286349));
#12708=CARTESIAN_POINT('',(-0.00416666666666668,-0.051567003513007,-0.00111267954024388));
#12709=CARTESIAN_POINT('',(-0.00485956829492213,-0.0491745988105392,-0.00132782384802598));
#12710=CARTESIAN_POINT('',(-0.00625,-0.0443738086059271,-0.00175954958586331));
#12711=CARTESIAN_POINT('',(-0.0076404317050779,-0.0395730184013149,-0.00219127532370064));
#12712=CARTESIAN_POINT('',(-0.00833333333333335,-0.0371806136988471,-0.00240641963148274));
#12713=CARTESIAN_POINT('',(-0.0106272223966082,-0.0381706371664884,-0.00231738874410236));
#12714=CARTESIAN_POINT('',(-0.025,-0.0443738086059271,-0.00175954958586331));
#12715=CARTESIAN_POINT('',(-0.0393727776033919,-0.0505769800453657,-0.00120171042762427));
#12716=CARTESIAN_POINT('',(-0.0416666666666667,-0.051567003513007,-0.00111267954024388));
#12717=CARTESIAN_POINT('',(-0.0409737650384113,-0.0539594082154747,-0.000897535232461776));
#12718=CARTESIAN_POINT('',(-0.0392368825192057,-0.0599564007713208,-0.000358237340733395));
#12719=CARTESIAN_POINT('',(-0.0594802778649707,-0.0592552101539075,-0.000421294050934256));
#12720=CARTESIAN_POINT('',(-0.0439605557299415,-0.0525570269806483,-0.00102364865286349));
#12721=CARTESIAN_POINT('',(-0.0416666666666667,-0.051567003513007,-0.00111267954024388));
#12722=CARTESIAN_POINT('',(-0.0423595682949221,-0.0491745988105392,-0.00132782384802598));
#12723=CARTESIAN_POINT('',(-0.04375,-0.0443738086059271,-0.00175954958586331));
#12724=CARTESIAN_POINT('',(-0.0451404317050779,-0.0395730184013149,-0.00219127532370064));
#12725=CARTESIAN_POINT('',(-0.0458333333333333,-0.0371806136988471,-0.00240641963148274));
#12726=CARTESIAN_POINT('',(-0.0481272223966081,-0.0381706371664884,-0.00231738874410236));
#12727=CARTESIAN_POINT('',(-0.0625,-0.0443738086059271,-0.00175954958586331));
#12728=CARTESIAN_POINT('',(-0.0768727776033918,-0.0505769800453657,-0.00120171042762427));
#12729=CARTESIAN_POINT('',(-0.0791666666666667,-0.051567003513007,-0.00111267954024388));
#12730=CARTESIAN_POINT('',(-0.0784737650384112,-0.0539594082154747,-0.000897535232461776));
#12731=CARTESIAN_POINT('',(-0.0767368825192056,-0.0599564007713208,-0.000358237340733396));
#12732=CARTESIAN_POINT('',(-0.0969802778649707,-0.0592552101539076,-0.000421294050934254));
#12733=CARTESIAN_POINT('',(-0.0814605557299415,-0.0525570269806483,-0.00102364865286349));
#12734=CARTESIAN_POINT('',(-0.0791666666666667,-0.051567003513007,-0.00111267954024388));
#12735=CARTESIAN_POINT('',(-0.0798595682949221,-0.0491745988105392,-0.00132782384802598));
#12736=CARTESIAN_POINT('',(-0.08125,-0.0443738086059271,-0.00175954958586331));
#12737=CARTESIAN_POINT('',(-0.0826404317050779,-0.0395730184013149,-0.00219127532370064));
#12738=CARTESIAN_POINT('',(-0.0833333333333333,-0.0371806136988471,-0.00240641963148274));
#12739=CARTESIAN_POINT('',(-0.0856272223966082,-0.0381706371664884,-0.00231738874410235));
#12740=CARTESIAN_POINT('',(-0.1,-0.0443738086059271,-0.00175954958586331));
#12741=CARTESIAN_POINT('',(-0.114372777603392,-0.0505769800453657,-0.00120171042762427));
#12742=CARTESIAN_POINT('',(-0.116666666666667,-0.0515670035130069,-0.00111267954024388));
#12743=CARTESIAN_POINT('',(-0.115973765038411,-0.0539594082154747,-0.000897535232461776));
#12744=CARTESIAN_POINT('',(-0.114236882519206,-0.0599564007713208,-0.000358237340733396));
#12745=CARTESIAN_POINT('',(-0.134480277864971,-0.0592552101539076,-0.000421294050934252));
#12746=CARTESIAN_POINT('',(-0.118960555729941,-0.0525570269806483,-0.00102364865286349));
#12747=CARTESIAN_POINT('',(-0.116666666666667,-0.051567003513007,-0.00111267954024388));
#12748=CARTESIAN_POINT('',(-0.117359568294922,-0.0491745988105392,-0.00132782384802598));
#12749=CARTESIAN_POINT('',(-0.11875,-0.0443738086059271,-0.00175954958586331));
#12750=CARTESIAN_POINT('',(-0.120140431705078,-0.0395730184013149,-0.00219127532370064));
#12751=CARTESIAN_POINT('',(-0.120833333333333,-0.0371806136988471,-0.00240641963148274));
#12752=CARTESIAN_POINT('',(-0.123127222396608,-0.0381706371664884,-0.00231738874410236));
#12753=CARTESIAN_POINT('',(-0.136563611198304,-0.0439696709763627,-0.00179589289787555));
#12754=CARTESIAN_POINT('',(-0.15,-0.0497687047862369,-0.00127439705164874));
#12755=CARTESIAN_POINT('',(-0.15,-0.0578610490567019,-0.000546668250326877));
#12756=CARTESIAN_POINT('',(0.1575,0.0695,-0.00475000000036169));
#12757=CARTESIAN_POINT('',(-0.1545,0.0695,-0.0120000000003617));
#12758=CARTESIAN_POINT('',(-0.1545,0.0695,-0.00900000000036169));
#12759=CARTESIAN_POINT('',(0.1545,0.0695,-0.00475000000036169));
#12760=CARTESIAN_POINT('',(0.1545,0.0695,-0.00900000000036169));
#12761=CARTESIAN_POINT('',(0.1575,0.0695,-0.00900000000036169));
#12762=CARTESIAN_POINT('',(0.1575,9.71445146547012E-17,0.00152499999981916));
#12763=CARTESIAN_POINT('',(0.1575,0.0665,0.00152499999981916));
#12764=CARTESIAN_POINT('',(0.1575,0.0665,-0.00871810967089358));
#12765=CARTESIAN_POINT('',(0.1575,-0.0692313001348965,0.00348794249986397));
#12766=CARTESIAN_POINT('',(-0.1575,9.71445146547012E-17,0.00152499999981916));
#12767=CARTESIAN_POINT('',(-0.1575,0.0665,0.00249999999981916));
#12768=CARTESIAN_POINT('',(-0.1575,0.0665,-0.00871810967089358));
#12769=CARTESIAN_POINT('',(-0.1575,-0.000380278430105468,-0.00270369614283237));
#12770=CARTESIAN_POINT('',(-0.1575,-0.000380278430105468,-0.00270369614283237));
#12771=CARTESIAN_POINT('',(-0.1575,0.0665,-0.00871810967089358));
#12772=CARTESIAN_POINT('',(-0.1545,0.0695,-0.00475000000036169));
#12773=CARTESIAN_POINT('',(-0.1575,0.0665,-0.00871810967089358));
#12774=CARTESIAN_POINT('',(0.1575,0.0665,0.00152499999981916));
#12775=CARTESIAN_POINT('',(0.155859647814711,0.068140352185289,-0.00887224281021186));
#12776=CARTESIAN_POINT('',(0.1545,4.85722573273506E-17,-0.00575000000018085));
#12777=CARTESIAN_POINT('',(0.1545,0.0665120575001361,-0.0117313001352582));
#12778=CARTESIAN_POINT('',(-0.0767368825192056,-0.0597772675279185,0.00163372432584259));
#12779=CARTESIAN_POINT('',(-0.0784737650384112,-0.0537802749720724,0.00109442643411421));
#12780=CARTESIAN_POINT('',(-0.0791666666666667,-0.0513878702696047,0.000879282126332102));
#12781=CARTESIAN_POINT('',(-0.0768727776033918,-0.0503978468019634,0.000790251238951714));
#12782=CARTESIAN_POINT('',(-0.0625,-0.0441946753625247,0.000232412080712672));
#12783=CARTESIAN_POINT('',(-0.0625,-0.0441946753625247,0.000232412080712672));
#12784=CARTESIAN_POINT('',(-0.0481272223966081,-0.0379915039230861,-0.000325427077526369));
#12785=CARTESIAN_POINT('',(-0.0481272223966081,-0.0379915039230861,-0.000325427077526369));
#12786=CARTESIAN_POINT('',(-0.04375,-0.0441946753625247,0.000232412080712673));
#12787=CARTESIAN_POINT('',(-0.0423595682949221,-0.0489954655671369,0.00066413781855));
#12788=CARTESIAN_POINT('',(-0.04375,-0.0441946753625247,0.000232412080712673));
#12789=CARTESIAN_POINT('',(-0.0451404317050779,-0.0393938851579125,-0.000199313657124655));
#12790=CARTESIAN_POINT('',(-0.0451404317050779,-0.0393938851579125,-0.000199313657124655));
#12791=CARTESIAN_POINT('',(-0.0416666666666667,-0.0513878702696047,0.000879282126332104));
#12792=CARTESIAN_POINT('',(-0.0439605557299415,-0.052377893737246,0.000968313013712493));
#12793=CARTESIAN_POINT('',(-0.0594802778649707,-0.0590760769105052,0.00157066761564173));
#12794=CARTESIAN_POINT('',(0.,-0.00131483800652962,-0.00362368840105314));
#12795=CARTESIAN_POINT('',(-0.0458333333333333,-0.0370014804554448,-0.000414457964906758));
#12796=CARTESIAN_POINT('',(0.145833333333333,-0.0513878702696048,0.000879282126332111));
#12797=CARTESIAN_POINT('',(0.146526234961589,-0.0537802749720725,0.00109442643411421));
#12798=CARTESIAN_POINT('',(0.148127222396608,-0.0503978468019635,0.000790251238951721));
#12799=CARTESIAN_POINT('',(0.149063611198304,-0.0499937091723991,0.000753907926939485));
#12800=CARTESIAN_POINT('',(0.15,-0.0495895715428347,0.000717564614927251));
#12801=CARTESIAN_POINT('',(0.15,-0.0576819158132997,0.00144529341624911));
#12802=CARTESIAN_POINT('',(0.148263117480794,-0.0597772675279185,0.0016337243258426));
#12803=CARTESIAN_POINT('',(0.110763117480794,-0.0597772675279185,0.00163372432584259));
#12804=CARTESIAN_POINT('',(0.109026234961589,-0.0537802749720725,0.00109442643411421));
#12805=CARTESIAN_POINT('',(0.108333333333333,-0.0513878702696047,0.000879282126332108));
#12806=CARTESIAN_POINT('',(0.110627222396608,-0.0503978468019634,0.000790251238951719));
#12807=CARTESIAN_POINT('',(0.125,-0.0441946753625247,0.000232412080712677));
#12808=CARTESIAN_POINT('',(0.125,-0.0441946753625247,0.000232412080712677));
#12809=CARTESIAN_POINT('',(0.139372777603392,-0.0379915039230861,-0.000325427077526366));
#12810=CARTESIAN_POINT('',(0.139372777603392,-0.0379915039230861,-0.000325427077526366));
#12811=CARTESIAN_POINT('',(0.14375,-0.0441946753625248,0.000232412080712677));
#12812=CARTESIAN_POINT('',(0.145140431705078,-0.048995465567137,0.000664137818550006));
#12813=CARTESIAN_POINT('',(0.14375,-0.0441946753625248,0.000232412080712677));
#12814=CARTESIAN_POINT('',(0.142359568294922,-0.0393938851579126,-0.000199313657124648));
#12815=CARTESIAN_POINT('',(0.142359568294922,-0.0393938851579126,-0.000199313657124648));
#12816=CARTESIAN_POINT('',(0.145833333333333,-0.0513878702696047,0.000879282126332111));
#12817=CARTESIAN_POINT('',(0.143539444270058,-0.052377893737246,0.000968313013712498));
#12818=CARTESIAN_POINT('',(0.128019722135029,-0.0590760769105053,0.00157066761564173));
#12819=CARTESIAN_POINT('',(0.,-0.00131483800652962,-0.00362368840105314));
#12820=CARTESIAN_POINT('',(0.141666666666667,-0.0370014804554449,-0.00041445796490675));
#12821=CARTESIAN_POINT('',(-0.0969802778649707,-0.0590760769105053,0.00157066761564173));
#12822=CARTESIAN_POINT('',(-0.0814605557299415,-0.052377893737246,0.000968313013712494));
#12823=CARTESIAN_POINT('',(-0.114236882519206,-0.0597772675279185,0.00163372432584259));
#12824=CARTESIAN_POINT('',(-0.115973765038411,-0.0537802749720724,0.00109442643411421));
#12825=CARTESIAN_POINT('',(-0.116666666666667,-0.0513878702696046,0.000879282126332101));
#12826=CARTESIAN_POINT('',(-0.114372777603392,-0.0503978468019634,0.000790251238951715));
#12827=CARTESIAN_POINT('',(-0.1,-0.0441946753625247,0.000232412080712673));
#12828=CARTESIAN_POINT('',(-0.0856272223966082,-0.0379915039230861,-0.000325427077526369));
#12829=CARTESIAN_POINT('',(-0.0856272223966082,-0.0379915039230861,-0.000325427077526369));
#12830=CARTESIAN_POINT('',(-0.1,-0.0441946753625247,0.000232412080712673));
#12831=CARTESIAN_POINT('',(-0.08125,-0.0441946753625247,0.000232412080712673));
#12832=CARTESIAN_POINT('',(-0.0798595682949221,-0.0489954655671369,0.000664137818550001));
#12833=CARTESIAN_POINT('',(-0.08125,-0.0441946753625247,0.000232412080712673));
#12834=CARTESIAN_POINT('',(-0.0826404317050779,-0.0393938851579125,-0.000199313657124655));
#12835=CARTESIAN_POINT('',(-0.0826404317050779,-0.0393938851579125,-0.000199313657124655));
#12836=CARTESIAN_POINT('',(-0.0791666666666667,-0.0513878702696047,0.000879282126332107));
#12837=CARTESIAN_POINT('',(0.,-0.00131483800652962,-0.00362368840105314));
#12838=CARTESIAN_POINT('',(-0.0833333333333333,-0.0370014804554448,-0.000414457964906759));
#12839=CARTESIAN_POINT('',(-0.11875,-0.0441946753625247,0.000232412080712672));
#12840=CARTESIAN_POINT('',(-0.117359568294922,-0.0489954655671369,0.00066413781855));
#12841=CARTESIAN_POINT('',(-0.11875,-0.0441946753625247,0.000232412080712672));
#12842=CARTESIAN_POINT('',(-0.120140431705078,-0.0393938851579125,-0.000199313657124655));
#12843=CARTESIAN_POINT('',(-0.120140431705078,-0.0393938851579125,-0.000199313657124655));
#12844=CARTESIAN_POINT('',(-0.116666666666667,-0.0513878702696047,0.000879282126332102));
#12845=CARTESIAN_POINT('',(-0.118960555729941,-0.052377893737246,0.000968313013712494));
#12846=CARTESIAN_POINT('',(-0.134480277864971,-0.0590760769105053,0.00157066761564173));
#12847=CARTESIAN_POINT('',(-0.15,-0.0576819158132996,0.00144529341624911));
#12848=CARTESIAN_POINT('',(-0.15,-0.0495895715428346,0.000717564614927242));
#12849=CARTESIAN_POINT('',(-0.136563611198304,-0.0437905377329603,0.000196068768700435));
#12850=CARTESIAN_POINT('',(-0.123127222396608,-0.037991503923086,-0.000325427077526371));
#12851=CARTESIAN_POINT('',(-0.123127222396608,-0.037991503923086,-0.000325427077526371));
#12852=CARTESIAN_POINT('',(-0.136563611198304,-0.0437905377329603,0.000196068768700435));
#12853=CARTESIAN_POINT('',(0.,-0.00131483800652962,-0.00362368840105314));
#12854=CARTESIAN_POINT('',(-0.120833333333333,-0.0370014804554448,-0.000414457964906762));
#12855=CARTESIAN_POINT('',(0.0732631174807944,-0.0597772675279185,0.0016337243258426));
#12856=CARTESIAN_POINT('',(0.0715262349615888,-0.0537802749720725,0.00109442643411421));
#12857=CARTESIAN_POINT('',(0.0708333333333334,-0.0513878702696047,0.000879282126332108));
#12858=CARTESIAN_POINT('',(0.0731272223966081,-0.0503978468019634,0.00079025123895172));
#12859=CARTESIAN_POINT('',(0.0875,-0.0441946753625248,0.000232412080712677));
#12860=CARTESIAN_POINT('',(0.0875,-0.0441946753625248,0.000232412080712677));
#12861=CARTESIAN_POINT('',(0.101872777603392,-0.0379915039230862,-0.000325427077526364));
#12862=CARTESIAN_POINT('',(0.101872777603392,-0.0379915039230862,-0.000325427077526364));
#12863=CARTESIAN_POINT('',(0.10625,-0.0441946753625248,0.000232412080712677));
#12864=CARTESIAN_POINT('',(0.107640431705078,-0.0489954655671369,0.000664137818550004));
#12865=CARTESIAN_POINT('',(0.10625,-0.0441946753625248,0.000232412080712677));
#12866=CARTESIAN_POINT('',(0.104859568294922,-0.0393938851579126,-0.00019931365712465));
#12867=CARTESIAN_POINT('',(0.104859568294922,-0.0393938851579126,-0.00019931365712465));
#12868=CARTESIAN_POINT('',(0.108333333333333,-0.0513878702696047,0.000879282126332107));
#12869=CARTESIAN_POINT('',(0.106039444270058,-0.052377893737246,0.000968313013712498));
#12870=CARTESIAN_POINT('',(0.0905197221350293,-0.0590760769105053,0.00157066761564173));
#12871=CARTESIAN_POINT('',(0.,-0.00131483800652962,-0.00362368840105314));
#12872=CARTESIAN_POINT('',(0.104166666666667,-0.0370014804554449,-0.000414457964906752));
#12873=CARTESIAN_POINT('',(0.0357631174807944,-0.0597772675279185,0.00163372432584259));
#12874=CARTESIAN_POINT('',(0.0340262349615887,-0.0537802749720725,0.00109442643411421));
#12875=CARTESIAN_POINT('',(0.0333333333333333,-0.0513878702696047,0.000879282126332107));
#12876=CARTESIAN_POINT('',(0.0356272223966081,-0.0503978468019634,0.000790251238951717));
#12877=CARTESIAN_POINT('',(0.05,-0.0441946753625247,0.000232412080712675));
#12878=CARTESIAN_POINT('',(0.05,-0.0441946753625247,0.000232412080712675));
#12879=CARTESIAN_POINT('',(0.0643727776033918,-0.0379915039230861,-0.000325427077526366));
#12880=CARTESIAN_POINT('',(0.0643727776033918,-0.0379915039230861,-0.000325427077526366));
#12881=CARTESIAN_POINT('',(0.06875,-0.0441946753625247,0.000232412080712677));
#12882=CARTESIAN_POINT('',(0.0701404317050779,-0.048995465567137,0.000664137818550005));
#12883=CARTESIAN_POINT('',(0.06875,-0.0441946753625247,0.000232412080712677));
#12884=CARTESIAN_POINT('',(0.0673595682949221,-0.0393938851579126,-0.000199313657124652));
#12885=CARTESIAN_POINT('',(0.0673595682949221,-0.0393938851579126,-0.000199313657124652));
#12886=CARTESIAN_POINT('',(0.0708333333333333,-0.0513878702696047,0.000879282126332109));
#12887=CARTESIAN_POINT('',(0.0685394442700585,-0.052377893737246,0.000968313013712499));
#12888=CARTESIAN_POINT('',(0.0530197221350293,-0.0590760769105053,0.00157066761564173));
#12889=CARTESIAN_POINT('',(0.,-0.00131483800652962,-0.00362368840105314));
#12890=CARTESIAN_POINT('',(0.0666666666666667,-0.0370014804554448,-0.000414457964906756));
#12891=CARTESIAN_POINT('',(-0.00173688251920562,-0.0597772675279185,0.00163372432584259));
#12892=CARTESIAN_POINT('',(-0.00347376503841122,-0.0537802749720725,0.00109442643411421));
#12893=CARTESIAN_POINT('',(-0.00416666666666669,-0.0513878702696047,0.000879282126332107));
#12894=CARTESIAN_POINT('',(-0.00187277760339186,-0.0503978468019634,0.000790251238951718));
#12895=CARTESIAN_POINT('',(0.0125,-0.0441946753625247,0.000232412080712676));
#12896=CARTESIAN_POINT('',(0.0125,-0.0441946753625247,0.000232412080712676));
#12897=CARTESIAN_POINT('',(0.0268727776033919,-0.0379915039230861,-0.000325427077526366));
#12898=CARTESIAN_POINT('',(0.0268727776033919,-0.0379915039230861,-0.000325427077526366));
#12899=CARTESIAN_POINT('',(0.03125,-0.0441946753625247,0.000232412080712675));
#12900=CARTESIAN_POINT('',(0.0326404317050778,-0.0489954655671369,0.000664137818550002));
#12901=CARTESIAN_POINT('',(0.03125,-0.0441946753625247,0.000232412080712675));
#12902=CARTESIAN_POINT('',(0.0298595682949221,-0.0393938851579126,-0.000199313657124651));
#12903=CARTESIAN_POINT('',(0.0298595682949221,-0.0393938851579126,-0.000199313657124651));
#12904=CARTESIAN_POINT('',(0.0333333333333333,-0.0513878702696047,0.000879282126332105));
#12905=CARTESIAN_POINT('',(0.0310394442700585,-0.052377893737246,0.000968313013712496));
#12906=CARTESIAN_POINT('',(0.0155197221350292,-0.0590760769105053,0.00157066761564173));
#12907=CARTESIAN_POINT('',(0.,-0.00131483800652962,-0.00362368840105314));
#12908=CARTESIAN_POINT('',(0.0291666666666666,-0.0370014804554448,-0.000414457964906756));
#12909=CARTESIAN_POINT('',(-0.0392368825192057,-0.0597772675279185,0.00163372432584259));
#12910=CARTESIAN_POINT('',(-0.0409737650384113,-0.0537802749720724,0.00109442643411421));
#12911=CARTESIAN_POINT('',(-0.0416666666666667,-0.0513878702696047,0.000879282126332105));
#12912=CARTESIAN_POINT('',(-0.0393727776033919,-0.0503978468019634,0.000790251238951716));
#12913=CARTESIAN_POINT('',(-0.025,-0.0441946753625247,0.000232412080712673));
#12914=CARTESIAN_POINT('',(-0.025,-0.0441946753625247,0.000232412080712673));
#12915=CARTESIAN_POINT('',(-0.0106272223966082,-0.037991503923086,-0.000325427077526369));
#12916=CARTESIAN_POINT('',(-0.0106272223966082,-0.037991503923086,-0.000325427077526369));
#12917=CARTESIAN_POINT('',(-0.00625,-0.0441946753625247,0.000232412080712674));
#12918=CARTESIAN_POINT('',(-0.00485956829492213,-0.0489954655671369,0.000664137818550003));
#12919=CARTESIAN_POINT('',(-0.00625,-0.0441946753625247,0.000232412080712674));
#12920=CARTESIAN_POINT('',(-0.0076404317050779,-0.0393938851579125,-0.000199313657124655));
#12921=CARTESIAN_POINT('',(-0.0076404317050779,-0.0393938851579125,-0.000199313657124655));
#12922=CARTESIAN_POINT('',(-0.00416666666666668,-0.0513878702696047,0.000879282126332107));
#12923=CARTESIAN_POINT('',(-0.00646055572994148,-0.052377893737246,0.000968313013712497));
#12924=CARTESIAN_POINT('',(-0.0219802778649708,-0.0590760769105053,0.00157066761564173));
#12925=CARTESIAN_POINT('',(0.,-0.00131483800652962,-0.00362368840105314));
#12926=CARTESIAN_POINT('',(-0.00833333333333335,-0.0370014804554448,-0.000414457964906759));
#12927=CARTESIAN_POINT('',(-0.1575,0.0665,-0.00871810967089358));
#12928=CARTESIAN_POINT('',(-0.1545,0.068006028750068,-0.01036565006781));
#12929=CARTESIAN_POINT('',(0.1575,0.0665120575001361,-0.0117313001352582));
#12930=CARTESIAN_POINT('',(0.1545,0.0665120575001361,-0.0117313001352582));
#12931=CARTESIAN_POINT('',(0.1545,0.0665120575001361,-0.0117313001352582));
#12932=CARTESIAN_POINT('',(-0.0458333333333333,-0.0370014804554448,-0.000414457964906758));
#12933=CARTESIAN_POINT('',(0.116666666666667,0.0493168584295144,-0.00817689851233993));
#12934=CARTESIAN_POINT('',(0.117359568294922,0.0469244537270467,-0.00796175420455783));
#12935=CARTESIAN_POINT('',(0.117359568294922,0.0469244537270467,-0.00796175420455783));
#12936=CARTESIAN_POINT('',(0.116666666666667,0.0493168584295144,-0.00817689851233993));
#12937=CARTESIAN_POINT('',(0.114372777603392,0.0483268349618732,-0.00808786762495954));
#12938=CARTESIAN_POINT('',(0.114372777603392,0.0483268349618732,-0.00808786762495954));
#12939=CARTESIAN_POINT('',(0.11875,0.0421236635224345,-0.0075300284667205));
#12940=CARTESIAN_POINT('',(0.120140431705078,0.0373228733178223,-0.00709830272888317));
#12941=CARTESIAN_POINT('',(0.120140431705078,0.0373228733178223,-0.00709830272888317));
#12942=CARTESIAN_POINT('',(0.11875,0.0421236635224345,-0.0075300284667205));
#12943=CARTESIAN_POINT('',(0.120833333333333,0.0349304686153546,-0.00688315842110107));
#12944=CARTESIAN_POINT('',(0.118539444270058,0.0339404451477133,-0.00679412753372068));
#12945=CARTESIAN_POINT('',(0.118539444270058,0.0339404451477133,-0.00679412753372068));
#12946=CARTESIAN_POINT('',(0.120833333333333,0.0349304686153546,-0.00688315842110107));
#12947=CARTESIAN_POINT('',(0.104166666666667,0.0277372737082746,-0.00623628837548164));
#12948=CARTESIAN_POINT('',(0.0897938890632748,0.021534102268836,-0.0056784492172426));
#12949=CARTESIAN_POINT('',(0.0897938890632748,0.021534102268836,-0.0056784492172426));
#12950=CARTESIAN_POINT('',(0.104166666666667,0.0277372737082746,-0.00623628837548164));
#12951=CARTESIAN_POINT('',(0.0875,0.0205440788011946,-0.0055894183298622));
#12952=CARTESIAN_POINT('',(0.0868070983717445,0.0229364835036625,-0.00580456263764431));
#12953=CARTESIAN_POINT('',(0.0868070983717445,0.0229364835036625,-0.00580456263764431));
#12954=CARTESIAN_POINT('',(0.0875,0.0205440788011946,-0.0055894183298622));
#12955=CARTESIAN_POINT('',(0.0854166666666667,0.0277372737082746,-0.00623628837548164));
#12956=CARTESIAN_POINT('',(0.0840262349615888,0.0325380639128868,-0.00666801411331897));
#12957=CARTESIAN_POINT('',(0.0840262349615888,0.0325380639128868,-0.00666801411331897));
#12958=CARTESIAN_POINT('',(0.0854166666666667,0.0277372737082746,-0.00623628837548164));
#12959=CARTESIAN_POINT('',(0.0833333333333333,0.0349304686153546,-0.00688315842110107));
#12960=CARTESIAN_POINT('',(0.0856272223966082,0.0359204920829959,-0.00697218930848146));
#12961=CARTESIAN_POINT('',(0.0856272223966082,0.0359204920829959,-0.00697218930848146));
#12962=CARTESIAN_POINT('',(0.0833333333333333,0.0349304686153546,-0.00688315842110107));
#12963=CARTESIAN_POINT('',(0.1,0.0421236635224345,-0.0075300284667205));
#12964=CARTESIAN_POINT('',(0.1,0.0421236635224345,-0.0075300284667205));
#12965=CARTESIAN_POINT('',(0.,-0.00131483800652962,-0.00362368840105314));
#12966=CARTESIAN_POINT('',(0.122916666666667,0.0277372737082746,-0.00623628837548164));
#12967=CARTESIAN_POINT('',(0.121526234961589,0.0325380639128868,-0.00666801411331897));
#12968=CARTESIAN_POINT('',(0.121526234961589,0.0325380639128868,-0.00666801411331897));
#12969=CARTESIAN_POINT('',(0.122916666666667,0.0277372737082746,-0.00623628837548164));
#12970=CARTESIAN_POINT('',(0.124307098371744,0.0229364835036625,-0.00580456263764431));
#12971=CARTESIAN_POINT('',(0.124307098371744,0.0229364835036625,-0.00580456263764431));
#12972=CARTESIAN_POINT('',(0.120833333333333,0.0349304686153546,-0.00688315842110107));
#12973=CARTESIAN_POINT('',(0.123127222396608,0.0359204920829959,-0.00697218930848146));
#12974=CARTESIAN_POINT('',(0.123127222396608,0.0359204920829959,-0.00697218930848146));
#12975=CARTESIAN_POINT('',(0.120833333333333,0.0349304686153546,-0.00688315842110107));
#12976=CARTESIAN_POINT('',(0.136563611198304,0.0417195258928702,-0.00749368515470827));
#12977=CARTESIAN_POINT('',(0.15,0.0475185597027445,-0.00801518100093508));
#12978=CARTESIAN_POINT('',(0.15,0.0475185597027445,-0.00801518100093508));
#12979=CARTESIAN_POINT('',(0.136563611198304,0.0417195258928702,-0.00749368515470827));
#12980=CARTESIAN_POINT('',(0.15,0.0394262154322795,-0.00728745219961322));
#12981=CARTESIAN_POINT('',(0.15,0.0313338711618146,-0.00655972339829135));
#12982=CARTESIAN_POINT('',(0.15,0.0313338711618146,-0.00655972339829135));
#12983=CARTESIAN_POINT('',(0.15,0.0394262154322795,-0.00728745219961322));
#12984=CARTESIAN_POINT('',(0.138646944531637,0.0264339867153253,-0.00611908630776697));
#12985=CARTESIAN_POINT('',(0.127293889063275,0.021534102268836,-0.0056784492172426));
#12986=CARTESIAN_POINT('',(0.127293889063275,0.021534102268836,-0.0056784492172426));
#12987=CARTESIAN_POINT('',(0.138646944531637,0.0264339867153253,-0.00611908630776697));
#12988=CARTESIAN_POINT('',(0.125,0.0205440788011947,-0.00558941832986221));
#12989=CARTESIAN_POINT('',(0.125,0.0205440788011947,-0.00558941832986221));
#12990=CARTESIAN_POINT('',(0.,-0.00131483800652962,-0.00362368840105314));
#12991=CARTESIAN_POINT('',(0.114583333333333,0.0565100533365944,-0.00882376855795937));
#12992=CARTESIAN_POINT('',(0.113192901628255,0.0613108435412066,-0.00925549429579669));
#12993=CARTESIAN_POINT('',(0.113192901628255,0.0613108435412066,-0.00925549429579669));
#12994=CARTESIAN_POINT('',(0.114583333333333,0.0565100533365944,-0.00882376855795937));
#12995=CARTESIAN_POINT('',(0.115973765038411,0.0517092631319822,-0.00839204282012204));
#12996=CARTESIAN_POINT('',(0.115973765038411,0.0517092631319822,-0.00839204282012204));
#12997=CARTESIAN_POINT('',(0.1125,0.0637032482436744,-0.00947063860357879));
#12998=CARTESIAN_POINT('',(0.115,0.0637032482436744,-0.0094706386035788));
#12999=CARTESIAN_POINT('',(0.115,0.0637032482436744,-0.0094706386035788));
#13000=CARTESIAN_POINT('',(0.1125,0.0637032482436744,-0.00947063860357879));
#13001=CARTESIAN_POINT('',(0.1325,0.0637032482436744,-0.00947063860357879));
#13002=CARTESIAN_POINT('',(0.15,0.0637032482436744,-0.00947063860357879));
#13003=CARTESIAN_POINT('',(0.15,0.0637032482436744,-0.00947063860357879));
#13004=CARTESIAN_POINT('',(0.1325,0.0637032482436744,-0.00947063860357879));
#13005=CARTESIAN_POINT('',(0.134480277864971,0.0570050650704151,-0.00886828400164956));
#13006=CARTESIAN_POINT('',(0.118960555729941,0.0503068818971558,-0.00826592939972032));
#13007=CARTESIAN_POINT('',(0.118960555729941,0.0503068818971558,-0.00826592939972032));
#13008=CARTESIAN_POINT('',(0.134480277864971,0.0570050650704151,-0.00886828400164956));
#13009=CARTESIAN_POINT('',(0.116666666666667,0.0493168584295145,-0.00817689851233993));
#13010=CARTESIAN_POINT('',(0.116666666666667,0.0493168584295145,-0.00817689851233993));
#13011=CARTESIAN_POINT('',(0.,-0.00131483800652962,-0.00362368840105314));
#13012=CARTESIAN_POINT('',(0.0770833333333333,0.0565100533365944,-0.00882376855795937));
#13013=CARTESIAN_POINT('',(0.0756929016282555,0.0613108435412066,-0.00925549429579669));
#13014=CARTESIAN_POINT('',(0.0756929016282555,0.0613108435412066,-0.00925549429579669));
#13015=CARTESIAN_POINT('',(0.0770833333333333,0.0565100533365944,-0.00882376855795937));
#13016=CARTESIAN_POINT('',(0.0784737650384112,0.0517092631319823,-0.00839204282012204));
#13017=CARTESIAN_POINT('',(0.0784737650384112,0.0517092631319823,-0.00839204282012204));
#13018=CARTESIAN_POINT('',(0.075,0.0637032482436744,-0.00947063860357879));
#13019=CARTESIAN_POINT('',(0.0775,0.0637032482436744,-0.0094706386035788));
#13020=CARTESIAN_POINT('',(0.0775,0.0637032482436744,-0.0094706386035788));
#13021=CARTESIAN_POINT('',(0.075,0.0637032482436744,-0.00947063860357879));
#13022=CARTESIAN_POINT('',(0.09375,0.0637032482436744,-0.0094706386035788));
#13023=CARTESIAN_POINT('',(0.11,0.0637032482436744,-0.0094706386035788));
#13024=CARTESIAN_POINT('',(0.11,0.0637032482436744,-0.0094706386035788));
#13025=CARTESIAN_POINT('',(0.09375,0.0637032482436744,-0.0094706386035788));
#13026=CARTESIAN_POINT('',(0.1125,0.0637032482436744,-0.0094706386035788));
#13027=CARTESIAN_POINT('',(0.110206110936725,0.0627132247760331,-0.00938160771619841));
#13028=CARTESIAN_POINT('',(0.110206110936725,0.0627132247760331,-0.00938160771619841));
#13029=CARTESIAN_POINT('',(0.1125,0.0637032482436744,-0.0094706386035788));
#13030=CARTESIAN_POINT('',(0.0958333333333333,0.0565100533365944,-0.00882376855795937));
#13031=CARTESIAN_POINT('',(0.0814605557299415,0.0503068818971558,-0.00826592939972033));
#13032=CARTESIAN_POINT('',(0.0814605557299415,0.0503068818971558,-0.00826592939972033));
#13033=CARTESIAN_POINT('',(0.0958333333333333,0.0565100533365944,-0.00882376855795937));
#13034=CARTESIAN_POINT('',(0.0791666666666667,0.0493168584295145,-0.00817689851233994));
#13035=CARTESIAN_POINT('',(0.0791666666666667,0.0493168584295145,-0.00817689851233994));
#13036=CARTESIAN_POINT('',(0.,-0.00131483800652962,-0.00362368840105314));
#13037=CARTESIAN_POINT('',(0.0395833333333334,0.0565100533365944,-0.00882376855795937));
#13038=CARTESIAN_POINT('',(0.0381929016282554,0.0613108435412066,-0.00925549429579669));
#13039=CARTESIAN_POINT('',(0.0381929016282554,0.0613108435412066,-0.00925549429579669));
#13040=CARTESIAN_POINT('',(0.0395833333333334,0.0565100533365944,-0.00882376855795937));
#13041=CARTESIAN_POINT('',(0.0409737650384112,0.0517092631319823,-0.00839204282012204));
#13042=CARTESIAN_POINT('',(0.0409737650384112,0.0517092631319823,-0.00839204282012204));
#13043=CARTESIAN_POINT('',(0.0375,0.0637032482436744,-0.0094706386035788));
#13044=CARTESIAN_POINT('',(0.04,0.0637032482436744,-0.0094706386035788));
#13045=CARTESIAN_POINT('',(0.04,0.0637032482436744,-0.0094706386035788));
#13046=CARTESIAN_POINT('',(0.0375,0.0637032482436744,-0.0094706386035788));
#13047=CARTESIAN_POINT('',(0.05625,0.0637032482436744,-0.0094706386035788));
#13048=CARTESIAN_POINT('',(0.0725,0.0637032482436744,-0.0094706386035788));
#13049=CARTESIAN_POINT('',(0.0725,0.0637032482436744,-0.0094706386035788));
#13050=CARTESIAN_POINT('',(0.05625,0.0637032482436744,-0.0094706386035788));
#13051=CARTESIAN_POINT('',(0.075,0.0637032482436744,-0.0094706386035788));
#13052=CARTESIAN_POINT('',(0.0727061109367252,0.0627132247760331,-0.00938160771619841));
#13053=CARTESIAN_POINT('',(0.0727061109367252,0.0627132247760331,-0.00938160771619841));
#13054=CARTESIAN_POINT('',(0.075,0.0637032482436744,-0.0094706386035788));
#13055=CARTESIAN_POINT('',(0.0583333333333333,0.0565100533365944,-0.00882376855795937));
#13056=CARTESIAN_POINT('',(0.0439605557299415,0.0503068818971558,-0.00826592939972032));
#13057=CARTESIAN_POINT('',(0.0439605557299415,0.0503068818971558,-0.00826592939972032));
#13058=CARTESIAN_POINT('',(0.0583333333333333,0.0565100533365944,-0.00882376855795937));
#13059=CARTESIAN_POINT('',(0.0416666666666667,0.0493168584295145,-0.00817689851233994));
#13060=CARTESIAN_POINT('',(0.0416666666666667,0.0493168584295145,-0.00817689851233994));
#13061=CARTESIAN_POINT('',(0.,-0.00131483800652962,-0.00362368840105314));
#13062=CARTESIAN_POINT('',(0.00208333333333333,0.0565100533365944,-0.00882376855795937));
#13063=CARTESIAN_POINT('',(0.000692901628255452,0.0613108435412066,-0.0092554942957967));
#13064=CARTESIAN_POINT('',(0.000692901628255452,0.0613108435412066,-0.0092554942957967));
#13065=CARTESIAN_POINT('',(0.00208333333333333,0.0565100533365944,-0.00882376855795937));
#13066=CARTESIAN_POINT('',(0.00347376503841121,0.0517092631319823,-0.00839204282012204));
#13067=CARTESIAN_POINT('',(0.00347376503841121,0.0517092631319823,-0.00839204282012204));
#13068=CARTESIAN_POINT('',(-1.80519661718836E-17,0.0637032482436744,-0.0094706386035788));
#13069=CARTESIAN_POINT('',(0.0025,0.0637032482436744,-0.0094706386035788));
#13070=CARTESIAN_POINT('',(0.0025,0.0637032482436744,-0.0094706386035788));
#13071=CARTESIAN_POINT('',(-1.80519661718836E-17,0.0637032482436744,-0.0094706386035788));
#13072=CARTESIAN_POINT('',(0.01875,0.0637032482436744,-0.0094706386035788));
#13073=CARTESIAN_POINT('',(0.035,0.0637032482436744,-0.0094706386035788));
#13074=CARTESIAN_POINT('',(0.035,0.0637032482436744,-0.0094706386035788));
#13075=CARTESIAN_POINT('',(0.01875,0.0637032482436744,-0.0094706386035788));
#13076=CARTESIAN_POINT('',(0.0375,0.0637032482436744,-0.0094706386035788));
#13077=CARTESIAN_POINT('',(0.0352061109367252,0.0627132247760331,-0.00938160771619841));
#13078=CARTESIAN_POINT('',(0.0352061109367252,0.0627132247760331,-0.00938160771619841));
#13079=CARTESIAN_POINT('',(0.0375,0.0637032482436744,-0.0094706386035788));
#13080=CARTESIAN_POINT('',(0.0208333333333333,0.0565100533365944,-0.00882376855795937));
#13081=CARTESIAN_POINT('',(0.00646055572994148,0.0503068818971558,-0.00826592939972032));
#13082=CARTESIAN_POINT('',(0.00646055572994148,0.0503068818971558,-0.00826592939972032));
#13083=CARTESIAN_POINT('',(0.0208333333333333,0.0565100533365944,-0.00882376855795937));
#13084=CARTESIAN_POINT('',(0.00416666666666668,0.0493168584295145,-0.00817689851233994));
#13085=CARTESIAN_POINT('',(0.00416666666666668,0.0493168584295145,-0.00817689851233994));
#13086=CARTESIAN_POINT('',(0.,-0.00131483800652962,-0.00362368840105314));
#13087=CARTESIAN_POINT('',(-0.0354166666666667,0.0565100533365945,-0.00882376855795937));
#13088=CARTESIAN_POINT('',(-0.0368070983717445,0.0613108435412066,-0.0092554942957967));
#13089=CARTESIAN_POINT('',(-0.0368070983717445,0.0613108435412066,-0.0092554942957967));
#13090=CARTESIAN_POINT('',(-0.0354166666666667,0.0565100533365945,-0.00882376855795937));
#13091=CARTESIAN_POINT('',(-0.0340262349615888,0.0517092631319823,-0.00839204282012204));
#13092=CARTESIAN_POINT('',(-0.0340262349615888,0.0517092631319823,-0.00839204282012204));
#13093=CARTESIAN_POINT('',(-0.0375,0.0637032482436744,-0.0094706386035788));
#13094=CARTESIAN_POINT('',(-0.035,0.0637032482436744,-0.0094706386035788));
#13095=CARTESIAN_POINT('',(-0.035,0.0637032482436744,-0.0094706386035788));
#13096=CARTESIAN_POINT('',(-0.0375,0.0637032482436744,-0.0094706386035788));
#13097=CARTESIAN_POINT('',(-0.01875,0.0637032482436744,-0.0094706386035788));
#13098=CARTESIAN_POINT('',(-0.0025,0.0637032482436744,-0.0094706386035788));
#13099=CARTESIAN_POINT('',(-0.0025,0.0637032482436744,-0.0094706386035788));
#13100=CARTESIAN_POINT('',(-0.01875,0.0637032482436744,-0.0094706386035788));
#13101=CARTESIAN_POINT('',(9.49761103097302E-17,0.0637032482436744,-0.0094706386035788));
#13102=CARTESIAN_POINT('',(-0.00229388906327481,0.0627132247760331,-0.00938160771619841));
#13103=CARTESIAN_POINT('',(-0.00229388906327481,0.0627132247760331,-0.00938160771619841));
#13104=CARTESIAN_POINT('',(9.49761103097302E-17,0.0637032482436744,-0.0094706386035788));
#13105=CARTESIAN_POINT('',(-0.0166666666666666,0.0565100533365945,-0.00882376855795937));
#13106=CARTESIAN_POINT('',(-0.0310394442700585,0.0503068818971558,-0.00826592939972033));
#13107=CARTESIAN_POINT('',(-0.0310394442700585,0.0503068818971558,-0.00826592939972033));
#13108=CARTESIAN_POINT('',(-0.0166666666666666,0.0565100533365945,-0.00882376855795937));
#13109=CARTESIAN_POINT('',(-0.0333333333333333,0.0493168584295145,-0.00817689851233994));
#13110=CARTESIAN_POINT('',(-0.0333333333333333,0.0493168584295145,-0.00817689851233994));
#13111=CARTESIAN_POINT('',(0.,-0.00131483800652962,-0.00362368840105314));
#13112=CARTESIAN_POINT('',(-0.0729166666666667,0.0565100533365945,-0.00882376855795937));
#13113=CARTESIAN_POINT('',(-0.0743070983717445,0.0613108435412066,-0.0092554942957967));
#13114=CARTESIAN_POINT('',(-0.0743070983717445,0.0613108435412066,-0.0092554942957967));
#13115=CARTESIAN_POINT('',(-0.0729166666666667,0.0565100533365945,-0.00882376855795937));
#13116=CARTESIAN_POINT('',(-0.0715262349615888,0.0517092631319823,-0.00839204282012204));
#13117=CARTESIAN_POINT('',(-0.0715262349615888,0.0517092631319823,-0.00839204282012204));
#13118=CARTESIAN_POINT('',(-0.075,0.0637032482436745,-0.0094706386035788));
#13119=CARTESIAN_POINT('',(-0.0725,0.0637032482436744,-0.0094706386035788));
#13120=CARTESIAN_POINT('',(-0.0725,0.0637032482436744,-0.0094706386035788));
#13121=CARTESIAN_POINT('',(-0.075,0.0637032482436745,-0.0094706386035788));
#13122=CARTESIAN_POINT('',(-0.05625,0.0637032482436744,-0.0094706386035788));
#13123=CARTESIAN_POINT('',(-0.04,0.0637032482436744,-0.0094706386035788));
#13124=CARTESIAN_POINT('',(-0.04,0.0637032482436744,-0.0094706386035788));
#13125=CARTESIAN_POINT('',(-0.05625,0.0637032482436744,-0.0094706386035788));
#13126=CARTESIAN_POINT('',(-0.0375,0.0637032482436744,-0.0094706386035788));
#13127=CARTESIAN_POINT('',(-0.0397938890632748,0.0627132247760331,-0.00938160771619841));
#13128=CARTESIAN_POINT('',(-0.0397938890632748,0.0627132247760331,-0.00938160771619841));
#13129=CARTESIAN_POINT('',(-0.0375,0.0637032482436744,-0.0094706386035788));
#13130=CARTESIAN_POINT('',(-0.0541666666666667,0.0565100533365945,-0.00882376855795937));
#13131=CARTESIAN_POINT('',(-0.0685394442700585,0.0503068818971558,-0.00826592939972033));
#13132=CARTESIAN_POINT('',(-0.0685394442700585,0.0503068818971558,-0.00826592939972033));
#13133=CARTESIAN_POINT('',(-0.0541666666666667,0.0565100533365945,-0.00882376855795937));
#13134=CARTESIAN_POINT('',(-0.0708333333333334,0.0493168584295145,-0.00817689851233994));
#13135=CARTESIAN_POINT('',(-0.0708333333333334,0.0493168584295145,-0.00817689851233994));
#13136=CARTESIAN_POINT('',(0.,-0.00131483800652962,-0.00362368840105314));
#13137=CARTESIAN_POINT('',(-0.110416666666667,0.0565100533365945,-0.00882376855795937));
#13138=CARTESIAN_POINT('',(-0.111807098371744,0.0613108435412066,-0.0092554942957967));
#13139=CARTESIAN_POINT('',(-0.111807098371744,0.0613108435412066,-0.0092554942957967));
#13140=CARTESIAN_POINT('',(-0.110416666666667,0.0565100533365945,-0.00882376855795937));
#13141=CARTESIAN_POINT('',(-0.109026234961589,0.0517092631319823,-0.00839204282012204));
#13142=CARTESIAN_POINT('',(-0.109026234961589,0.0517092631319823,-0.00839204282012204));
#13143=CARTESIAN_POINT('',(-0.1125,0.0637032482436744,-0.0094706386035788));
#13144=CARTESIAN_POINT('',(-0.11,0.0637032482436744,-0.0094706386035788));
#13145=CARTESIAN_POINT('',(-0.11,0.0637032482436744,-0.0094706386035788));
#13146=CARTESIAN_POINT('',(-0.1125,0.0637032482436744,-0.0094706386035788));
#13147=CARTESIAN_POINT('',(-0.09375,0.0637032482436744,-0.0094706386035788));
#13148=CARTESIAN_POINT('',(-0.0775,0.0637032482436744,-0.0094706386035788));
#13149=CARTESIAN_POINT('',(-0.0775,0.0637032482436744,-0.0094706386035788));
#13150=CARTESIAN_POINT('',(-0.09375,0.0637032482436744,-0.0094706386035788));
#13151=CARTESIAN_POINT('',(-0.075,0.0637032482436744,-0.0094706386035788));
#13152=CARTESIAN_POINT('',(-0.0772938890632748,0.0627132247760332,-0.00938160771619841));
#13153=CARTESIAN_POINT('',(-0.0772938890632748,0.0627132247760332,-0.00938160771619841));
#13154=CARTESIAN_POINT('',(-0.075,0.0637032482436744,-0.0094706386035788));
#13155=CARTESIAN_POINT('',(-0.0916666666666667,0.0565100533365945,-0.00882376855795937));
#13156=CARTESIAN_POINT('',(-0.106039444270058,0.0503068818971558,-0.00826592939972033));
#13157=CARTESIAN_POINT('',(-0.106039444270058,0.0503068818971558,-0.00826592939972033));
#13158=CARTESIAN_POINT('',(-0.0916666666666667,0.0565100533365945,-0.00882376855795937));
#13159=CARTESIAN_POINT('',(-0.108333333333333,0.0493168584295145,-0.00817689851233994));
#13160=CARTESIAN_POINT('',(-0.108333333333333,0.0493168584295145,-0.00817689851233994));
#13161=CARTESIAN_POINT('',(0.,-0.00131483800652962,-0.00362368840105314));
#13162=CARTESIAN_POINT('',(-0.1325,0.0637032482436744,-0.0094706386035788));
#13163=CARTESIAN_POINT('',(-0.115,0.0637032482436744,-0.0094706386035788));
#13164=CARTESIAN_POINT('',(-0.115,0.0637032482436744,-0.0094706386035788));
#13165=CARTESIAN_POINT('',(-0.1325,0.0637032482436744,-0.0094706386035788));
#13166=CARTESIAN_POINT('',(-0.15,0.0637032482436744,-0.0094706386035788));
#13167=CARTESIAN_POINT('',(-0.15,0.0637032482436744,-0.0094706386035788));
#13168=CARTESIAN_POINT('',(-0.1125,0.0637032482436743,-0.00947063860357879));
#13169=CARTESIAN_POINT('',(-0.114793889063275,0.0627132247760331,-0.00938160771619841));
#13170=CARTESIAN_POINT('',(-0.114793889063275,0.0627132247760331,-0.00938160771619841));
#13171=CARTESIAN_POINT('',(-0.1125,0.0637032482436743,-0.00947063860357879));
#13172=CARTESIAN_POINT('',(-0.129166666666667,0.0565100533365945,-0.00882376855795937));
#13173=CARTESIAN_POINT('',(-0.143539444270058,0.0503068818971558,-0.00826592939972033));
#13174=CARTESIAN_POINT('',(-0.143539444270058,0.0503068818971558,-0.00826592939972033));
#13175=CARTESIAN_POINT('',(-0.129166666666667,0.0565100533365945,-0.00882376855795937));
#13176=CARTESIAN_POINT('',(-0.145833333333333,0.0493168584295145,-0.00817689851233994));
#13177=CARTESIAN_POINT('',(-0.146526234961589,0.0517092631319823,-0.00839204282012204));
#13178=CARTESIAN_POINT('',(-0.146526234961589,0.0517092631319823,-0.00839204282012204));
#13179=CARTESIAN_POINT('',(-0.145833333333333,0.0493168584295145,-0.00817689851233994));
#13180=CARTESIAN_POINT('',(-0.148263117480794,0.0577062556878284,-0.00893134071185042));
#13181=CARTESIAN_POINT('',(-0.148263117480794,0.0577062556878284,-0.00893134071185042));
#13182=CARTESIAN_POINT('',(0.,-0.00131483800652962,-0.00362368840105314));
#13183=CARTESIAN_POINT('',(0.129166666666667,0.0061576889870348,-0.00429567823862334));
#13184=CARTESIAN_POINT('',(0.131460555729941,0.00714771245467609,-0.00438470912600373));
#13185=CARTESIAN_POINT('',(0.131460555729941,0.00714771245467609,-0.00438470912600373));
#13186=CARTESIAN_POINT('',(0.129166666666667,0.0061576889870348,-0.00429567823862334));
#13187=CARTESIAN_POINT('',(0.129859568294922,0.00376528428456704,-0.00408053393084124));
#13188=CARTESIAN_POINT('',(0.129859568294922,0.00376528428456704,-0.00408053393084124));
#13189=CARTESIAN_POINT('',(0.140730277864971,0.0111484475377804,-0.00474448746082568));
#13190=CARTESIAN_POINT('',(0.15,0.0151491826208848,-0.00510426579564763));
#13191=CARTESIAN_POINT('',(0.15,0.0151491826208848,-0.00510426579564763));
#13192=CARTESIAN_POINT('',(0.140730277864971,0.0111484475377804,-0.00474448746082568));
#13193=CARTESIAN_POINT('',(0.15,0.00705683835041981,-0.00437653699432577));
#13194=CARTESIAN_POINT('',(0.15,-0.00103550592004511,-0.00364880819300391));
#13195=CARTESIAN_POINT('',(0.15,-0.00103550592004511,-0.00364880819300391));
#13196=CARTESIAN_POINT('',(0.15,0.00705683835041981,-0.00437653699432577));
#13197=CARTESIAN_POINT('',(0.142813611198304,-0.00413709163976445,-0.00336988861388439));
#13198=CARTESIAN_POINT('',(0.135627222396608,-0.0072386773594838,-0.00309096903476487));
#13199=CARTESIAN_POINT('',(0.135627222396608,-0.0072386773594838,-0.00309096903476487));
#13200=CARTESIAN_POINT('',(0.142813611198304,-0.00413709163976445,-0.00336988861388439));
#13201=CARTESIAN_POINT('',(0.133333333333333,-0.00822870082712509,-0.00300193814738448));
#13202=CARTESIAN_POINT('',(0.132640431705078,-0.0058362961246573,-0.00321708245516658));
#13203=CARTESIAN_POINT('',(0.132640431705078,-0.0058362961246573,-0.00321708245516658));
#13204=CARTESIAN_POINT('',(0.133333333333333,-0.00822870082712509,-0.00300193814738448));
#13205=CARTESIAN_POINT('',(0.13125,-0.00103550592004513,-0.00364880819300391));
#13206=CARTESIAN_POINT('',(0.13125,-0.00103550592004513,-0.00364880819300391));
#13207=CARTESIAN_POINT('',(0.,-0.00131483800652962,-0.00362368840105314));
#13208=CARTESIAN_POINT('',(0.125,0.0205440788011947,-0.00558941832986221));
#13209=CARTESIAN_POINT('',(0.125692901628255,0.0181516740987269,-0.00537427402208011));
#13210=CARTESIAN_POINT('',(0.125692901628255,0.0181516740987269,-0.00537427402208011));
#13211=CARTESIAN_POINT('',(0.125,0.0205440788011947,-0.00558941832986221));
#13212=CARTESIAN_POINT('',(0.122706110936725,0.0195540553335534,-0.00550038744248182));
#13213=CARTESIAN_POINT('',(0.122706110936725,0.0195540553335534,-0.00550038744248182));
#13214=CARTESIAN_POINT('',(0.127083333333333,0.0133508838941148,-0.00494254828424278));
#13215=CARTESIAN_POINT('',(0.128473765038411,0.00855009368950258,-0.00451082254640545));
#13216=CARTESIAN_POINT('',(0.128473765038411,0.00855009368950258,-0.00451082254640545));
#13217=CARTESIAN_POINT('',(0.127083333333333,0.0133508838941148,-0.00494254828424278));
#13218=CARTESIAN_POINT('',(0.129166666666667,0.0061576889870348,-0.00429567823862334));
#13219=CARTESIAN_POINT('',(0.126872777603392,0.00516766551939354,-0.00420664735124296));
#13220=CARTESIAN_POINT('',(0.126872777603392,0.00516766551939354,-0.00420664735124296));
#13221=CARTESIAN_POINT('',(0.129166666666667,0.0061576889870348,-0.00429567823862334));
#13222=CARTESIAN_POINT('',(0.1125,-0.00103550592004513,-0.00364880819300391));
#13223=CARTESIAN_POINT('',(0.0981272223966081,-0.00723867735948377,-0.00309096903476487));
#13224=CARTESIAN_POINT('',(0.0981272223966081,-0.00723867735948377,-0.00309096903476487));
#13225=CARTESIAN_POINT('',(0.1125,-0.00103550592004513,-0.00364880819300391));
#13226=CARTESIAN_POINT('',(0.0958333333333333,-0.00822870082712506,-0.00300193814738448));
#13227=CARTESIAN_POINT('',(0.0951404317050779,-0.00583629612465729,-0.00321708245516658));
#13228=CARTESIAN_POINT('',(0.0951404317050779,-0.00583629612465729,-0.00321708245516658));
#13229=CARTESIAN_POINT('',(0.0958333333333333,-0.00822870082712506,-0.00300193814738448));
#13230=CARTESIAN_POINT('',(0.09375,-0.0010355059200451,-0.00364880819300391));
#13231=CARTESIAN_POINT('',(0.0923595682949221,0.00376528428456708,-0.00408053393084124));
#13232=CARTESIAN_POINT('',(0.0923595682949221,0.00376528428456708,-0.00408053393084124));
#13233=CARTESIAN_POINT('',(0.09375,-0.0010355059200451,-0.00364880819300391));
#13234=CARTESIAN_POINT('',(0.0916666666666667,0.00615768898703483,-0.00429567823862334));
#13235=CARTESIAN_POINT('',(0.0939605557299415,0.00714771245467613,-0.00438470912600373));
#13236=CARTESIAN_POINT('',(0.0939605557299415,0.00714771245467613,-0.00438470912600373));
#13237=CARTESIAN_POINT('',(0.0916666666666667,0.00615768898703483,-0.00429567823862334));
#13238=CARTESIAN_POINT('',(0.108333333333333,0.0133508838941148,-0.00494254828424278));
#13239=CARTESIAN_POINT('',(0.108333333333333,0.0133508838941148,-0.00494254828424278));
#13240=CARTESIAN_POINT('',(0.,-0.00131483800652962,-0.00362368840105314));
#13241=CARTESIAN_POINT('',(0.0541666666666667,0.00615768898703485,-0.00429567823862334));
#13242=CARTESIAN_POINT('',(0.0564605557299415,0.00714771245467612,-0.00438470912600373));
#13243=CARTESIAN_POINT('',(0.0564605557299415,0.00714771245467612,-0.00438470912600373));
#13244=CARTESIAN_POINT('',(0.0541666666666667,0.00615768898703485,-0.00429567823862334));
#13245=CARTESIAN_POINT('',(0.0548595682949221,0.00376528428456707,-0.00408053393084124));
#13246=CARTESIAN_POINT('',(0.0548595682949221,0.00376528428456707,-0.00408053393084124));
#13247=CARTESIAN_POINT('',(0.0708333333333333,0.0133508838941148,-0.00494254828424278));
#13248=CARTESIAN_POINT('',(0.0852061109367252,0.0195540553335534,-0.00550038744248182));
#13249=CARTESIAN_POINT('',(0.0852061109367252,0.0195540553335534,-0.00550038744248182));
#13250=CARTESIAN_POINT('',(0.0708333333333333,0.0133508838941148,-0.00494254828424278));
#13251=CARTESIAN_POINT('',(0.0875,0.0205440788011947,-0.00558941832986221));
#13252=CARTESIAN_POINT('',(0.0881929016282555,0.0181516740987269,-0.0053742740220801));
#13253=CARTESIAN_POINT('',(0.0881929016282555,0.0181516740987269,-0.0053742740220801));
#13254=CARTESIAN_POINT('',(0.0875,0.0205440788011947,-0.00558941832986221));
#13255=CARTESIAN_POINT('',(0.0895833333333333,0.0133508838941148,-0.00494254828424278));
#13256=CARTESIAN_POINT('',(0.0909737650384112,0.00855009368950262,-0.00451082254640545));
#13257=CARTESIAN_POINT('',(0.0909737650384112,0.00855009368950262,-0.00451082254640545));
#13258=CARTESIAN_POINT('',(0.0895833333333333,0.0133508838941148,-0.00494254828424278));
#13259=CARTESIAN_POINT('',(0.0916666666666667,0.00615768898703484,-0.00429567823862334));
#13260=CARTESIAN_POINT('',(0.0893727776033919,0.00516766551939356,-0.00420664735124296));
#13261=CARTESIAN_POINT('',(0.0893727776033919,0.00516766551939356,-0.00420664735124296));
#13262=CARTESIAN_POINT('',(0.0916666666666667,0.00615768898703484,-0.00429567823862334));
#13263=CARTESIAN_POINT('',(0.075,-0.0010355059200451,-0.00364880819300391));
#13264=CARTESIAN_POINT('',(0.0606272223966081,-0.00723867735948375,-0.00309096903476488));
#13265=CARTESIAN_POINT('',(0.0606272223966081,-0.00723867735948375,-0.00309096903476488));
#13266=CARTESIAN_POINT('',(0.075,-0.0010355059200451,-0.00364880819300391));
#13267=CARTESIAN_POINT('',(0.0583333333333333,-0.00822870082712503,-0.00300193814738448));
#13268=CARTESIAN_POINT('',(0.0576404317050779,-0.00583629612465726,-0.00321708245516659));
#13269=CARTESIAN_POINT('',(0.0576404317050779,-0.00583629612465726,-0.00321708245516659));
#13270=CARTESIAN_POINT('',(0.0583333333333333,-0.00822870082712503,-0.00300193814738448));
#13271=CARTESIAN_POINT('',(0.05625,-0.0010355059200451,-0.00364880819300391));
#13272=CARTESIAN_POINT('',(0.05625,-0.0010355059200451,-0.00364880819300391));
#13273=CARTESIAN_POINT('',(0.,-0.00131483800652962,-0.00362368840105314));
#13274=CARTESIAN_POINT('',(0.05,0.0205440788011948,-0.00558941832986221));
#13275=CARTESIAN_POINT('',(0.0506929016282555,0.0181516740987269,-0.0053742740220801));
#13276=CARTESIAN_POINT('',(0.0506929016282555,0.0181516740987269,-0.0053742740220801));
#13277=CARTESIAN_POINT('',(0.05,0.0205440788011948,-0.00558941832986221));
#13278=CARTESIAN_POINT('',(0.0477061109367254,0.0195540553335535,-0.00550038744248183));
#13279=CARTESIAN_POINT('',(0.0477061109367254,0.0195540553335535,-0.00550038744248183));
#13280=CARTESIAN_POINT('',(0.0520833333333333,0.0133508838941148,-0.00494254828424278));
#13281=CARTESIAN_POINT('',(0.0534737650384112,0.00855009368950261,-0.00451082254640545));
#13282=CARTESIAN_POINT('',(0.0534737650384112,0.00855009368950261,-0.00451082254640545));
#13283=CARTESIAN_POINT('',(0.0520833333333333,0.0133508838941148,-0.00494254828424278));
#13284=CARTESIAN_POINT('',(0.0541666666666667,0.00615768898703483,-0.00429567823862334));
#13285=CARTESIAN_POINT('',(0.0518727776033919,0.00516766551939355,-0.00420664735124296));
#13286=CARTESIAN_POINT('',(0.0518727776033919,0.00516766551939355,-0.00420664735124296));
#13287=CARTESIAN_POINT('',(0.0541666666666667,0.00615768898703483,-0.00429567823862334));
#13288=CARTESIAN_POINT('',(0.0375,-0.0010355059200451,-0.00364880819300391));
#13289=CARTESIAN_POINT('',(0.0231272223966081,-0.00723867735948376,-0.00309096903476488));
#13290=CARTESIAN_POINT('',(0.0231272223966081,-0.00723867735948376,-0.00309096903476488));
#13291=CARTESIAN_POINT('',(0.0375,-0.0010355059200451,-0.00364880819300391));
#13292=CARTESIAN_POINT('',(0.0208333333333333,-0.00822870082712505,-0.00300193814738448));
#13293=CARTESIAN_POINT('',(0.0201404317050779,-0.00583629612465727,-0.00321708245516658));
#13294=CARTESIAN_POINT('',(0.0201404317050779,-0.00583629612465727,-0.00321708245516658));
#13295=CARTESIAN_POINT('',(0.0208333333333333,-0.00822870082712505,-0.00300193814738448));
#13296=CARTESIAN_POINT('',(0.01875,-0.0010355059200451,-0.00364880819300391));
#13297=CARTESIAN_POINT('',(0.0173595682949221,0.00376528428456708,-0.00408053393084124));
#13298=CARTESIAN_POINT('',(0.0173595682949221,0.00376528428456708,-0.00408053393084124));
#13299=CARTESIAN_POINT('',(0.01875,-0.0010355059200451,-0.00364880819300391));
#13300=CARTESIAN_POINT('',(0.0166666666666666,0.00615768898703484,-0.00429567823862334));
#13301=CARTESIAN_POINT('',(0.0189605557299415,0.00714771245467613,-0.00438470912600373));
#13302=CARTESIAN_POINT('',(0.0189605557299415,0.00714771245467613,-0.00438470912600373));
#13303=CARTESIAN_POINT('',(0.0166666666666666,0.00615768898703484,-0.00429567823862334));
#13304=CARTESIAN_POINT('',(0.0333333333333334,0.0133508838941148,-0.00494254828424278));
#13305=CARTESIAN_POINT('',(0.0333333333333334,0.0133508838941148,-0.00494254828424278));
#13306=CARTESIAN_POINT('',(0.,-0.00131483800652962,-0.00362368840105314));
#13307=CARTESIAN_POINT('',(0.0125,0.0205440788011947,-0.00558941832986221));
#13308=CARTESIAN_POINT('',(0.0131929016282554,0.0181516740987269,-0.00537427402208011));
#13309=CARTESIAN_POINT('',(0.0131929016282554,0.0181516740987269,-0.00537427402208011));
#13310=CARTESIAN_POINT('',(0.0125,0.0205440788011947,-0.00558941832986221));
#13311=CARTESIAN_POINT('',(0.0102061109367252,0.0195540553335534,-0.00550038744248182));
#13312=CARTESIAN_POINT('',(0.0102061109367252,0.0195540553335534,-0.00550038744248182));
#13313=CARTESIAN_POINT('',(0.0145833333333333,0.0133508838941148,-0.00494254828424278));
#13314=CARTESIAN_POINT('',(0.0159737650384112,0.00855009368950262,-0.00451082254640545));
#13315=CARTESIAN_POINT('',(0.0159737650384112,0.00855009368950262,-0.00451082254640545));
#13316=CARTESIAN_POINT('',(0.0145833333333333,0.0133508838941148,-0.00494254828424278));
#13317=CARTESIAN_POINT('',(0.0166666666666666,0.00615768898703484,-0.00429567823862334));
#13318=CARTESIAN_POINT('',(0.0143727776033918,0.00516766551939356,-0.00420664735124296));
#13319=CARTESIAN_POINT('',(0.0143727776033918,0.00516766551939356,-0.00420664735124296));
#13320=CARTESIAN_POINT('',(0.0166666666666666,0.00615768898703484,-0.00429567823862334));
#13321=CARTESIAN_POINT('',(-9.54097911787244E-18,-0.00103550592004509,-0.00364880819300391));
#13322=CARTESIAN_POINT('',(-0.0143727776033919,-0.00723867735948375,-0.00309096903476488));
#13323=CARTESIAN_POINT('',(-0.0143727776033919,-0.00723867735948375,-0.00309096903476488));
#13324=CARTESIAN_POINT('',(-9.54097911787244E-18,-0.00103550592004509,-0.00364880819300391));
#13325=CARTESIAN_POINT('',(-0.0166666666666666,-0.00822870082712503,-0.00300193814738448));
#13326=CARTESIAN_POINT('',(-0.0173595682949221,-0.00583629612465726,-0.00321708245516659));
#13327=CARTESIAN_POINT('',(-0.0173595682949221,-0.00583629612465726,-0.00321708245516659));
#13328=CARTESIAN_POINT('',(-0.0166666666666666,-0.00822870082712503,-0.00300193814738448));
#13329=CARTESIAN_POINT('',(-0.01875,-0.00103550592004509,-0.00364880819300391));
#13330=CARTESIAN_POINT('',(-0.0201404317050779,0.00376528428456708,-0.00408053393084124));
#13331=CARTESIAN_POINT('',(-0.0201404317050779,0.00376528428456708,-0.00408053393084124));
#13332=CARTESIAN_POINT('',(-0.01875,-0.00103550592004509,-0.00364880819300391));
#13333=CARTESIAN_POINT('',(-0.0208333333333333,0.00615768898703486,-0.00429567823862335));
#13334=CARTESIAN_POINT('',(-0.0185394442700586,0.00714771245467614,-0.00438470912600374));
#13335=CARTESIAN_POINT('',(-0.0185394442700586,0.00714771245467614,-0.00438470912600374));
#13336=CARTESIAN_POINT('',(-0.0208333333333333,0.00615768898703486,-0.00429567823862335));
#13337=CARTESIAN_POINT('',(-0.00416666666666668,0.0133508838941148,-0.00494254828424278));
#13338=CARTESIAN_POINT('',(-0.00416666666666668,0.0133508838941148,-0.00494254828424278));
#13339=CARTESIAN_POINT('',(0.,-0.00131483800652962,-0.00362368840105314));
#13340=CARTESIAN_POINT('',(-0.025,0.0205440788011947,-0.00558941832986221));
#13341=CARTESIAN_POINT('',(-0.0243070983717446,0.0181516740987269,-0.00537427402208011));
#13342=CARTESIAN_POINT('',(-0.0243070983717446,0.0181516740987269,-0.00537427402208011));
#13343=CARTESIAN_POINT('',(-0.025,0.0205440788011947,-0.00558941832986221));
#13344=CARTESIAN_POINT('',(-0.0272938890632748,0.0195540553335535,-0.00550038744248182));
#13345=CARTESIAN_POINT('',(-0.0272938890632748,0.0195540553335535,-0.00550038744248182));
#13346=CARTESIAN_POINT('',(-0.0229166666666667,0.0133508838941148,-0.00494254828424278));
#13347=CARTESIAN_POINT('',(-0.0215262349615888,0.00855009368950263,-0.00451082254640545));
#13348=CARTESIAN_POINT('',(-0.0215262349615888,0.00855009368950263,-0.00451082254640545));
#13349=CARTESIAN_POINT('',(-0.0229166666666667,0.0133508838941148,-0.00494254828424278));
#13350=CARTESIAN_POINT('',(-0.0208333333333333,0.00615768898703486,-0.00429567823862335));
#13351=CARTESIAN_POINT('',(-0.0231272223966081,0.00516766551939357,-0.00420664735124296));
#13352=CARTESIAN_POINT('',(-0.0231272223966081,0.00516766551939357,-0.00420664735124296));
#13353=CARTESIAN_POINT('',(-0.0208333333333333,0.00615768898703486,-0.00429567823862335));
#13354=CARTESIAN_POINT('',(-0.0375,-0.00103550592004508,-0.00364880819300391));
#13355=CARTESIAN_POINT('',(-0.0518727776033919,-0.00723867735948374,-0.00309096903476488));
#13356=CARTESIAN_POINT('',(-0.0518727776033919,-0.00723867735948374,-0.00309096903476488));
#13357=CARTESIAN_POINT('',(-0.0375,-0.00103550592004508,-0.00364880819300391));
#13358=CARTESIAN_POINT('',(-0.0541666666666667,-0.008228700827125,-0.00300193814738448));
#13359=CARTESIAN_POINT('',(-0.0548595682949221,-0.00583629612465725,-0.00321708245516659));
#13360=CARTESIAN_POINT('',(-0.0548595682949221,-0.00583629612465725,-0.00321708245516659));
#13361=CARTESIAN_POINT('',(-0.0541666666666667,-0.008228700827125,-0.00300193814738448));
#13362=CARTESIAN_POINT('',(-0.05625,-0.00103550592004509,-0.00364880819300391));
#13363=CARTESIAN_POINT('',(-0.0576404317050779,0.00376528428456708,-0.00408053393084124));
#13364=CARTESIAN_POINT('',(-0.0576404317050779,0.00376528428456708,-0.00408053393084124));
#13365=CARTESIAN_POINT('',(-0.05625,-0.00103550592004509,-0.00364880819300391));
#13366=CARTESIAN_POINT('',(-0.0583333333333333,0.00615768898703485,-0.00429567823862335));
#13367=CARTESIAN_POINT('',(-0.0560394442700585,0.00714771245467613,-0.00438470912600373));
#13368=CARTESIAN_POINT('',(-0.0560394442700585,0.00714771245467613,-0.00438470912600373));
#13369=CARTESIAN_POINT('',(-0.0583333333333333,0.00615768898703485,-0.00429567823862335));
#13370=CARTESIAN_POINT('',(-0.0416666666666667,0.0133508838941148,-0.00494254828424278));
#13371=CARTESIAN_POINT('',(-0.0416666666666667,0.0133508838941148,-0.00494254828424278));
#13372=CARTESIAN_POINT('',(0.,-0.00131483800652962,-0.00362368840105314));
#13373=CARTESIAN_POINT('',(-0.0625,0.0205440788011947,-0.00558941832986221));
#13374=CARTESIAN_POINT('',(-0.0618070983717446,0.0181516740987269,-0.00537427402208011));
#13375=CARTESIAN_POINT('',(-0.0618070983717446,0.0181516740987269,-0.00537427402208011));
#13376=CARTESIAN_POINT('',(-0.0625,0.0205440788011947,-0.00558941832986221));
#13377=CARTESIAN_POINT('',(-0.0647938890632748,0.0195540553335534,-0.00550038744248182));
#13378=CARTESIAN_POINT('',(-0.0647938890632748,0.0195540553335534,-0.00550038744248182));
#13379=CARTESIAN_POINT('',(-0.0604166666666667,0.0133508838941148,-0.00494254828424278));
#13380=CARTESIAN_POINT('',(-0.0590262349615888,0.00855009368950262,-0.00451082254640545));
#13381=CARTESIAN_POINT('',(-0.0590262349615888,0.00855009368950262,-0.00451082254640545));
#13382=CARTESIAN_POINT('',(-0.0604166666666667,0.0133508838941148,-0.00494254828424278));
#13383=CARTESIAN_POINT('',(-0.0583333333333333,0.00615768898703485,-0.00429567823862335));
#13384=CARTESIAN_POINT('',(-0.0606272223966081,0.00516766551939357,-0.00420664735124296));
#13385=CARTESIAN_POINT('',(-0.0606272223966081,0.00516766551939357,-0.00420664735124296));
#13386=CARTESIAN_POINT('',(-0.0583333333333333,0.00615768898703485,-0.00429567823862335));
#13387=CARTESIAN_POINT('',(-0.075,-0.00103550592004509,-0.00364880819300391));
#13388=CARTESIAN_POINT('',(-0.0893727776033919,-0.00723867735948374,-0.00309096903476488));
#13389=CARTESIAN_POINT('',(-0.0893727776033919,-0.00723867735948374,-0.00309096903476488));
#13390=CARTESIAN_POINT('',(-0.075,-0.00103550592004509,-0.00364880819300391));
#13391=CARTESIAN_POINT('',(-0.0916666666666667,-0.00822870082712503,-0.00300193814738448));
#13392=CARTESIAN_POINT('',(-0.0923595682949221,-0.00583629612465726,-0.00321708245516659));
#13393=CARTESIAN_POINT('',(-0.0923595682949221,-0.00583629612465726,-0.00321708245516659));
#13394=CARTESIAN_POINT('',(-0.0916666666666667,-0.00822870082712503,-0.00300193814738448));
#13395=CARTESIAN_POINT('',(-0.09375,-0.00103550592004509,-0.00364880819300391));
#13396=CARTESIAN_POINT('',(-0.0951404317050779,0.00376528428456708,-0.00408053393084124));
#13397=CARTESIAN_POINT('',(-0.0951404317050779,0.00376528428456708,-0.00408053393084124));
#13398=CARTESIAN_POINT('',(-0.09375,-0.00103550592004509,-0.00364880819300391));
#13399=CARTESIAN_POINT('',(-0.0958333333333333,0.00615768898703488,-0.00429567823862335));
#13400=CARTESIAN_POINT('',(-0.0935394442700585,0.00714771245467614,-0.00438470912600373));
#13401=CARTESIAN_POINT('',(-0.0935394442700585,0.00714771245467614,-0.00438470912600373));
#13402=CARTESIAN_POINT('',(-0.0958333333333333,0.00615768898703488,-0.00429567823862335));
#13403=CARTESIAN_POINT('',(-0.0791666666666667,0.0133508838941148,-0.00494254828424278));
#13404=CARTESIAN_POINT('',(-0.0791666666666667,0.0133508838941148,-0.00494254828424278));
#13405=CARTESIAN_POINT('',(0.,-0.00131483800652962,-0.00362368840105314));
#13406=CARTESIAN_POINT('',(-0.1,0.0205440788011947,-0.00558941832986221));
#13407=CARTESIAN_POINT('',(-0.0993070983717445,0.0181516740987269,-0.00537427402208011));
#13408=CARTESIAN_POINT('',(-0.0993070983717445,0.0181516740987269,-0.00537427402208011));
#13409=CARTESIAN_POINT('',(-0.1,0.0205440788011947,-0.00558941832986221));
#13410=CARTESIAN_POINT('',(-0.102293889063275,0.0195540553335535,-0.00550038744248182));
#13411=CARTESIAN_POINT('',(-0.102293889063275,0.0195540553335535,-0.00550038744248182));
#13412=CARTESIAN_POINT('',(-0.0979166666666667,0.0133508838941148,-0.00494254828424278));
#13413=CARTESIAN_POINT('',(-0.0965262349615888,0.00855009368950262,-0.00451082254640545));
#13414=CARTESIAN_POINT('',(-0.0965262349615888,0.00855009368950262,-0.00451082254640545));
#13415=CARTESIAN_POINT('',(-0.0979166666666667,0.0133508838941148,-0.00494254828424278));
#13416=CARTESIAN_POINT('',(-0.0958333333333333,0.00615768898703484,-0.00429567823862334));
#13417=CARTESIAN_POINT('',(-0.0981272223966081,0.00516766551939357,-0.00420664735124296));
#13418=CARTESIAN_POINT('',(-0.0981272223966081,0.00516766551939357,-0.00420664735124296));
#13419=CARTESIAN_POINT('',(-0.0958333333333333,0.00615768898703484,-0.00429567823862334));
#13420=CARTESIAN_POINT('',(-0.1125,-0.00103550592004508,-0.00364880819300391));
#13421=CARTESIAN_POINT('',(-0.126872777603392,-0.00723867735948376,-0.00309096903476487));
#13422=CARTESIAN_POINT('',(-0.126872777603392,-0.00723867735948376,-0.00309096903476487));
#13423=CARTESIAN_POINT('',(-0.1125,-0.00103550592004508,-0.00364880819300391));
#13424=CARTESIAN_POINT('',(-0.129166666666667,-0.00822870082712505,-0.00300193814738448));
#13425=CARTESIAN_POINT('',(-0.129859568294922,-0.00583629612465726,-0.00321708245516659));
#13426=CARTESIAN_POINT('',(-0.129859568294922,-0.00583629612465726,-0.00321708245516659));
#13427=CARTESIAN_POINT('',(-0.129166666666667,-0.00822870082712505,-0.00300193814738448));
#13428=CARTESIAN_POINT('',(-0.13125,-0.00103550592004508,-0.00364880819300391));
#13429=CARTESIAN_POINT('',(-0.132640431705078,0.00376528428456711,-0.00408053393084124));
#13430=CARTESIAN_POINT('',(-0.132640431705078,0.00376528428456711,-0.00408053393084124));
#13431=CARTESIAN_POINT('',(-0.13125,-0.00103550592004508,-0.00364880819300391));
#13432=CARTESIAN_POINT('',(-0.133333333333333,0.00615768898703486,-0.00429567823862335));
#13433=CARTESIAN_POINT('',(-0.131039444270058,0.00714771245467616,-0.00438470912600374));
#13434=CARTESIAN_POINT('',(-0.131039444270058,0.00714771245467616,-0.00438470912600374));
#13435=CARTESIAN_POINT('',(-0.133333333333333,0.00615768898703486,-0.00429567823862335));
#13436=CARTESIAN_POINT('',(-0.116666666666667,0.0133508838941148,-0.00494254828424278));
#13437=CARTESIAN_POINT('',(-0.116666666666667,0.0133508838941148,-0.00494254828424278));
#13438=CARTESIAN_POINT('',(0.,-0.00131483800652962,-0.00362368840105314));
#13439=CARTESIAN_POINT('',(-0.0708333333333334,0.0493168584295145,-0.00817689851233994));
#13440=CARTESIAN_POINT('',(-0.0701404317050779,0.0469244537270467,-0.00796175420455783));
#13441=CARTESIAN_POINT('',(-0.0701404317050779,0.0469244537270467,-0.00796175420455783));
#13442=CARTESIAN_POINT('',(-0.0708333333333334,0.0493168584295145,-0.00817689851233994));
#13443=CARTESIAN_POINT('',(-0.0731272223966081,0.0483268349618732,-0.00808786762495955));
#13444=CARTESIAN_POINT('',(-0.0731272223966081,0.0483268349618732,-0.00808786762495955));
#13445=CARTESIAN_POINT('',(-0.06875,0.0421236635224345,-0.00753002846672051));
#13446=CARTESIAN_POINT('',(-0.0673595682949221,0.0373228733178224,-0.00709830272888318));
#13447=CARTESIAN_POINT('',(-0.0673595682949221,0.0373228733178224,-0.00709830272888318));
#13448=CARTESIAN_POINT('',(-0.06875,0.0421236635224345,-0.00753002846672051));
#13449=CARTESIAN_POINT('',(-0.0666666666666667,0.0349304686153546,-0.00688315842110107));
#13450=CARTESIAN_POINT('',(-0.0689605557299415,0.0339404451477133,-0.00679412753372068));
#13451=CARTESIAN_POINT('',(-0.0689605557299415,0.0339404451477133,-0.00679412753372068));
#13452=CARTESIAN_POINT('',(-0.0666666666666667,0.0349304686153546,-0.00688315842110107));
#13453=CARTESIAN_POINT('',(-0.0833333333333333,0.0277372737082747,-0.00623628837548164));
#13454=CARTESIAN_POINT('',(-0.0977061109367252,0.0215341022688361,-0.0056784492172426));
#13455=CARTESIAN_POINT('',(-0.0977061109367252,0.0215341022688361,-0.0056784492172426));
#13456=CARTESIAN_POINT('',(-0.0833333333333333,0.0277372737082747,-0.00623628837548164));
#13457=CARTESIAN_POINT('',(-0.1,0.0205440788011947,-0.00558941832986221));
#13458=CARTESIAN_POINT('',(-0.100692901628255,0.0229364835036625,-0.00580456263764431));
#13459=CARTESIAN_POINT('',(-0.100692901628255,0.0229364835036625,-0.00580456263764431));
#13460=CARTESIAN_POINT('',(-0.1,0.0205440788011947,-0.00558941832986221));
#13461=CARTESIAN_POINT('',(-0.102083333333333,0.0277372737082747,-0.00623628837548164));
#13462=CARTESIAN_POINT('',(-0.103473765038411,0.0325380639128869,-0.00666801411331897));
#13463=CARTESIAN_POINT('',(-0.103473765038411,0.0325380639128869,-0.00666801411331897));
#13464=CARTESIAN_POINT('',(-0.102083333333333,0.0277372737082747,-0.00623628837548164));
#13465=CARTESIAN_POINT('',(-0.104166666666667,0.0349304686153546,-0.00688315842110107));
#13466=CARTESIAN_POINT('',(-0.101872777603392,0.0359204920829959,-0.00697218930848146));
#13467=CARTESIAN_POINT('',(-0.101872777603392,0.0359204920829959,-0.00697218930848146));
#13468=CARTESIAN_POINT('',(-0.104166666666667,0.0349304686153546,-0.00688315842110107));
#13469=CARTESIAN_POINT('',(-0.0875,0.0421236635224346,-0.00753002846672051));
#13470=CARTESIAN_POINT('',(-0.0875,0.0421236635224346,-0.00753002846672051));
#13471=CARTESIAN_POINT('',(0.,-0.00131483800652962,-0.00362368840105314));
#13472=CARTESIAN_POINT('',(-0.145833333333333,0.0493168584295145,-0.00817689851233994));
#13473=CARTESIAN_POINT('',(-0.145140431705078,0.0469244537270468,-0.00796175420455784));
#13474=CARTESIAN_POINT('',(-0.145140431705078,0.0469244537270468,-0.00796175420455784));
#13475=CARTESIAN_POINT('',(-0.145833333333333,0.0493168584295145,-0.00817689851233994));
#13476=CARTESIAN_POINT('',(-0.148127222396608,0.0483268349618732,-0.00808786762495955));
#13477=CARTESIAN_POINT('',(-0.148127222396608,0.0483268349618732,-0.00808786762495955));
#13478=CARTESIAN_POINT('',(-0.14375,0.0421236635224346,-0.00753002846672051));
#13479=CARTESIAN_POINT('',(-0.142359568294922,0.0373228733178224,-0.00709830272888318));
#13480=CARTESIAN_POINT('',(-0.142359568294922,0.0373228733178224,-0.00709830272888318));
#13481=CARTESIAN_POINT('',(-0.14375,0.0421236635224346,-0.00753002846672051));
#13482=CARTESIAN_POINT('',(-0.141666666666667,0.0349304686153547,-0.00688315842110108));
#13483=CARTESIAN_POINT('',(-0.143960555729941,0.0339404451477133,-0.00679412753372069));
#13484=CARTESIAN_POINT('',(-0.143960555729941,0.0339404451477133,-0.00679412753372069));
#13485=CARTESIAN_POINT('',(-0.141666666666667,0.0349304686153547,-0.00688315842110108));
#13486=CARTESIAN_POINT('',(-0.146980277864971,0.032637158154764,-0.00667692546600602));
#13487=CARTESIAN_POINT('',(-0.15,0.0313338711618147,-0.00655972339829136));
#13488=CARTESIAN_POINT('',(-0.15,0.0313338711618147,-0.00655972339829136));
#13489=CARTESIAN_POINT('',(-0.146980277864971,0.032637158154764,-0.00667692546600602));
#13490=CARTESIAN_POINT('',(-0.15,0.0394262154322796,-0.00728745219961322));
#13491=CARTESIAN_POINT('',(-0.15,0.0475185597027445,-0.00801518100093508));
#13492=CARTESIAN_POINT('',(-0.15,0.0475185597027445,-0.00801518100093508));
#13493=CARTESIAN_POINT('',(-0.15,0.0394262154322796,-0.00728745219961322));
#13494=CARTESIAN_POINT('',(-0.149063611198304,0.0479226973323089,-0.00805152431294731));
#13495=CARTESIAN_POINT('',(-0.149063611198304,0.0479226973323089,-0.00805152431294731));
#13496=CARTESIAN_POINT('',(0.,-0.00131483800652962,-0.00362368840105314));
#13497=CARTESIAN_POINT('',(-0.108333333333333,0.0493168584295145,-0.00817689851233994));
#13498=CARTESIAN_POINT('',(-0.107640431705078,0.0469244537270468,-0.00796175420455784));
#13499=CARTESIAN_POINT('',(-0.107640431705078,0.0469244537270468,-0.00796175420455784));
#13500=CARTESIAN_POINT('',(-0.108333333333333,0.0493168584295145,-0.00817689851233994));
#13501=CARTESIAN_POINT('',(-0.110627222396608,0.0483268349618733,-0.00808786762495955));
#13502=CARTESIAN_POINT('',(-0.110627222396608,0.0483268349618733,-0.00808786762495955));
#13503=CARTESIAN_POINT('',(-0.10625,0.0421236635224346,-0.00753002846672051));
#13504=CARTESIAN_POINT('',(-0.104859568294922,0.0373228733178224,-0.00709830272888318));
#13505=CARTESIAN_POINT('',(-0.104859568294922,0.0373228733178224,-0.00709830272888318));
#13506=CARTESIAN_POINT('',(-0.10625,0.0421236635224346,-0.00753002846672051));
#13507=CARTESIAN_POINT('',(-0.104166666666667,0.0349304686153546,-0.00688315842110108));
#13508=CARTESIAN_POINT('',(-0.106460555729941,0.0339404451477133,-0.00679412753372069));
#13509=CARTESIAN_POINT('',(-0.106460555729941,0.0339404451477133,-0.00679412753372069));
#13510=CARTESIAN_POINT('',(-0.104166666666667,0.0349304686153546,-0.00688315842110108));
#13511=CARTESIAN_POINT('',(-0.120833333333333,0.0277372737082747,-0.00623628837548164));
#13512=CARTESIAN_POINT('',(-0.135206110936725,0.0215341022688361,-0.0056784492172426));
#13513=CARTESIAN_POINT('',(-0.135206110936725,0.0215341022688361,-0.0056784492172426));
#13514=CARTESIAN_POINT('',(-0.120833333333333,0.0277372737082747,-0.00623628837548164));
#13515=CARTESIAN_POINT('',(-0.1375,0.0205440788011947,-0.00558941832986221));
#13516=CARTESIAN_POINT('',(-0.138192901628255,0.0229364835036625,-0.00580456263764432));
#13517=CARTESIAN_POINT('',(-0.138192901628255,0.0229364835036625,-0.00580456263764432));
#13518=CARTESIAN_POINT('',(-0.1375,0.0205440788011947,-0.00558941832986221));
#13519=CARTESIAN_POINT('',(-0.139583333333333,0.0277372737082747,-0.00623628837548164));
#13520=CARTESIAN_POINT('',(-0.140973765038411,0.0325380639128869,-0.00666801411331897));
#13521=CARTESIAN_POINT('',(-0.140973765038411,0.0325380639128869,-0.00666801411331897));
#13522=CARTESIAN_POINT('',(-0.139583333333333,0.0277372737082747,-0.00623628837548164));
#13523=CARTESIAN_POINT('',(-0.141666666666667,0.0349304686153546,-0.00688315842110108));
#13524=CARTESIAN_POINT('',(-0.139372777603392,0.0359204920829959,-0.00697218930848147));
#13525=CARTESIAN_POINT('',(-0.139372777603392,0.0359204920829959,-0.00697218930848147));
#13526=CARTESIAN_POINT('',(-0.141666666666667,0.0349304686153546,-0.00688315842110108));
#13527=CARTESIAN_POINT('',(-0.125,0.0421236635224346,-0.00753002846672051));
#13528=CARTESIAN_POINT('',(-0.125,0.0421236635224346,-0.00753002846672051));
#13529=CARTESIAN_POINT('',(0.,-0.00131483800652962,-0.00362368840105314));
#13530=CARTESIAN_POINT('',(-0.1375,0.0205440788011947,-0.00558941832986221));
#13531=CARTESIAN_POINT('',(-0.136807098371745,0.018151674098727,-0.00537427402208011));
#13532=CARTESIAN_POINT('',(-0.136807098371745,0.018151674098727,-0.00537427402208011));
#13533=CARTESIAN_POINT('',(-0.1375,0.0205440788011947,-0.00558941832986221));
#13534=CARTESIAN_POINT('',(-0.139793889063275,0.0195540553335534,-0.00550038744248182));
#13535=CARTESIAN_POINT('',(-0.139793889063275,0.0195540553335534,-0.00550038744248182));
#13536=CARTESIAN_POINT('',(-0.135416666666667,0.0133508838941148,-0.00494254828424278));
#13537=CARTESIAN_POINT('',(-0.134026234961589,0.00855009368950265,-0.00451082254640545));
#13538=CARTESIAN_POINT('',(-0.134026234961589,0.00855009368950265,-0.00451082254640545));
#13539=CARTESIAN_POINT('',(-0.135416666666667,0.0133508838941148,-0.00494254828424278));
#13540=CARTESIAN_POINT('',(-0.133333333333333,0.00615768898703487,-0.00429567823862335));
#13541=CARTESIAN_POINT('',(-0.135627222396608,0.00516766551939359,-0.00420664735124296));
#13542=CARTESIAN_POINT('',(-0.135627222396608,0.00516766551939359,-0.00420664735124296));
#13543=CARTESIAN_POINT('',(-0.133333333333333,0.00615768898703487,-0.00429567823862335));
#13544=CARTESIAN_POINT('',(-0.142813611198304,0.00206607979967427,-0.00392772777212344));
#13545=CARTESIAN_POINT('',(-0.15,-0.00103550592004505,-0.00364880819300392));
#13546=CARTESIAN_POINT('',(-0.15,-0.00103550592004505,-0.00364880819300392));
#13547=CARTESIAN_POINT('',(-0.142813611198304,0.00206607979967427,-0.00392772777212344));
#13548=CARTESIAN_POINT('',(-0.15,0.00705683835041989,-0.00437653699432578));
#13549=CARTESIAN_POINT('',(-0.15,0.0151491826208848,-0.00510426579564764));
#13550=CARTESIAN_POINT('',(-0.15,0.0151491826208848,-0.00510426579564764));
#13551=CARTESIAN_POINT('',(-0.15,0.00705683835041989,-0.00437653699432578));
#13552=CARTESIAN_POINT('',(-0.144896944531637,0.0173516189772191,-0.00530232661906473));
#13553=CARTESIAN_POINT('',(-0.144896944531637,0.0173516189772191,-0.00530232661906473));
#13554=CARTESIAN_POINT('',(0.,-0.00131483800652962,-0.00362368840105314));
#13555=CARTESIAN_POINT('',(-0.0333333333333333,0.0493168584295145,-0.00817689851233994));
#13556=CARTESIAN_POINT('',(-0.0326404317050779,0.0469244537270468,-0.00796175420455783));
#13557=CARTESIAN_POINT('',(-0.0326404317050779,0.0469244537270468,-0.00796175420455783));
#13558=CARTESIAN_POINT('',(-0.0333333333333333,0.0493168584295145,-0.00817689851233994));
#13559=CARTESIAN_POINT('',(-0.0356272223966081,0.0483268349618732,-0.00808786762495955));
#13560=CARTESIAN_POINT('',(-0.0356272223966081,0.0483268349618732,-0.00808786762495955));
#13561=CARTESIAN_POINT('',(-0.03125,0.0421236635224345,-0.00753002846672051));
#13562=CARTESIAN_POINT('',(-0.0298595682949221,0.0373228733178223,-0.00709830272888318));
#13563=CARTESIAN_POINT('',(-0.0298595682949221,0.0373228733178223,-0.00709830272888318));
#13564=CARTESIAN_POINT('',(-0.03125,0.0421236635224345,-0.00753002846672051));
#13565=CARTESIAN_POINT('',(-0.0291666666666666,0.0349304686153546,-0.00688315842110107));
#13566=CARTESIAN_POINT('',(-0.0314605557299415,0.0339404451477133,-0.00679412753372068));
#13567=CARTESIAN_POINT('',(-0.0314605557299415,0.0339404451477133,-0.00679412753372068));
#13568=CARTESIAN_POINT('',(-0.0291666666666666,0.0349304686153546,-0.00688315842110107));
#13569=CARTESIAN_POINT('',(-0.0458333333333333,0.0277372737082746,-0.00623628837548164));
#13570=CARTESIAN_POINT('',(-0.0602061109367252,0.021534102268836,-0.0056784492172426));
#13571=CARTESIAN_POINT('',(-0.0602061109367252,0.021534102268836,-0.0056784492172426));
#13572=CARTESIAN_POINT('',(-0.0458333333333333,0.0277372737082746,-0.00623628837548164));
#13573=CARTESIAN_POINT('',(-0.0625,0.0205440788011947,-0.00558941832986221));
#13574=CARTESIAN_POINT('',(-0.0631929016282555,0.0229364835036625,-0.00580456263764431));
#13575=CARTESIAN_POINT('',(-0.0631929016282555,0.0229364835036625,-0.00580456263764431));
#13576=CARTESIAN_POINT('',(-0.0625,0.0205440788011947,-0.00558941832986221));
#13577=CARTESIAN_POINT('',(-0.0645833333333333,0.0277372737082747,-0.00623628837548164));
#13578=CARTESIAN_POINT('',(-0.0659737650384112,0.0325380639128868,-0.00666801411331897));
#13579=CARTESIAN_POINT('',(-0.0659737650384112,0.0325380639128868,-0.00666801411331897));
#13580=CARTESIAN_POINT('',(-0.0645833333333333,0.0277372737082747,-0.00623628837548164));
#13581=CARTESIAN_POINT('',(-0.0666666666666667,0.0349304686153546,-0.00688315842110107));
#13582=CARTESIAN_POINT('',(-0.0643727776033919,0.0359204920829959,-0.00697218930848146));
#13583=CARTESIAN_POINT('',(-0.0643727776033919,0.0359204920829959,-0.00697218930848146));
#13584=CARTESIAN_POINT('',(-0.0666666666666667,0.0349304686153546,-0.00688315842110107));
#13585=CARTESIAN_POINT('',(-0.05,0.0421236635224346,-0.00753002846672051));
#13586=CARTESIAN_POINT('',(-0.05,0.0421236635224346,-0.00753002846672051));
#13587=CARTESIAN_POINT('',(0.,-0.00131483800652962,-0.00362368840105314));
#13588=CARTESIAN_POINT('',(0.00416666666666666,0.0493168584295145,-0.00817689851233994));
#13589=CARTESIAN_POINT('',(0.00485956829492212,0.0469244537270467,-0.00796175420455783));
#13590=CARTESIAN_POINT('',(0.00485956829492212,0.0469244537270467,-0.00796175420455783));
#13591=CARTESIAN_POINT('',(0.00416666666666666,0.0493168584295145,-0.00817689851233994));
#13592=CARTESIAN_POINT('',(0.00187277760339187,0.0483268349618732,-0.00808786762495955));
#13593=CARTESIAN_POINT('',(0.00187277760339187,0.0483268349618732,-0.00808786762495955));
#13594=CARTESIAN_POINT('',(0.00625,0.0421236635224345,-0.0075300284667205));
#13595=CARTESIAN_POINT('',(0.00764043170507788,0.0373228733178223,-0.00709830272888318));
#13596=CARTESIAN_POINT('',(0.00764043170507788,0.0373228733178223,-0.00709830272888318));
#13597=CARTESIAN_POINT('',(0.00625,0.0421236635224345,-0.0075300284667205));
#13598=CARTESIAN_POINT('',(0.00833333333333333,0.0349304686153546,-0.00688315842110107));
#13599=CARTESIAN_POINT('',(0.00603944427005852,0.0339404451477133,-0.00679412753372068));
#13600=CARTESIAN_POINT('',(0.00603944427005852,0.0339404451477133,-0.00679412753372068));
#13601=CARTESIAN_POINT('',(0.00833333333333333,0.0349304686153546,-0.00688315842110107));
#13602=CARTESIAN_POINT('',(-0.0083333333333333,0.0277372737082747,-0.00623628837548164));
#13603=CARTESIAN_POINT('',(-0.0227061109367251,0.0215341022688361,-0.0056784492172426));
#13604=CARTESIAN_POINT('',(-0.0227061109367251,0.0215341022688361,-0.0056784492172426));
#13605=CARTESIAN_POINT('',(-0.0083333333333333,0.0277372737082747,-0.00623628837548164));
#13606=CARTESIAN_POINT('',(-0.025,0.0205440788011947,-0.00558941832986221));
#13607=CARTESIAN_POINT('',(-0.0256929016282555,0.0229364835036625,-0.00580456263764431));
#13608=CARTESIAN_POINT('',(-0.0256929016282555,0.0229364835036625,-0.00580456263764431));
#13609=CARTESIAN_POINT('',(-0.025,0.0205440788011947,-0.00558941832986221));
#13610=CARTESIAN_POINT('',(-0.0270833333333334,0.0277372737082746,-0.00623628837548164));
#13611=CARTESIAN_POINT('',(-0.0284737650384112,0.0325380639128868,-0.00666801411331897));
#13612=CARTESIAN_POINT('',(-0.0284737650384112,0.0325380639128868,-0.00666801411331897));
#13613=CARTESIAN_POINT('',(-0.0270833333333334,0.0277372737082746,-0.00623628837548164));
#13614=CARTESIAN_POINT('',(-0.0291666666666666,0.0349304686153546,-0.00688315842110107));
#13615=CARTESIAN_POINT('',(-0.0268727776033919,0.0359204920829959,-0.00697218930848146));
#13616=CARTESIAN_POINT('',(-0.0268727776033919,0.0359204920829959,-0.00697218930848146));
#13617=CARTESIAN_POINT('',(-0.0291666666666666,0.0349304686153546,-0.00688315842110107));
#13618=CARTESIAN_POINT('',(-0.0125,0.0421236635224345,-0.0075300284667205));
#13619=CARTESIAN_POINT('',(-0.0125,0.0421236635224345,-0.0075300284667205));
#13620=CARTESIAN_POINT('',(0.,-0.00131483800652962,-0.00362368840105314));
#13621=CARTESIAN_POINT('',(0.0416666666666667,0.0493168584295145,-0.00817689851233994));
#13622=CARTESIAN_POINT('',(0.0423595682949221,0.0469244537270467,-0.00796175420455783));
#13623=CARTESIAN_POINT('',(0.0423595682949221,0.0469244537270467,-0.00796175420455783));
#13624=CARTESIAN_POINT('',(0.0416666666666667,0.0493168584295145,-0.00817689851233994));
#13625=CARTESIAN_POINT('',(0.0393727776033918,0.0483268349618732,-0.00808786762495955));
#13626=CARTESIAN_POINT('',(0.0393727776033918,0.0483268349618732,-0.00808786762495955));
#13627=CARTESIAN_POINT('',(0.04375,0.0421236635224345,-0.0075300284667205));
#13628=CARTESIAN_POINT('',(0.0451404317050779,0.0373228733178224,-0.00709830272888318));
#13629=CARTESIAN_POINT('',(0.0451404317050779,0.0373228733178224,-0.00709830272888318));
#13630=CARTESIAN_POINT('',(0.04375,0.0421236635224345,-0.0075300284667205));
#13631=CARTESIAN_POINT('',(0.0458333333333333,0.0349304686153546,-0.00688315842110107));
#13632=CARTESIAN_POINT('',(0.0435394442700585,0.0339404451477133,-0.00679412753372068));
#13633=CARTESIAN_POINT('',(0.0435394442700585,0.0339404451477133,-0.00679412753372068));
#13634=CARTESIAN_POINT('',(0.0458333333333333,0.0349304686153546,-0.00688315842110107));
#13635=CARTESIAN_POINT('',(0.0291666666666666,0.0277372737082747,-0.00623628837548164));
#13636=CARTESIAN_POINT('',(0.0147938890632748,0.021534102268836,-0.0056784492172426));
#13637=CARTESIAN_POINT('',(0.0147938890632748,0.021534102268836,-0.0056784492172426));
#13638=CARTESIAN_POINT('',(0.0291666666666666,0.0277372737082747,-0.00623628837548164));
#13639=CARTESIAN_POINT('',(0.0125,0.0205440788011947,-0.00558941832986221));
#13640=CARTESIAN_POINT('',(0.0118070983717445,0.0229364835036625,-0.00580456263764431));
#13641=CARTESIAN_POINT('',(0.0118070983717445,0.0229364835036625,-0.00580456263764431));
#13642=CARTESIAN_POINT('',(0.0125,0.0205440788011947,-0.00558941832986221));
#13643=CARTESIAN_POINT('',(0.0104166666666667,0.0277372737082746,-0.00623628837548164));
#13644=CARTESIAN_POINT('',(0.00902623496158878,0.0325380639128868,-0.00666801411331897));
#13645=CARTESIAN_POINT('',(0.00902623496158878,0.0325380639128868,-0.00666801411331897));
#13646=CARTESIAN_POINT('',(0.0104166666666667,0.0277372737082746,-0.00623628837548164));
#13647=CARTESIAN_POINT('',(0.00833333333333333,0.0349304686153546,-0.00688315842110107));
#13648=CARTESIAN_POINT('',(0.0106272223966081,0.0359204920829959,-0.00697218930848146));
#13649=CARTESIAN_POINT('',(0.0106272223966081,0.0359204920829959,-0.00697218930848146));
#13650=CARTESIAN_POINT('',(0.00833333333333333,0.0349304686153546,-0.00688315842110107));
#13651=CARTESIAN_POINT('',(0.025,0.0421236635224345,-0.0075300284667205));
#13652=CARTESIAN_POINT('',(0.025,0.0421236635224345,-0.0075300284667205));
#13653=CARTESIAN_POINT('',(0.,-0.00131483800652962,-0.00362368840105314));
#13654=CARTESIAN_POINT('',(0.0791666666666667,0.0493168584295145,-0.00817689851233994));
#13655=CARTESIAN_POINT('',(0.0798595682949221,0.0469244537270467,-0.00796175420455783));
#13656=CARTESIAN_POINT('',(0.0798595682949221,0.0469244537270467,-0.00796175420455783));
#13657=CARTESIAN_POINT('',(0.0791666666666667,0.0493168584295145,-0.00817689851233994));
#13658=CARTESIAN_POINT('',(0.0768727776033919,0.0483268349618732,-0.00808786762495955));
#13659=CARTESIAN_POINT('',(0.0768727776033919,0.0483268349618732,-0.00808786762495955));
#13660=CARTESIAN_POINT('',(0.08125,0.0421236635224345,-0.0075300284667205));
#13661=CARTESIAN_POINT('',(0.0826404317050779,0.0373228733178223,-0.00709830272888318));
#13662=CARTESIAN_POINT('',(0.0826404317050779,0.0373228733178223,-0.00709830272888318));
#13663=CARTESIAN_POINT('',(0.08125,0.0421236635224345,-0.0075300284667205));
#13664=CARTESIAN_POINT('',(0.0833333333333333,0.0349304686153546,-0.00688315842110107));
#13665=CARTESIAN_POINT('',(0.0810394442700585,0.0339404451477133,-0.00679412753372068));
#13666=CARTESIAN_POINT('',(0.0810394442700585,0.0339404451477133,-0.00679412753372068));
#13667=CARTESIAN_POINT('',(0.0833333333333333,0.0349304686153546,-0.00688315842110107));
#13668=CARTESIAN_POINT('',(0.0666666666666668,0.0277372737082747,-0.00623628837548164));
#13669=CARTESIAN_POINT('',(0.052293889063275,0.0215341022688361,-0.00567844921724261));
#13670=CARTESIAN_POINT('',(0.052293889063275,0.0215341022688361,-0.00567844921724261));
#13671=CARTESIAN_POINT('',(0.0666666666666668,0.0277372737082747,-0.00623628837548164));
#13672=CARTESIAN_POINT('',(0.05,0.0205440788011947,-0.00558941832986221));
#13673=CARTESIAN_POINT('',(0.0493070983717446,0.0229364835036625,-0.00580456263764431));
#13674=CARTESIAN_POINT('',(0.0493070983717446,0.0229364835036625,-0.00580456263764431));
#13675=CARTESIAN_POINT('',(0.05,0.0205440788011947,-0.00558941832986221));
#13676=CARTESIAN_POINT('',(0.0479166666666667,0.0277372737082747,-0.00623628837548164));
#13677=CARTESIAN_POINT('',(0.0465262349615888,0.0325380639128868,-0.00666801411331897));
#13678=CARTESIAN_POINT('',(0.0465262349615888,0.0325380639128868,-0.00666801411331897));
#13679=CARTESIAN_POINT('',(0.0479166666666667,0.0277372737082747,-0.00623628837548164));
#13680=CARTESIAN_POINT('',(0.0458333333333333,0.0349304686153546,-0.00688315842110107));
#13681=CARTESIAN_POINT('',(0.0481272223966082,0.0359204920829959,-0.00697218930848146));
#13682=CARTESIAN_POINT('',(0.0481272223966082,0.0359204920829959,-0.00697218930848146));
#13683=CARTESIAN_POINT('',(0.0458333333333333,0.0349304686153546,-0.00688315842110107));
#13684=CARTESIAN_POINT('',(0.0625,0.0421236635224345,-0.0075300284667205));
#13685=CARTESIAN_POINT('',(0.0625,0.0421236635224345,-0.0075300284667205));
#13686=CARTESIAN_POINT('',(0.,-0.00131483800652962,-0.00362368840105314));
#13687=CARTESIAN_POINT('',(0.141666666666667,-0.0370014804554449,-0.00041445796490675));
#13688=CARTESIAN_POINT('',(-0.0833333333333333,-0.0370014804554448,-0.000414457964906759));
#13689=CARTESIAN_POINT('',(-0.120833333333333,-0.0370014804554448,-0.000414457964906762));
#13690=CARTESIAN_POINT('',(-0.0916666666666667,-0.00822870082712502,-0.00300193814738448));
#13691=CARTESIAN_POINT('',(-0.0909737650384112,-0.0106211055295928,-0.00278679383960238));
#13692=CARTESIAN_POINT('',(-0.0909737650384112,-0.0106211055295928,-0.00278679383960238));
#13693=CARTESIAN_POINT('',(-0.0916666666666667,-0.00822870082712502,-0.00300193814738448));
#13694=CARTESIAN_POINT('',(-0.0939605557299415,-0.0092187242947663,-0.00291290726000409));
#13695=CARTESIAN_POINT('',(-0.0939605557299415,-0.0092187242947663,-0.00291290726000409));
#13696=CARTESIAN_POINT('',(-0.0895833333333333,-0.015421895734205,-0.00235506810176506));
#13697=CARTESIAN_POINT('',(-0.0881929016282555,-0.0202226859388171,-0.00192334236392772));
#13698=CARTESIAN_POINT('',(-0.0881929016282555,-0.0202226859388171,-0.00192334236392772));
#13699=CARTESIAN_POINT('',(-0.0895833333333333,-0.015421895734205,-0.00235506810176506));
#13700=CARTESIAN_POINT('',(-0.0875,-0.0226150906412849,-0.00170819805614562));
#13701=CARTESIAN_POINT('',(-0.0897938890632748,-0.0236051141089262,-0.00161916716876523));
#13702=CARTESIAN_POINT('',(-0.0897938890632748,-0.0236051141089262,-0.00161916716876523));
#13703=CARTESIAN_POINT('',(-0.0875,-0.0226150906412849,-0.00170819805614562));
#13704=CARTESIAN_POINT('',(-0.104166666666667,-0.0298082855483649,-0.00106132801052619));
#13705=CARTESIAN_POINT('',(-0.118539444270058,-0.0360114569878035,-0.00050348885228715));
#13706=CARTESIAN_POINT('',(-0.118539444270058,-0.0360114569878035,-0.00050348885228715));
#13707=CARTESIAN_POINT('',(-0.104166666666667,-0.0298082855483649,-0.00106132801052619));
#13708=CARTESIAN_POINT('',(-0.120833333333333,-0.0370014804554448,-0.000414457964906759));
#13709=CARTESIAN_POINT('',(-0.121526234961589,-0.034609075752977,-0.000629602272688864));
#13710=CARTESIAN_POINT('',(-0.121526234961589,-0.034609075752977,-0.000629602272688864));
#13711=CARTESIAN_POINT('',(-0.120833333333333,-0.0370014804554448,-0.000414457964906759));
#13712=CARTESIAN_POINT('',(-0.122916666666667,-0.0298082855483649,-0.00106132801052619));
#13713=CARTESIAN_POINT('',(-0.124307098371745,-0.0250074953437527,-0.00149305374836352));
#13714=CARTESIAN_POINT('',(-0.124307098371745,-0.0250074953437527,-0.00149305374836352));
#13715=CARTESIAN_POINT('',(-0.122916666666667,-0.0298082855483649,-0.00106132801052619));
#13716=CARTESIAN_POINT('',(-0.125,-0.0226150906412849,-0.00170819805614562));
#13717=CARTESIAN_POINT('',(-0.122706110936725,-0.0216250671736436,-0.00179722894352601));
#13718=CARTESIAN_POINT('',(-0.122706110936725,-0.0216250671736436,-0.00179722894352601));
#13719=CARTESIAN_POINT('',(-0.125,-0.0226150906412849,-0.00170819805614562));
#13720=CARTESIAN_POINT('',(-0.108333333333333,-0.015421895734205,-0.00235506810176506));
#13721=CARTESIAN_POINT('',(-0.108333333333333,-0.015421895734205,-0.00235506810176506));
#13722=CARTESIAN_POINT('',(0.,-0.00131483800652962,-0.00362368840105314));
#13723=CARTESIAN_POINT('',(0.104166666666667,-0.0370014804554449,-0.000414457964906752));
#13724=CARTESIAN_POINT('',(0.0666666666666667,-0.0370014804554448,-0.000414457964906756));
#13725=CARTESIAN_POINT('',(0.0291666666666666,-0.0370014804554448,-0.000414457964906756));
#13726=CARTESIAN_POINT('',(-0.00833333333333335,-0.0370014804554448,-0.000414457964906759));
#13727=CARTESIAN_POINT('',(-0.129166666666667,-0.00822870082712501,-0.00300193814738448));
#13728=CARTESIAN_POINT('',(-0.128473765038411,-0.0106211055295928,-0.00278679383960238));
#13729=CARTESIAN_POINT('',(-0.128473765038411,-0.0106211055295928,-0.00278679383960238));
#13730=CARTESIAN_POINT('',(-0.129166666666667,-0.00822870082712501,-0.00300193814738448));
#13731=CARTESIAN_POINT('',(-0.131460555729941,-0.00921872429476631,-0.00291290726000409));
#13732=CARTESIAN_POINT('',(-0.131460555729941,-0.00921872429476631,-0.00291290726000409));
#13733=CARTESIAN_POINT('',(-0.127083333333333,-0.015421895734205,-0.00235506810176505));
#13734=CARTESIAN_POINT('',(-0.125692901628255,-0.0202226859388171,-0.00192334236392772));
#13735=CARTESIAN_POINT('',(-0.125692901628255,-0.0202226859388171,-0.00192334236392772));
#13736=CARTESIAN_POINT('',(-0.127083333333333,-0.015421895734205,-0.00235506810176505));
#13737=CARTESIAN_POINT('',(-0.125,-0.0226150906412849,-0.00170819805614563));
#13738=CARTESIAN_POINT('',(-0.127293889063275,-0.0236051141089262,-0.00161916716876523));
#13739=CARTESIAN_POINT('',(-0.127293889063275,-0.0236051141089262,-0.00161916716876523));
#13740=CARTESIAN_POINT('',(-0.125,-0.0226150906412849,-0.00170819805614563));
#13741=CARTESIAN_POINT('',(-0.138646944531637,-0.0285049985554155,-0.00117853007824085));
#13742=CARTESIAN_POINT('',(-0.15,-0.0334048830019048,-0.000737892987716475));
#13743=CARTESIAN_POINT('',(-0.15,-0.0334048830019048,-0.000737892987716475));
#13744=CARTESIAN_POINT('',(-0.138646944531637,-0.0285049985554155,-0.00117853007824085));
#13745=CARTESIAN_POINT('',(-0.15,-0.0253125387314399,-0.00146562178903833));
#13746=CARTESIAN_POINT('',(-0.15,-0.017220194460975,-0.00219335059036019));
#13747=CARTESIAN_POINT('',(-0.15,-0.017220194460975,-0.00219335059036019));
#13748=CARTESIAN_POINT('',(-0.15,-0.0253125387314399,-0.00146562178903833));
#13749=CARTESIAN_POINT('',(-0.140730277864971,-0.0132194593778706,-0.00255312892518214));
#13750=CARTESIAN_POINT('',(-0.140730277864971,-0.0132194593778706,-0.00255312892518214));
#13751=CARTESIAN_POINT('',(0.,-0.00131483800652962,-0.00362368840105314));
#13752=CARTESIAN_POINT('',(-0.0541666666666667,-0.00822870082712504,-0.00300193814738448));
#13753=CARTESIAN_POINT('',(-0.0534737650384112,-0.0106211055295928,-0.00278679383960238));
#13754=CARTESIAN_POINT('',(-0.0534737650384112,-0.0106211055295928,-0.00278679383960238));
#13755=CARTESIAN_POINT('',(-0.0541666666666667,-0.00822870082712504,-0.00300193814738448));
#13756=CARTESIAN_POINT('',(-0.0564605557299415,-0.0092187242947663,-0.00291290726000409));
#13757=CARTESIAN_POINT('',(-0.0564605557299415,-0.0092187242947663,-0.00291290726000409));
#13758=CARTESIAN_POINT('',(-0.0520833333333333,-0.015421895734205,-0.00235506810176506));
#13759=CARTESIAN_POINT('',(-0.0506929016282555,-0.0202226859388171,-0.00192334236392772));
#13760=CARTESIAN_POINT('',(-0.0506929016282555,-0.0202226859388171,-0.00192334236392772));
#13761=CARTESIAN_POINT('',(-0.0520833333333333,-0.015421895734205,-0.00235506810176506));
#13762=CARTESIAN_POINT('',(-0.05,-0.0226150906412849,-0.00170819805614562));
#13763=CARTESIAN_POINT('',(-0.0522938890632748,-0.0236051141089262,-0.00161916716876523));
#13764=CARTESIAN_POINT('',(-0.0522938890632748,-0.0236051141089262,-0.00161916716876523));
#13765=CARTESIAN_POINT('',(-0.05,-0.0226150906412849,-0.00170819805614562));
#13766=CARTESIAN_POINT('',(-0.0666666666666667,-0.0298082855483649,-0.00106132801052619));
#13767=CARTESIAN_POINT('',(-0.0810394442700586,-0.0360114569878035,-0.000503488852287147));
#13768=CARTESIAN_POINT('',(-0.0810394442700586,-0.0360114569878035,-0.000503488852287147));
#13769=CARTESIAN_POINT('',(-0.0666666666666667,-0.0298082855483649,-0.00106132801052619));
#13770=CARTESIAN_POINT('',(-0.0833333333333333,-0.0370014804554448,-0.000414457964906759));
#13771=CARTESIAN_POINT('',(-0.0840262349615888,-0.034609075752977,-0.000629602272688863));
#13772=CARTESIAN_POINT('',(-0.0840262349615888,-0.034609075752977,-0.000629602272688863));
#13773=CARTESIAN_POINT('',(-0.0833333333333333,-0.0370014804554448,-0.000414457964906759));
#13774=CARTESIAN_POINT('',(-0.0854166666666667,-0.0298082855483649,-0.00106132801052619));
#13775=CARTESIAN_POINT('',(-0.0868070983717446,-0.0250074953437527,-0.00149305374836352));
#13776=CARTESIAN_POINT('',(-0.0868070983717446,-0.0250074953437527,-0.00149305374836352));
#13777=CARTESIAN_POINT('',(-0.0854166666666667,-0.0298082855483649,-0.00106132801052619));
#13778=CARTESIAN_POINT('',(-0.0875,-0.0226150906412849,-0.00170819805614563));
#13779=CARTESIAN_POINT('',(-0.0852061109367252,-0.0216250671736436,-0.00179722894352601));
#13780=CARTESIAN_POINT('',(-0.0852061109367252,-0.0216250671736436,-0.00179722894352601));
#13781=CARTESIAN_POINT('',(-0.0875,-0.0226150906412849,-0.00170819805614563));
#13782=CARTESIAN_POINT('',(-0.0708333333333333,-0.015421895734205,-0.00235506810176506));
#13783=CARTESIAN_POINT('',(-0.0708333333333333,-0.015421895734205,-0.00235506810176506));
#13784=CARTESIAN_POINT('',(0.,-0.00131483800652962,-0.00362368840105314));
#13785=CARTESIAN_POINT('',(-0.0166666666666666,-0.00822870082712504,-0.00300193814738448));
#13786=CARTESIAN_POINT('',(-0.0159737650384112,-0.0106211055295928,-0.00278679383960238));
#13787=CARTESIAN_POINT('',(-0.0159737650384112,-0.0106211055295928,-0.00278679383960238));
#13788=CARTESIAN_POINT('',(-0.0166666666666666,-0.00822870082712504,-0.00300193814738448));
#13789=CARTESIAN_POINT('',(-0.0189605557299415,-0.00921872429476632,-0.00291290726000409));
#13790=CARTESIAN_POINT('',(-0.0189605557299415,-0.00921872429476632,-0.00291290726000409));
#13791=CARTESIAN_POINT('',(-0.0145833333333333,-0.015421895734205,-0.00235506810176505));
#13792=CARTESIAN_POINT('',(-0.0131929016282555,-0.0202226859388171,-0.00192334236392772));
#13793=CARTESIAN_POINT('',(-0.0131929016282555,-0.0202226859388171,-0.00192334236392772));
#13794=CARTESIAN_POINT('',(-0.0145833333333333,-0.015421895734205,-0.00235506810176505));
#13795=CARTESIAN_POINT('',(-0.0125,-0.0226150906412849,-0.00170819805614562));
#13796=CARTESIAN_POINT('',(-0.0147938890632748,-0.0236051141089262,-0.00161916716876523));
#13797=CARTESIAN_POINT('',(-0.0147938890632748,-0.0236051141089262,-0.00161916716876523));
#13798=CARTESIAN_POINT('',(-0.0125,-0.0226150906412849,-0.00170819805614562));
#13799=CARTESIAN_POINT('',(-0.0291666666666666,-0.0298082855483649,-0.00106132801052619));
#13800=CARTESIAN_POINT('',(-0.0435394442700585,-0.0360114569878035,-0.000503488852287148));
#13801=CARTESIAN_POINT('',(-0.0435394442700585,-0.0360114569878035,-0.000503488852287148));
#13802=CARTESIAN_POINT('',(-0.0291666666666666,-0.0298082855483649,-0.00106132801052619));
#13803=CARTESIAN_POINT('',(-0.0458333333333333,-0.0370014804554448,-0.000414457964906759));
#13804=CARTESIAN_POINT('',(-0.0465262349615888,-0.034609075752977,-0.000629602272688862));
#13805=CARTESIAN_POINT('',(-0.0465262349615888,-0.034609075752977,-0.000629602272688862));
#13806=CARTESIAN_POINT('',(-0.0458333333333333,-0.0370014804554448,-0.000414457964906759));
#13807=CARTESIAN_POINT('',(-0.0479166666666667,-0.0298082855483649,-0.00106132801052619));
#13808=CARTESIAN_POINT('',(-0.0493070983717446,-0.0250074953437527,-0.00149305374836352));
#13809=CARTESIAN_POINT('',(-0.0493070983717446,-0.0250074953437527,-0.00149305374836352));
#13810=CARTESIAN_POINT('',(-0.0479166666666667,-0.0298082855483649,-0.00106132801052619));
#13811=CARTESIAN_POINT('',(-0.05,-0.0226150906412849,-0.00170819805614562));
#13812=CARTESIAN_POINT('',(-0.0477061109367252,-0.0216250671736436,-0.00179722894352601));
#13813=CARTESIAN_POINT('',(-0.0477061109367252,-0.0216250671736436,-0.00179722894352601));
#13814=CARTESIAN_POINT('',(-0.05,-0.0226150906412849,-0.00170819805614562));
#13815=CARTESIAN_POINT('',(-0.0333333333333333,-0.015421895734205,-0.00235506810176505));
#13816=CARTESIAN_POINT('',(-0.0333333333333333,-0.015421895734205,-0.00235506810176505));
#13817=CARTESIAN_POINT('',(0.,-0.00131483800652962,-0.00362368840105314));
#13818=CARTESIAN_POINT('',(-0.0125,-0.0226150906412849,-0.00170819805614562));
#13819=CARTESIAN_POINT('',(-0.0102061109367252,-0.0216250671736436,-0.00179722894352601));
#13820=CARTESIAN_POINT('',(-0.0102061109367252,-0.0216250671736436,-0.00179722894352601));
#13821=CARTESIAN_POINT('',(-0.0125,-0.0226150906412849,-0.00170819805614562));
#13822=CARTESIAN_POINT('',(-0.0118070983717446,-0.0250074953437527,-0.00149305374836352));
#13823=CARTESIAN_POINT('',(-0.0118070983717446,-0.0250074953437527,-0.00149305374836352));
#13824=CARTESIAN_POINT('',(0.00416666666666666,-0.015421895734205,-0.00235506810176505));
#13825=CARTESIAN_POINT('',(0.0185394442700585,-0.00921872429476633,-0.00291290726000409));
#13826=CARTESIAN_POINT('',(0.0185394442700585,-0.00921872429476633,-0.00291290726000409));
#13827=CARTESIAN_POINT('',(0.00416666666666666,-0.015421895734205,-0.00235506810176505));
#13828=CARTESIAN_POINT('',(0.0208333333333333,-0.00822870082712504,-0.00300193814738448));
#13829=CARTESIAN_POINT('',(0.0215262349615888,-0.0106211055295928,-0.00278679383960238));
#13830=CARTESIAN_POINT('',(0.0215262349615888,-0.0106211055295928,-0.00278679383960238));
#13831=CARTESIAN_POINT('',(0.0208333333333333,-0.00822870082712504,-0.00300193814738448));
#13832=CARTESIAN_POINT('',(0.0229166666666667,-0.015421895734205,-0.00235506810176505));
#13833=CARTESIAN_POINT('',(0.0243070983717446,-0.0202226859388171,-0.00192334236392772));
#13834=CARTESIAN_POINT('',(0.0243070983717446,-0.0202226859388171,-0.00192334236392772));
#13835=CARTESIAN_POINT('',(0.0229166666666667,-0.015421895734205,-0.00235506810176505));
#13836=CARTESIAN_POINT('',(0.025,-0.0226150906412849,-0.00170819805614562));
#13837=CARTESIAN_POINT('',(0.0227061109367252,-0.0236051141089262,-0.00161916716876523));
#13838=CARTESIAN_POINT('',(0.0227061109367252,-0.0236051141089262,-0.00161916716876523));
#13839=CARTESIAN_POINT('',(0.025,-0.0226150906412849,-0.00170819805614562));
#13840=CARTESIAN_POINT('',(0.00833333333333332,-0.0298082855483649,-0.00106132801052619));
#13841=CARTESIAN_POINT('',(-0.00603944427005853,-0.0360114569878035,-0.000503488852287149));
#13842=CARTESIAN_POINT('',(-0.00603944427005853,-0.0360114569878035,-0.000503488852287149));
#13843=CARTESIAN_POINT('',(0.00833333333333332,-0.0298082855483649,-0.00106132801052619));
#13844=CARTESIAN_POINT('',(-0.00833333333333335,-0.0370014804554448,-0.000414457964906759));
#13845=CARTESIAN_POINT('',(-0.0090262349615888,-0.034609075752977,-0.000629602272688863));
#13846=CARTESIAN_POINT('',(-0.0090262349615888,-0.034609075752977,-0.000629602272688863));
#13847=CARTESIAN_POINT('',(-0.00833333333333335,-0.0370014804554448,-0.000414457964906759));
#13848=CARTESIAN_POINT('',(-0.0104166666666667,-0.0298082855483649,-0.00106132801052619));
#13849=CARTESIAN_POINT('',(-0.0104166666666667,-0.0298082855483649,-0.00106132801052619));
#13850=CARTESIAN_POINT('',(0.,-0.00131483800652962,-0.00362368840105314));
#13851=CARTESIAN_POINT('',(0.0458333333333333,-0.0298082855483649,-0.00106132801052619));
#13852=CARTESIAN_POINT('',(0.0314605557299414,-0.0360114569878036,-0.000503488852287145));
#13853=CARTESIAN_POINT('',(0.0314605557299414,-0.0360114569878036,-0.000503488852287145));
#13854=CARTESIAN_POINT('',(0.0458333333333333,-0.0298082855483649,-0.00106132801052619));
#13855=CARTESIAN_POINT('',(0.0602061109367252,-0.0236051141089262,-0.00161916716876523));
#13856=CARTESIAN_POINT('',(0.0602061109367252,-0.0236051141089262,-0.00161916716876523));
#13857=CARTESIAN_POINT('',(0.0291666666666666,-0.0370014804554449,-0.000414457964906755));
#13858=CARTESIAN_POINT('',(0.0284737650384112,-0.0346090757529771,-0.000629602272688859));
#13859=CARTESIAN_POINT('',(0.0284737650384112,-0.0346090757529771,-0.000629602272688859));
#13860=CARTESIAN_POINT('',(0.0291666666666666,-0.0370014804554449,-0.000414457964906755));
#13861=CARTESIAN_POINT('',(0.0270833333333333,-0.0298082855483649,-0.00106132801052619));
#13862=CARTESIAN_POINT('',(0.0256929016282555,-0.0250074953437527,-0.00149305374836352));
#13863=CARTESIAN_POINT('',(0.0256929016282555,-0.0250074953437527,-0.00149305374836352));
#13864=CARTESIAN_POINT('',(0.0270833333333333,-0.0298082855483649,-0.00106132801052619));
#13865=CARTESIAN_POINT('',(0.025,-0.0226150906412849,-0.00170819805614562));
#13866=CARTESIAN_POINT('',(0.0272938890632748,-0.0216250671736436,-0.00179722894352601));
#13867=CARTESIAN_POINT('',(0.0272938890632748,-0.0216250671736436,-0.00179722894352601));
#13868=CARTESIAN_POINT('',(0.025,-0.0226150906412849,-0.00170819805614562));
#13869=CARTESIAN_POINT('',(0.0416666666666667,-0.015421895734205,-0.00235506810176505));
#13870=CARTESIAN_POINT('',(0.0560394442700585,-0.00921872429476632,-0.00291290726000409));
#13871=CARTESIAN_POINT('',(0.0560394442700585,-0.00921872429476632,-0.00291290726000409));
#13872=CARTESIAN_POINT('',(0.0416666666666667,-0.015421895734205,-0.00235506810176505));
#13873=CARTESIAN_POINT('',(0.0583333333333333,-0.00822870082712503,-0.00300193814738448));
#13874=CARTESIAN_POINT('',(0.0590262349615888,-0.0106211055295928,-0.00278679383960238));
#13875=CARTESIAN_POINT('',(0.0590262349615888,-0.0106211055295928,-0.00278679383960238));
#13876=CARTESIAN_POINT('',(0.0583333333333333,-0.00822870082712503,-0.00300193814738448));
#13877=CARTESIAN_POINT('',(0.0604166666666667,-0.015421895734205,-0.00235506810176505));
#13878=CARTESIAN_POINT('',(0.0618070983717445,-0.0202226859388171,-0.00192334236392772));
#13879=CARTESIAN_POINT('',(0.0618070983717445,-0.0202226859388171,-0.00192334236392772));
#13880=CARTESIAN_POINT('',(0.0604166666666667,-0.015421895734205,-0.00235506810176505));
#13881=CARTESIAN_POINT('',(0.0625,-0.0226150906412849,-0.00170819805614562));
#13882=CARTESIAN_POINT('',(0.0625,-0.0226150906412849,-0.00170819805614562));
#13883=CARTESIAN_POINT('',(0.,-0.00131483800652962,-0.00362368840105314));
#13884=CARTESIAN_POINT('',(0.0833333333333333,-0.0298082855483649,-0.00106132801052619));
#13885=CARTESIAN_POINT('',(0.0689605557299415,-0.0360114569878036,-0.000503488852287146));
#13886=CARTESIAN_POINT('',(0.0689605557299415,-0.0360114569878036,-0.000503488852287146));
#13887=CARTESIAN_POINT('',(0.0833333333333333,-0.0298082855483649,-0.00106132801052619));
#13888=CARTESIAN_POINT('',(0.0977061109367252,-0.0236051141089262,-0.00161916716876523));
#13889=CARTESIAN_POINT('',(0.0977061109367252,-0.0236051141089262,-0.00161916716876523));
#13890=CARTESIAN_POINT('',(0.0666666666666667,-0.0370014804554449,-0.000414457964906754));
#13891=CARTESIAN_POINT('',(0.0659737650384112,-0.0346090757529771,-0.000629602272688861));
#13892=CARTESIAN_POINT('',(0.0659737650384112,-0.0346090757529771,-0.000629602272688861));
#13893=CARTESIAN_POINT('',(0.0666666666666667,-0.0370014804554449,-0.000414457964906754));
#13894=CARTESIAN_POINT('',(0.0645833333333333,-0.0298082855483649,-0.00106132801052619));
#13895=CARTESIAN_POINT('',(0.0631929016282554,-0.0250074953437527,-0.00149305374836351));
#13896=CARTESIAN_POINT('',(0.0631929016282554,-0.0250074953437527,-0.00149305374836351));
#13897=CARTESIAN_POINT('',(0.0645833333333333,-0.0298082855483649,-0.00106132801052619));
#13898=CARTESIAN_POINT('',(0.0625,-0.0226150906412849,-0.00170819805614562));
#13899=CARTESIAN_POINT('',(0.0647938890632748,-0.0216250671736436,-0.00179722894352601));
#13900=CARTESIAN_POINT('',(0.0647938890632748,-0.0216250671736436,-0.00179722894352601));
#13901=CARTESIAN_POINT('',(0.0625,-0.0226150906412849,-0.00170819805614562));
#13902=CARTESIAN_POINT('',(0.0791666666666667,-0.015421895734205,-0.00235506810176505));
#13903=CARTESIAN_POINT('',(0.0935394442700585,-0.00921872429476634,-0.00291290726000409));
#13904=CARTESIAN_POINT('',(0.0935394442700585,-0.00921872429476634,-0.00291290726000409));
#13905=CARTESIAN_POINT('',(0.0791666666666667,-0.015421895734205,-0.00235506810176505));
#13906=CARTESIAN_POINT('',(0.0958333333333333,-0.00822870082712505,-0.00300193814738448));
#13907=CARTESIAN_POINT('',(0.0965262349615888,-0.0106211055295928,-0.00278679383960238));
#13908=CARTESIAN_POINT('',(0.0965262349615888,-0.0106211055295928,-0.00278679383960238));
#13909=CARTESIAN_POINT('',(0.0958333333333333,-0.00822870082712505,-0.00300193814738448));
#13910=CARTESIAN_POINT('',(0.0979166666666667,-0.015421895734205,-0.00235506810176505));
#13911=CARTESIAN_POINT('',(0.0993070983717445,-0.0202226859388172,-0.00192334236392772));
#13912=CARTESIAN_POINT('',(0.0993070983717445,-0.0202226859388172,-0.00192334236392772));
#13913=CARTESIAN_POINT('',(0.0979166666666667,-0.015421895734205,-0.00235506810176505));
#13914=CARTESIAN_POINT('',(0.1,-0.0226150906412849,-0.00170819805614562));
#13915=CARTESIAN_POINT('',(0.1,-0.0226150906412849,-0.00170819805614562));
#13916=CARTESIAN_POINT('',(0.,-0.00131483800652962,-0.00362368840105314));
#13917=CARTESIAN_POINT('',(0.1,-0.0226150906412849,-0.00170819805614562));
#13918=CARTESIAN_POINT('',(0.102293889063275,-0.0216250671736436,-0.00179722894352601));
#13919=CARTESIAN_POINT('',(0.102293889063275,-0.0216250671736436,-0.00179722894352601));
#13920=CARTESIAN_POINT('',(0.1,-0.0226150906412849,-0.00170819805614562));
#13921=CARTESIAN_POINT('',(0.100692901628255,-0.0250074953437527,-0.00149305374836351));
#13922=CARTESIAN_POINT('',(0.100692901628255,-0.0250074953437527,-0.00149305374836351));
#13923=CARTESIAN_POINT('',(0.116666666666667,-0.015421895734205,-0.00235506810176505));
#13924=CARTESIAN_POINT('',(0.131039444270058,-0.00921872429476635,-0.00291290726000409));
#13925=CARTESIAN_POINT('',(0.131039444270058,-0.00921872429476635,-0.00291290726000409));
#13926=CARTESIAN_POINT('',(0.116666666666667,-0.015421895734205,-0.00235506810176505));
#13927=CARTESIAN_POINT('',(0.133333333333333,-0.00822870082712505,-0.00300193814738448));
#13928=CARTESIAN_POINT('',(0.134026234961589,-0.0106211055295928,-0.00278679383960237));
#13929=CARTESIAN_POINT('',(0.134026234961589,-0.0106211055295928,-0.00278679383960237));
#13930=CARTESIAN_POINT('',(0.133333333333333,-0.00822870082712505,-0.00300193814738448));
#13931=CARTESIAN_POINT('',(0.135416666666667,-0.015421895734205,-0.00235506810176505));
#13932=CARTESIAN_POINT('',(0.136807098371745,-0.0202226859388172,-0.00192334236392772));
#13933=CARTESIAN_POINT('',(0.136807098371745,-0.0202226859388172,-0.00192334236392772));
#13934=CARTESIAN_POINT('',(0.135416666666667,-0.015421895734205,-0.00235506810176505));
#13935=CARTESIAN_POINT('',(0.1375,-0.022615090641285,-0.00170819805614562));
#13936=CARTESIAN_POINT('',(0.135206110936725,-0.0236051141089262,-0.00161916716876522));
#13937=CARTESIAN_POINT('',(0.135206110936725,-0.0236051141089262,-0.00161916716876522));
#13938=CARTESIAN_POINT('',(0.1375,-0.022615090641285,-0.00170819805614562));
#13939=CARTESIAN_POINT('',(0.120833333333333,-0.0298082855483649,-0.00106132801052618));
#13940=CARTESIAN_POINT('',(0.106460555729941,-0.0360114569878036,-0.000503488852287144));
#13941=CARTESIAN_POINT('',(0.106460555729941,-0.0360114569878036,-0.000503488852287144));
#13942=CARTESIAN_POINT('',(0.120833333333333,-0.0298082855483649,-0.00106132801052618));
#13943=CARTESIAN_POINT('',(0.104166666666667,-0.0370014804554449,-0.000414457964906754));
#13944=CARTESIAN_POINT('',(0.103473765038411,-0.0346090757529771,-0.000629602272688858));
#13945=CARTESIAN_POINT('',(0.103473765038411,-0.0346090757529771,-0.000629602272688858));
#13946=CARTESIAN_POINT('',(0.104166666666667,-0.0370014804554449,-0.000414457964906754));
#13947=CARTESIAN_POINT('',(0.102083333333333,-0.0298082855483649,-0.00106132801052618));
#13948=CARTESIAN_POINT('',(0.102083333333333,-0.0298082855483649,-0.00106132801052618));
#13949=CARTESIAN_POINT('',(0.,-0.00131483800652962,-0.00362368840105314));
#13950=CARTESIAN_POINT('',(0.1375,-0.022615090641285,-0.00170819805614562));
#13951=CARTESIAN_POINT('',(0.139793889063275,-0.0216250671736437,-0.00179722894352601));
#13952=CARTESIAN_POINT('',(0.139793889063275,-0.0216250671736437,-0.00179722894352601));
#13953=CARTESIAN_POINT('',(0.1375,-0.022615090641285,-0.00170819805614562));
#13954=CARTESIAN_POINT('',(0.138192901628255,-0.0250074953437528,-0.00149305374836351));
#13955=CARTESIAN_POINT('',(0.138192901628255,-0.0250074953437528,-0.00149305374836351));
#13956=CARTESIAN_POINT('',(0.144896944531637,-0.0194226308173094,-0.00199528976694309));
#13957=CARTESIAN_POINT('',(0.15,-0.0172201944609751,-0.00219335059036019));
#13958=CARTESIAN_POINT('',(0.15,-0.0172201944609751,-0.00219335059036019));
#13959=CARTESIAN_POINT('',(0.144896944531637,-0.0194226308173094,-0.00199528976694309));
#13960=CARTESIAN_POINT('',(0.15,-0.02531253873144,-0.00146562178903833));
#13961=CARTESIAN_POINT('',(0.15,-0.0334048830019049,-0.000737892987716469));
#13962=CARTESIAN_POINT('',(0.15,-0.0334048830019049,-0.000737892987716469));
#13963=CARTESIAN_POINT('',(0.15,-0.02531253873144,-0.00146562178903833));
#13964=CARTESIAN_POINT('',(0.146980277864971,-0.0347081699948542,-0.000620690920001807));
#13965=CARTESIAN_POINT('',(0.143960555729941,-0.0360114569878036,-0.000503488852287144));
#13966=CARTESIAN_POINT('',(0.143960555729941,-0.0360114569878036,-0.000503488852287144));
#13967=CARTESIAN_POINT('',(0.146980277864971,-0.0347081699948542,-0.000620690920001807));
#13968=CARTESIAN_POINT('',(0.141666666666667,-0.0370014804554449,-0.000414457964906754));
#13969=CARTESIAN_POINT('',(0.140973765038411,-0.0346090757529771,-0.000629602272688857));
#13970=CARTESIAN_POINT('',(0.140973765038411,-0.0346090757529771,-0.000629602272688857));
#13971=CARTESIAN_POINT('',(0.141666666666667,-0.0370014804554449,-0.000414457964906754));
#13972=CARTESIAN_POINT('',(0.139583333333333,-0.0298082855483649,-0.00106132801052618));
#13973=CARTESIAN_POINT('',(0.139583333333333,-0.0298082855483649,-0.00106132801052618));
#13974=CARTESIAN_POINT('',(0.,-0.00131483800652962,-0.00362368840105314));
#13975=MECHANICAL_DESIGN_GEOMETRIC_PRESENTATION_REPRESENTATION('',(#7988),
#13976);
#13976=(
GEOMETRIC_REPRESENTATION_CONTEXT(3)
GLOBAL_UNCERTAINTY_ASSIGNED_CONTEXT((#13977))
GLOBAL_UNIT_ASSIGNED_CONTEXT((#13980,#13979,#13978))
REPRESENTATION_CONTEXT('Part 6','TOP_LEVEL_ASSEMBLY_PART')
);
#13977=UNCERTAINTY_MEASURE_WITH_UNIT(LENGTH_MEASURE(2.0000000000062E-5),
#13980,'DISTANCE_ACCURACY_VALUE','Maximum Tolerance applied to model');
#13978=(
NAMED_UNIT(*)
SI_UNIT($,.STERADIAN.)
SOLID_ANGLE_UNIT()
);
#13979=(
NAMED_UNIT(*)
PLANE_ANGLE_UNIT()
SI_UNIT($,.RADIAN.)
);
#13980=(
LENGTH_UNIT()
NAMED_UNIT(*)
SI_UNIT($,.METRE.)
);
#13981=PRODUCT_DEFINITION_SHAPE('','',#13982);
#13982=PRODUCT_DEFINITION('','',#13984,#13983);
#13983=PRODUCT_DEFINITION_CONTEXT('',#13990,'design');
#13984=PRODUCT_DEFINITION_FORMATION_WITH_SPECIFIED_SOURCE('','',#13986,
 .NOT_KNOWN.);
#13985=PRODUCT_RELATED_PRODUCT_CATEGORY('','',(#13986));
#13986=PRODUCT('Part 6','Part 6','Part 6',(#13988));
#13987=PRODUCT_CATEGORY('','');
#13988=PRODUCT_CONTEXT('',#13990,'mechanical');
#13989=APPLICATION_PROTOCOL_DEFINITION('international standard',
'ap242_managed_model_based_3d_engineering',2011,#13990);
#13990=APPLICATION_CONTEXT('managed model based 3d engineering');
ENDSEC;
END-ISO-10303-21;
